{"type":"FeatureCollection","crs":{"type":"name","properties":{"name":"EPSG:4326"}},"features":[{"type":"Feature","geometry":{"type":"Point","coordinates":[-78.3646421830013,39.2762029780031]},"properties":{"ID":"108970","NAME":"UNKNOWN108970","CITY":"GORE","STATE":"VA","COUNTY":"FREDERICK","TYPE":"SUBSTATION","STATUS":"IN SERVICE","LATITUDE":39.276202978000072,"LONGITUDE":-78.364642182999944,"LINES":-999999,"MAX_VOLT":-999999,"MIN_VOLT":-999999,"SOURCE":"http://wvgis.wvu.edu/data/data.php","SOURCEDATE":1396828800000,"VAL_METHOD":"IMAGERY","VAL_DATE":1444608000000}},{"type":"Feature","geometry":{"type":"Point","coordinates":[-82.8126291940017,36.8813928280031]},"properties":{"ID":"109418","NAME":"IMBODEN","CITY":"APPALACHIA","STATE":"VA","COUNTY":"WISE","TYPE":"SUBSTATION","STATUS":"IN SERVICE","LATITUDE":36.88139282800006,"LONGITUDE":-82.812629193999953,"LINES":7,"MAX_VOLT":161,"MIN_VOLT":69,"SOURCE":"IMAGERY, http://psc.ky.gov/pscecf/2016-00370/derek.rahn@lge-ku.com/02202017101534/2016_AG_DR2_KU_Attach_to_Q109.xls","SOURCEDATE":1397606400000,"VAL_METHOD":"IMAGERY","VAL_DATE":1549497600000}},{"type":"Feature","geometry":{"type":"Point","coordinates":[-83.1105638320017,36.726088120003]},"properties":{"ID":"109426","NAME":"UNKNOWN109426","CITY":"JONESVILLE","STATE":"VA","COUNTY":"LEE","TYPE":"SUBSTATION","STATUS":"IN SERVICE","LATITUDE":36.726088120000043,"LONGITUDE":-83.110563831999968,"LINES":1,"MAX_VOLT":-999999,"MIN_VOLT":-999999,"SOURCE":"IMAGERY","SOURCEDATE":1397606400000,"VAL_METHOD":"IMAGERY","VAL_DATE":1403654400000}},{"type":"Feature","geometry":{"type":"Point","coordinates":[-82.6467309060017,36.932991550003]},"properties":{"ID":"109430","NAME":"DORCHESTER","CITY":"NORTON","STATE":"VA","COUNTY":"NORTON","TYPE":"SUBSTATION","STATUS":"IN SERVICE","LATITUDE":36.932991550000054,"LONGITUDE":-82.646730905999959,"LINES":7,"MAX_VOLT":161,"MIN_VOLT":-999999,"SOURCE":"IMAGERY, http://psc.ky.gov/pscecf/2016-00370/derek.rahn@lge-ku.com/02202017101534/2016_AG_DR2_KU_Attach_to_Q109.xls","SOURCEDATE":1397606400000,"VAL_METHOD":"IMAGERY","VAL_DATE":1549497600000}},{"type":"Feature","geometry":{"type":"Point","coordinates":[-83.3824380240017,36.665036610003]},"properties":{"ID":"109487","NAME":"UNKNOWN109487","CITY":"ROSE HILL","STATE":"VA","COUNTY":"LEE","TYPE":"SUBSTATION","STATUS":"IN SERVICE","LATITUDE":36.665036610000072,"LONGITUDE":-83.382438023999953,"LINES":1,"MAX_VOLT":69,"MIN_VOLT":69,"SOURCE":"IMAGERY","SOURCEDATE":1397606400000,"VAL_METHOD":"IMAGERY","VAL_DATE":1403654400000}},{"type":"Feature","geometry":{"type":"Point","coordinates":[-81.8066426380016,37.0921404440031]},"properties":{"ID":"113073","NAME":"RICHLANDS","CITY":"RICHLANDS","STATE":"VA","COUNTY":"TAZEWELL","TYPE":"SUBSTATION","STATUS":"IN SERVICE","LATITUDE":37.092140444000052,"LONGITUDE":-81.806642637999971,"LINES":4,"MAX_VOLT":138,"MIN_VOLT":69,"SOURCE":"IMAGERY, https://aeptransmission.com/virginia/Tazewell-Bearwallow/docs/VOLUME%201%20(Exhibits%206%20through%2013).pdf","SOURCEDATE":1403654400000,"VAL_METHOD":"IMAGERY","VAL_DATE":1549411200000}},{"type":"Feature","geometry":{"type":"Point","coordinates":[-81.7754636680016,37.0452450750031]},"properties":{"ID":"113074","NAME":"CLAYPOOL HILL","CITY":"CEDAR BLUFF","STATE":"VA","COUNTY":"TAZEWELL","TYPE":"SUBSTATION","STATUS":"IN SERVICE","LATITUDE":37.045245075000025,"LONGITUDE":-81.775463667999986,"LINES":2,"MAX_VOLT":138,"MIN_VOLT":138,"SOURCE":"IMAGERY, https://aeptransmission.com/virginia/Tazewell-Bearwallow/docs/VOLUME%201%20(Exhibits%206%20through%2013).pdf","SOURCEDATE":1403654400000,"VAL_METHOD":"IMAGERY","VAL_DATE":1549411200000}},{"type":"Feature","geometry":{"type":"Point","coordinates":[-81.8156182830016,37.1737099440031]},"properties":{"ID":"113075","NAME":"SANDY RIDGE","CITY":"RICHLANDS","STATE":"VA","COUNTY":"TAZEWELL","TYPE":"SUBSTATION","STATUS":"IN SERVICE","LATITUDE":37.173709944000052,"LONGITUDE":-81.815618282999935,"LINES":1,"MAX_VOLT":69,"MIN_VOLT":69,"SOURCE":"IMAGERY, https://aeptransmission.com/virginia/Tazewell-Bearwallow/docs/VOLUME%201%20(Exhibits%206%20through%2013).pdf","SOURCEDATE":1403654400000,"VAL_METHOD":"IMAGERY","VAL_DATE":1549411200000}},{"type":"Feature","geometry":{"type":"Point","coordinates":[-81.7830456030016,37.1924258720031]},"properties":{"ID":"113076","NAME":"JEWELL RIDGE","CITY":"JEWELL RIDGE","STATE":"VA","COUNTY":"TAZEWELL","TYPE":"SUBSTATION","STATUS":"IN SERVICE","LATITUDE":37.192425872000058,"LONGITUDE":-81.783045602999948,"LINES":3,"MAX_VOLT":69,"MIN_VOLT":69,"SOURCE":"IMAGERY, https://aeptransmission.com/virginia/Tazewell-Bearwallow/docs/VOLUME%201%20(Exhibits%206%20through%2013).pdf","SOURCEDATE":1403654400000,"VAL_METHOD":"IMAGERY","VAL_DATE":1549411200000}},{"type":"Feature","geometry":{"type":"Point","coordinates":[-81.7928239190016,37.223098076003]},"properties":{"ID":"113077","NAME":"JEWELL BRANCH","CITY":"JEWELL RIDGE","STATE":"VA","COUNTY":"BUCHANAN","TYPE":"SUBSTATION","STATUS":"IN SERVICE","LATITUDE":37.223098076000042,"LONGITUDE":-81.792823918999943,"LINES":3,"MAX_VOLT":69,"MIN_VOLT":69,"SOURCE":"IMAGERY, https://aeptransmission.com/virginia/Tazewell-Bearwallow/docs/VOLUME%201%20(Exhibits%206%20through%2013).pdf","SOURCEDATE":1403654400000,"VAL_METHOD":"IMAGERY","VAL_DATE":1549411200000}},{"type":"Feature","geometry":{"type":"Point","coordinates":[-81.8018623310016,37.2354220880031]},"properties":{"ID":"113078","NAME":"UNKNOWN113078","CITY":"JEWELL RIDGE","STATE":"VA","COUNTY":"BUCHANAN","TYPE":"SUBSTATION","STATUS":"IN SERVICE","LATITUDE":37.235422088000064,"LONGITUDE":-81.801862330999938,"LINES":1,"MAX_VOLT":69,"MIN_VOLT":69,"SOURCE":"IMAGERY","SOURCEDATE":1403654400000,"VAL_METHOD":"IMAGERY","VAL_DATE":1403654400000}},{"type":"Feature","geometry":{"type":"Point","coordinates":[-81.4958515190016,37.1354887660031]},"properties":{"ID":"113080","NAME":"BUCKHORN","CITY":"NORTH TAZEWELL","STATE":"VA","COUNTY":"TAZEWELL","TYPE":"SUBSTATION","STATUS":"IN SERVICE","LATITUDE":37.135488766000037,"LONGITUDE":-81.495851518999984,"LINES":2,"MAX_VOLT":138,"MIN_VOLT":138,"SOURCE":"IMAGERY, https://aeptransmission.com/virginia/Tazewell-Bearwallow/docs/VOLUME%201%20(Exhibits%206%20through%2013).pdf","SOURCEDATE":1403654400000,"VAL_METHOD":"IMAGERY","VAL_DATE":1549411200000}},{"type":"Feature","geometry":{"type":"Point","coordinates":[-81.3139537410016,37.2366615250031]},"properties":{"ID":"113081","NAME":"LONESOME PINE","CITY":"BLUEFIELD","STATE":"VA","COUNTY":"TAZEWELL","TYPE":"SUBSTATION","STATUS":"IN SERVICE","LATITUDE":37.236661525000045,"LONGITUDE":-81.313953740999978,"LINES":2,"MAX_VOLT":138,"MIN_VOLT":138,"SOURCE":"IMAGERY, https://aeptransmission.com/virginia/Tazewell-Bearwallow/docs/VOLUME%201%20(Exhibits%206%20through%2013).pdf","SOURCEDATE":1403654400000,"VAL_METHOD":"IMAGERY","VAL_DATE":1549411200000}},{"type":"Feature","geometry":{"type":"Point","coordinates":[-82.1828340680016,36.9833481640031]},"properties":{"ID":"113087","NAME":"CLINCHFIELD","CITY":"CLEVELAND","STATE":"VA","COUNTY":"RUSSELL","TYPE":"SUBSTATION","STATUS":"IN SERVICE","LATITUDE":36.983348164000063,"LONGITUDE":-82.182834067999977,"LINES":4,"MAX_VOLT":138,"MIN_VOLT":-999999,"SOURCE":"IMAGERY, https://aeptransmission.com/virginia/Tazewell-Bearwallow/docs/VOLUME%201%20(Exhibits%206%20through%2013).pdf","SOURCEDATE":1403740800000,"VAL_METHOD":"IMAGERY","VAL_DATE":1549411200000}},{"type":"Feature","geometry":{"type":"Point","coordinates":[-82.0690529220016,37.1139782810031]},"properties":{"ID":"113088","NAME":"FLETCHERS RIDGE","CITY":"VANSANT","STATE":"VA","COUNTY":"BUCHANAN","TYPE":"SUBSTATION","STATUS":"IN SERVICE","LATITUDE":37.113978281000072,"LONGITUDE":-82.069052921999969,"LINES":2,"MAX_VOLT":138,"MIN_VOLT":138,"SOURCE":"IMAGERY, https://aeptransmission.com/virginia/Tazewell-Bearwallow/docs/VOLUME%201%20(Exhibits%206%20through%2013).pdf","SOURCEDATE":1403740800000,"VAL_METHOD":"IMAGERY","VAL_DATE":1549411200000}},{"type":"Feature","geometry":{"type":"Point","coordinates":[-81.9430805330016,37.2605180050031]},"properties":{"ID":"113089","NAME":"HALES BRANCH","CITY":"OAKWOOD","STATE":"VA","COUNTY":"BUCHANAN","TYPE":"SUBSTATION","STATUS":"IN SERVICE","LATITUDE":37.260518005000051,"LONGITUDE":-81.943080532999943,"LINES":6,"MAX_VOLT":138,"MIN_VOLT":69,"SOURCE":"IMAGERY, https://aeptransmission.com/virginia/Tazewell-Bearwallow/docs/VOLUME%201%20(Exhibits%206%20through%2013).pdf","SOURCEDATE":1403740800000,"VAL_METHOD":"IMAGERY","VAL_DATE":1549411200000}},{"type":"Feature","geometry":{"type":"Point","coordinates":[-81.9283230170016,37.2467430770031]},"properties":{"ID":"113090","NAME":"JEWELL SMOKELESS C AND C COAL CO","CITY":"PILGRIMS KNOB","STATE":"VA","COUNTY":"BUCHANAN","TYPE":"SUBSTATION","STATUS":"IN SERVICE","LATITUDE":37.246743077000076,"LONGITUDE":-81.928323016999968,"LINES":1,"MAX_VOLT":69,"MIN_VOLT":69,"SOURCE":"IMAGERY","SOURCEDATE":1403740800000,"VAL_METHOD":"IMAGERY","VAL_DATE":1549411200000}},{"type":"Feature","geometry":{"type":"Point","coordinates":[-81.9038173640016,37.2134887620031]},"properties":{"ID":"113091","NAME":"SHACK MILLS STATION","CITY":"RAVEN","STATE":"VA","COUNTY":"BUCHANAN","TYPE":"SUBSTATION","STATUS":"IN SERVICE","LATITUDE":37.213488762000054,"LONGITUDE":-81.903817363999963,"LINES":2,"MAX_VOLT":138,"MIN_VOLT":138,"SOURCE":"IMAGERY, https://aeptransmission.com/virginia/Tazewell-Bearwallow/docs/VOLUME%201%20(Exhibits%206%20through%2013).pdf","SOURCEDATE":1403740800000,"VAL_METHOD":"IMAGERY","VAL_DATE":1549411200000}},{"type":"Feature","geometry":{"type":"Point","coordinates":[-81.9225407520016,37.174664831003]},"properties":{"ID":"113092","NAME":"KEAN MTN AND GRASSY CREEK","CITY":"RAVEN","STATE":"VA","COUNTY":"BUCHANAN","TYPE":"SUBSTATION","STATUS":"IN SERVICE","LATITUDE":37.17466483100003,"LONGITUDE":-81.922540751999975,"LINES":2,"MAX_VOLT":138,"MIN_VOLT":138,"SOURCE":"IMAGERY, https://aeptransmission.com/virginia/Tazewell-Bearwallow/docs/VOLUME%201%20(Exhibits%206%20through%2013).pdf","SOURCEDATE":1403740800000,"VAL_METHOD":"IMAGERY","VAL_DATE":1549411200000}},{"type":"Feature","geometry":{"type":"Point","coordinates":[-81.9610549850016,37.175484119003]},"properties":{"ID":"113093","NAME":"BUCHANAN GENERATION LLC","CITY":"OAKWOOD","STATE":"VA","COUNTY":"BUCHANAN","TYPE":"SUBSTATION","STATUS":"IN SERVICE","LATITUDE":37.175484119000032,"LONGITUDE":-81.961054984999976,"LINES":2,"MAX_VOLT":138,"MIN_VOLT":138,"SOURCE":"IMAGERY, EIA 860","SOURCEDATE":1403740800000,"VAL_METHOD":"IMAGERY","VAL_DATE":1622505600000}},{"type":"Feature","geometry":{"type":"Point","coordinates":[-82.0944303100016,37.315534781003]},"properties":{"ID":"113094","NAME":"LOONEY CREEK","CITY":"GRUNDY","STATE":"VA","COUNTY":"BUCHANAN","TYPE":"SUBSTATION","STATUS":"IN SERVICE","LATITUDE":37.315534781000053,"LONGITUDE":-82.09443030999995,"LINES":4,"MAX_VOLT":138,"MIN_VOLT":69,"SOURCE":"IMAGERY, https://aeptransmission.com/virginia/Tazewell-Bearwallow/docs/VOLUME%201%20(Exhibits%206%20through%2013).pdf","SOURCEDATE":1403740800000,"VAL_METHOD":"IMAGERY","VAL_DATE":1549411200000}},{"type":"Feature","geometry":{"type":"Point","coordinates":[-82.1246326320016,37.3011980100031]},"properties":{"ID":"113095","NAME":"GRUNDY","CITY":"GRUNDY","STATE":"VA","COUNTY":"BUCHANAN","TYPE":"SUBSTATION","STATUS":"IN SERVICE","LATITUDE":37.301198010000064,"LONGITUDE":-82.124632631999987,"LINES":3,"MAX_VOLT":69,"MIN_VOLT":69,"SOURCE":"IMAGERY, https://aeptransmission.com/virginia/Tazewell-Bearwallow/docs/VOLUME%201%20(Exhibits%206%20through%2013).pdf","SOURCEDATE":1403740800000,"VAL_METHOD":"IMAGERY","VAL_DATE":1549411200000}},{"type":"Feature","geometry":{"type":"Point","coordinates":[-82.7619983000017,36.7317336510031]},"properties":{"ID":"113962","NAME":"UNKNOWN113962","CITY":"DUFFIELD","STATE":"VA","COUNTY":"SCOTT","TYPE":"SUBSTATION","STATUS":"IN SERVICE","LATITUDE":36.73173365100007,"LONGITUDE":-82.761998299999959,"LINES":2,"MAX_VOLT":-999999,"MIN_VOLT":-999999,"SOURCE":"IMAGERY","SOURCEDATE":1403827200000,"VAL_METHOD":"IMAGERY","VAL_DATE":1403827200000}},{"type":"Feature","geometry":{"type":"Point","coordinates":[-82.5679119500016,36.6437725920031]},"properties":{"ID":"113963","NAME":"UNKNOWN113963","CITY":"GATE CITY","STATE":"VA","COUNTY":"SCOTT","TYPE":"SUBSTATION","STATUS":"IN SERVICE","LATITUDE":36.643772592000062,"LONGITUDE":-82.567911949999939,"LINES":1,"MAX_VOLT":-999999,"MIN_VOLT":-999999,"SOURCE":"IMAGERY","SOURCEDATE":1403827200000,"VAL_METHOD":"IMAGERY","VAL_DATE":1403827200000}},{"type":"Feature","geometry":{"type":"Point","coordinates":[-82.3964484090016,37.129821096003]},"properties":{"ID":"113964","NAME":"FREEMONT","CITY":"CLINTWOOD","STATE":"VA","COUNTY":"DICKENSON","TYPE":"SUBSTATION","STATUS":"IN SERVICE","LATITUDE":37.129821096000057,"LONGITUDE":-82.396448408999959,"LINES":7,"MAX_VOLT":138,"MIN_VOLT":-999999,"SOURCE":"IMAGERY, http://www.pjm.com/-/media/markets-ops/trans-service/trans-fac/aepsct.ashx","SOURCEDATE":1403827200000,"VAL_METHOD":"IMAGERY","VAL_DATE":1508371200000}},{"type":"Feature","geometry":{"type":"Point","coordinates":[-82.4256019620017,37.153858411003]},"properties":{"ID":"113965","NAME":"LOCKHART","CITY":"CLINTWOOD","STATE":"VA","COUNTY":"DICKENSON","TYPE":"SUBSTATION","STATUS":"IN SERVICE","LATITUDE":37.153858411000044,"LONGITUDE":-82.425601961999973,"LINES":2,"MAX_VOLT":138,"MIN_VOLT":138,"SOURCE":"IMAGERY, https://aeptransmission.com/virginia/Tazewell-Bearwallow/docs/VOLUME%201%20(Exhibits%206%20through%2013).pdf","SOURCEDATE":1403827200000,"VAL_METHOD":"IMAGERY","VAL_DATE":1549411200000}},{"type":"Feature","geometry":{"type":"Point","coordinates":[-82.3564328430016,37.151894166003]},"properties":{"ID":"113966","NAME":"MOSS","CITY":"CLINCHCO","STATE":"VA","COUNTY":"DICKENSON","TYPE":"SUBSTATION","STATUS":"IN SERVICE","LATITUDE":37.151894166000034,"LONGITUDE":-82.356432842999936,"LINES":2,"MAX_VOLT":69,"MIN_VOLT":69,"SOURCE":"IMAGERY, https://aeptransmission.com/virginia/Tazewell-Bearwallow/docs/VOLUME%201%20(Exhibits%206%20through%2013).pdf","SOURCEDATE":1403827200000,"VAL_METHOD":"IMAGERY","VAL_DATE":1549411200000}},{"type":"Feature","geometry":{"type":"Point","coordinates":[-82.7838803100017,36.9532005340031]},"properties":{"ID":"113968","NAME":"UNKNOWN113968","CITY":"APPALACHIA","STATE":"VA","COUNTY":"WISE","TYPE":"SUBSTATION","STATUS":"IN SERVICE","LATITUDE":36.953200534000075,"LONGITUDE":-82.783880309999972,"LINES":1,"MAX_VOLT":69,"MIN_VOLT":69,"SOURCE":"IMAGERY","SOURCEDATE":1403827200000,"VAL_METHOD":"IMAGERY","VAL_DATE":1403827200000}},{"type":"Feature","geometry":{"type":"Point","coordinates":[-82.7878997490017,36.887150200003]},"properties":{"ID":"113969","NAME":"UNKNOWN113969","CITY":"APPALACHIA","STATE":"VA","COUNTY":"WISE","TYPE":"SUBSTATION","STATUS":"IN SERVICE","LATITUDE":36.887150200000065,"LONGITUDE":-82.787899748999962,"LINES":2,"MAX_VOLT":138,"MIN_VOLT":138,"SOURCE":"IMAGERY","SOURCEDATE":1403827200000,"VAL_METHOD":"IMAGERY","VAL_DATE":1403827200000}},{"type":"Feature","geometry":{"type":"Point","coordinates":[-81.5233976350016,36.8235577650031]},"properties":{"ID":"113971","NAME":"UNKNOWN113971","CITY":"MARION","STATE":"VA","COUNTY":"SMYTH","TYPE":"SUBSTATION","STATUS":"IN SERVICE","LATITUDE":36.823557765000032,"LONGITUDE":-81.523397634999981,"LINES":2,"MAX_VOLT":138,"MIN_VOLT":138,"SOURCE":"IMAGERY","SOURCEDATE":1403827200000,"VAL_METHOD":"IMAGERY","VAL_DATE":1403827200000}},{"type":"Feature","geometry":{"type":"Point","coordinates":[-81.8709781040016,36.7615180410031]},"properties":{"ID":"113972","NAME":"UNKNOWN113972","CITY":"MEADOWVIEW","STATE":"VA","COUNTY":"WASHINGTON","TYPE":"SUBSTATION","STATUS":"IN SERVICE","LATITUDE":36.761518041000045,"LONGITUDE":-81.87097810399996,"LINES":3,"MAX_VOLT":138,"MIN_VOLT":-999999,"SOURCE":"IMAGERY","SOURCEDATE":1403827200000,"VAL_METHOD":"IMAGERY","VAL_DATE":1403827200000}},{"type":"Feature","geometry":{"type":"Point","coordinates":[-82.1038986670016,36.6635920360031]},"properties":{"ID":"113973","NAME":"WOLF HILLS ENERGY","CITY":"BRISTOL","STATE":"VA","COUNTY":"WASHINGTON","TYPE":"SUBSTATION","STATUS":"IN SERVICE","LATITUDE":36.663592036000068,"LONGITUDE":-82.103898666999953,"LINES":6,"MAX_VOLT":138,"MIN_VOLT":138,"SOURCE":"IMAGERY, EIA 860","SOURCEDATE":1403827200000,"VAL_METHOD":"IMAGERY","VAL_DATE":1622505600000}},{"type":"Feature","geometry":{"type":"Point","coordinates":[-82.6048400930017,36.9483028490031]},"properties":{"ID":"114100","NAME":"UNKNOWN114100","CITY":"NORTON","STATE":"VA","COUNTY":"NORTON","TYPE":"SUBSTATION","STATUS":"IN SERVICE","LATITUDE":36.948302849000072,"LONGITUDE":-82.60484009299995,"LINES":-999999,"MAX_VOLT":-999999,"MIN_VOLT":-999999,"SOURCE":"IMAGERY","SOURCEDATE":1404086400000,"VAL_METHOD":"IMAGERY","VAL_DATE":1404086400000}},{"type":"Feature","geometry":{"type":"Point","coordinates":[-82.4733609920017,36.9518056910031]},"properties":{"ID":"114101","NAME":"UNKNOWN114101","CITY":"COEBURN","STATE":"VA","COUNTY":"WISE","TYPE":"SUBSTATION","STATUS":"IN SERVICE","LATITUDE":36.951805691000061,"LONGITUDE":-82.473360991999982,"LINES":2,"MAX_VOLT":138,"MIN_VOLT":138,"SOURCE":"IMAGERY","SOURCEDATE":1404086400000,"VAL_METHOD":"IMAGERY","VAL_DATE":1404086400000}},{"type":"Feature","geometry":{"type":"Point","coordinates":[-82.3370363580017,36.9134921340031]},"properties":{"ID":"114102","NAME":"UNKNOWN114102","CITY":"SAINT PAUL","STATE":"VA","COUNTY":"WISE","TYPE":"SUBSTATION","STATUS":"IN SERVICE","LATITUDE":36.91349213400008,"LONGITUDE":-82.337036357999978,"LINES":3,"MAX_VOLT":138,"MIN_VOLT":138,"SOURCE":"IMAGERY","SOURCEDATE":1404086400000,"VAL_METHOD":"IMAGERY","VAL_DATE":1404086400000}},{"type":"Feature","geometry":{"type":"Point","coordinates":[-82.3380057670017,36.9180811620031]},"properties":{"ID":"114171","NAME":"UNKNOWN114171","CITY":"SAINT PAUL","STATE":"VA","COUNTY":"WISE","TYPE":"SUBSTATION","STATUS":"IN SERVICE","LATITUDE":36.918081162000078,"LONGITUDE":-82.33800576699997,"LINES":3,"MAX_VOLT":138,"MIN_VOLT":138,"SOURCE":"IMAGERY","SOURCEDATE":1404086400000,"VAL_METHOD":"IMAGERY","VAL_DATE":1404086400000}},{"type":"Feature","geometry":{"type":"Point","coordinates":[-82.3121485880016,36.9108041680031]},"properties":{"ID":"114172","NAME":"UNKNOWN114172","CITY":"SAINT PAUL","STATE":"VA","COUNTY":"WISE","TYPE":"SUBSTATION","STATUS":"IN SERVICE","LATITUDE":36.910804168000027,"LONGITUDE":-82.312148587999957,"LINES":2,"MAX_VOLT":138,"MIN_VOLT":138,"SOURCE":"IMAGERY","SOURCEDATE":1404086400000,"VAL_METHOD":"IMAGERY","VAL_DATE":1404086400000}},{"type":"Feature","geometry":{"type":"Point","coordinates":[-81.7095261510016,36.7928198470031]},"properties":{"ID":"114175","NAME":"UNKNOWN114175","CITY":"GLADE SPRING","STATE":"VA","COUNTY":"WASHINGTON","TYPE":"SUBSTATION","STATUS":"IN SERVICE","LATITUDE":36.792819847000032,"LONGITUDE":-81.709526150999977,"LINES":2,"MAX_VOLT":-999999,"MIN_VOLT":-999999,"SOURCE":"IMAGERY","SOURCEDATE":1404172800000,"VAL_METHOD":"IMAGERY","VAL_DATE":1404172800000}},{"type":"Feature","geometry":{"type":"Point","coordinates":[-79.9720908280015,37.4499128310031]},"properties":{"ID":"114181","NAME":"UNKNOWN114181","CITY":"TROUTVILLE","STATE":"VA","COUNTY":"BOTETOURT","TYPE":"SUBSTATION","STATUS":"IN SERVICE","LATITUDE":37.449912831000063,"LONGITUDE":-79.972090827999978,"LINES":4,"MAX_VOLT":138,"MIN_VOLT":-999999,"SOURCE":"IMAGERY","SOURCEDATE":1404259200000,"VAL_METHOD":"IMAGERY","VAL_DATE":1404259200000}},{"type":"Feature","geometry":{"type":"Point","coordinates":[-79.3643615850014,37.4066101860032]},"properties":{"ID":"114182","NAME":"UNKNOWN114182","CITY":"FOREST","STATE":"VA","COUNTY":"BEDFORD","TYPE":"SUBSTATION","STATUS":"IN SERVICE","LATITUDE":37.40661018600008,"LONGITUDE":-79.364361584999983,"LINES":2,"MAX_VOLT":138,"MIN_VOLT":138,"SOURCE":"IMAGERY","SOURCEDATE":1404259200000,"VAL_METHOD":"IMAGERY","VAL_DATE":1404259200000}},{"type":"Feature","geometry":{"type":"Point","coordinates":[-79.9020893580015,37.4549259110031]},"properties":{"ID":"114183","NAME":"UNKNOWN114183","CITY":"TROUTVILLE","STATE":"VA","COUNTY":"BOTETOURT","TYPE":"SUBSTATION","STATUS":"IN SERVICE","LATITUDE":37.454925911000032,"LONGITUDE":-79.902089357999955,"LINES":3,"MAX_VOLT":115,"MIN_VOLT":-999999,"SOURCE":"IMAGERY","SOURCEDATE":1404259200000,"VAL_METHOD":"IMAGERY","VAL_DATE":1404259200000}},{"type":"Feature","geometry":{"type":"Point","coordinates":[-79.5427049280015,37.7497703760032]},"properties":{"ID":"114184","NAME":"UNKNOWN114184","CITY":"LEXINGTON","STATE":"VA","COUNTY":"ROCKBRIDGE","TYPE":"SUBSTATION","STATUS":"IN SERVICE","LATITUDE":37.749770376000072,"LONGITUDE":-79.542704927999978,"LINES":1,"MAX_VOLT":115,"MIN_VOLT":115,"SOURCE":"IMAGERY","SOURCEDATE":1404259200000,"VAL_METHOD":"IMAGERY","VAL_DATE":1404259200000}},{"type":"Feature","geometry":{"type":"Point","coordinates":[-79.8511232440015,36.7019919140032]},"properties":{"ID":"114441","NAME":"UNKNOWN114441","CITY":"MARTINSVILLE","STATE":"VA","COUNTY":"MARTINSVILLE","TYPE":"SUBSTATION","STATUS":"IN SERVICE","LATITUDE":36.701991914000075,"LONGITUDE":-79.85112324399995,"LINES":6,"MAX_VOLT":-999999,"MIN_VOLT":-999999,"SOURCE":"IMAGERY","SOURCEDATE":1404777600000,"VAL_METHOD":"IMAGERY","VAL_DATE":1404777600000}},{"type":"Feature","geometry":{"type":"Point","coordinates":[-79.3975700930014,36.6316760320032]},"properties":{"ID":"114444","NAME":"DANVILLE NEW DESIGN PLANT","CITY":"DANVILLE","STATE":"VA","COUNTY":"DANVILLE","TYPE":"SUBSTATION","STATUS":"IN SERVICE","LATITUDE":36.63167603200003,"LONGITUDE":-79.397570092999956,"LINES":3,"MAX_VOLT":69,"MIN_VOLT":-999999,"SOURCE":"IMAGERY, EIA 860","SOURCEDATE":1404777600000,"VAL_METHOD":"IMAGERY","VAL_DATE":1622505600000}},{"type":"Feature","geometry":{"type":"Point","coordinates":[-79.4158729070014,36.6693511080032]},"properties":{"ID":"114445","NAME":"UNKNOWN114445","CITY":"DANVILLE","STATE":"VA","COUNTY":"PITTSYLVANIA","TYPE":"SUBSTATION","STATUS":"IN SERVICE","LATITUDE":36.669351108000058,"LONGITUDE":-79.415872906999937,"LINES":3,"MAX_VOLT":69,"MIN_VOLT":-999999,"SOURCE":"IMAGERY","SOURCEDATE":1404777600000,"VAL_METHOD":"IMAGERY","VAL_DATE":1404777600000}},{"type":"Feature","geometry":{"type":"Point","coordinates":[-79.3980530080015,36.5961981820032]},"properties":{"ID":"114446","NAME":"UNKNOWN114446","CITY":"DANVILLE","STATE":"VA","COUNTY":"DANVILLE","TYPE":"SUBSTATION","STATUS":"IN SERVICE","LATITUDE":36.59619818200008,"LONGITUDE":-79.398053007999977,"LINES":6,"MAX_VOLT":138,"MIN_VOLT":69,"SOURCE":"IMAGERY","SOURCEDATE":1404777600000,"VAL_METHOD":"IMAGERY","VAL_DATE":1404777600000}},{"type":"Feature","geometry":{"type":"Point","coordinates":[-79.4151762910014,36.6026624620032]},"properties":{"ID":"114447","NAME":"UNKNOWN114447","CITY":"DANVILLE","STATE":"VA","COUNTY":"DANVILLE","TYPE":"SUBSTATION","STATUS":"IN SERVICE","LATITUDE":36.602662462000069,"LONGITUDE":-79.415176290999966,"LINES":2,"MAX_VOLT":69,"MIN_VOLT":69,"SOURCE":"IMAGERY","SOURCEDATE":1404777600000,"VAL_METHOD":"IMAGERY","VAL_DATE":1404777600000}},{"type":"Feature","geometry":{"type":"Point","coordinates":[-79.4577456990015,36.6065677900031]},"properties":{"ID":"114448","NAME":"DANVILLE WESTOVER PLANT","CITY":"DANVILLE","STATE":"VA","COUNTY":"DANVILLE","TYPE":"SUBSTATION","STATUS":"IN SERVICE","LATITUDE":36.606567790000042,"LONGITUDE":-79.457745698999986,"LINES":2,"MAX_VOLT":69,"MIN_VOLT":69,"SOURCE":"IMAGERY, EIA 860","SOURCEDATE":1404777600000,"VAL_METHOD":"IMAGERY","VAL_DATE":1622505600000}},{"type":"Feature","geometry":{"type":"Point","coordinates":[-79.3880083880014,36.5879968780032]},"properties":{"ID":"114449","NAME":"UNKNOWN114449","CITY":"DANVILLE","STATE":"VA","COUNTY":"DANVILLE","TYPE":"SUBSTATION","STATUS":"IN SERVICE","LATITUDE":36.58799687800007,"LONGITUDE":-79.388008387999946,"LINES":2,"MAX_VOLT":69,"MIN_VOLT":-999999,"SOURCE":"IMAGERY","SOURCEDATE":1404777600000,"VAL_METHOD":"IMAGERY","VAL_DATE":1404777600000}},{"type":"Feature","geometry":{"type":"Point","coordinates":[-79.3785595800014,36.5765053380032]},"properties":{"ID":"114450","NAME":"UNKNOWN114450","CITY":"DANVILLE","STATE":"VA","COUNTY":"DANVILLE","TYPE":"SUBSTATION","STATUS":"IN SERVICE","LATITUDE":36.576505338000061,"LONGITUDE":-79.378559579999944,"LINES":3,"MAX_VOLT":138,"MIN_VOLT":138,"SOURCE":"IMAGERY","SOURCEDATE":1404777600000,"VAL_METHOD":"IMAGERY","VAL_DATE":1404777600000}},{"type":"Feature","geometry":{"type":"Point","coordinates":[-79.4596286810014,36.5473675650032]},"properties":{"ID":"114451","NAME":"UNKNOWN114451","CITY":"DANVILLE","STATE":"VA","COUNTY":"DANVILLE","TYPE":"SUBSTATION","STATUS":"IN SERVICE","LATITUDE":36.547367565000059,"LONGITUDE":-79.45962868099997,"LINES":2,"MAX_VOLT":-999999,"MIN_VOLT":-999999,"SOURCE":"IMAGERY","SOURCEDATE":1404864000000,"VAL_METHOD":"IMAGERY","VAL_DATE":1404864000000}},{"type":"Feature","geometry":{"type":"Point","coordinates":[-79.4285313860015,36.5741806010032]},"properties":{"ID":"114452","NAME":"UNKNOWN114452","CITY":"DANVILLE","STATE":"VA","COUNTY":"DANVILLE","TYPE":"SUBSTATION","STATUS":"IN SERVICE","LATITUDE":36.57418060100008,"LONGITUDE":-79.428531385999975,"LINES":3,"MAX_VOLT":-999999,"MIN_VOLT":-999999,"SOURCE":"IMAGERY","SOURCEDATE":1404864000000,"VAL_METHOD":"IMAGERY","VAL_DATE":1404864000000}},{"type":"Feature","geometry":{"type":"Point","coordinates":[-79.3378909790014,36.6024845990032]},"properties":{"ID":"114453","NAME":"UNKNOWN114453","CITY":"DANVILLE","STATE":"VA","COUNTY":"PITTSYLVANIA","TYPE":"SUBSTATION","STATUS":"IN SERVICE","LATITUDE":36.602484599000036,"LONGITUDE":-79.337890978999951,"LINES":3,"MAX_VOLT":138,"MIN_VOLT":-999999,"SOURCE":"IMAGERY","SOURCEDATE":1404864000000,"VAL_METHOD":"IMAGERY","VAL_DATE":1404864000000}},{"type":"Feature","geometry":{"type":"Point","coordinates":[-79.6207334950015,36.6194374440031]},"properties":{"ID":"114454","NAME":"UNKNOWN114454","CITY":"CASCADE","STATE":"VA","COUNTY":"PITTSYLVANIA","TYPE":"SUBSTATION","STATUS":"IN SERVICE","LATITUDE":36.619437444000027,"LONGITUDE":-79.620733494999968,"LINES":3,"MAX_VOLT":69,"MIN_VOLT":-999999,"SOURCE":"IMAGERY","SOURCEDATE":1404864000000,"VAL_METHOD":"IMAGERY","VAL_DATE":1404864000000}},{"type":"Feature","geometry":{"type":"Point","coordinates":[-79.8863407760014,36.6235950880032]},"properties":{"ID":"114455","NAME":"UNKNOWN114455","CITY":"RIDGEWAY","STATE":"VA","COUNTY":"HENRY","TYPE":"SUBSTATION","STATUS":"IN SERVICE","LATITUDE":36.623595088000059,"LONGITUDE":-79.88634077599994,"LINES":2,"MAX_VOLT":138,"MIN_VOLT":138,"SOURCE":"IMAGERY","SOURCEDATE":1404864000000,"VAL_METHOD":"IMAGERY","VAL_DATE":1404864000000}},{"type":"Feature","geometry":{"type":"Point","coordinates":[-79.8957978530015,36.6624673830032]},"properties":{"ID":"114456","NAME":"UNKNOWN114456","CITY":"MARTINSVILLE","STATE":"VA","COUNTY":"HENRY","TYPE":"SUBSTATION","STATUS":"IN SERVICE","LATITUDE":36.662467383000035,"LONGITUDE":-79.895797852999976,"LINES":2,"MAX_VOLT":-999999,"MIN_VOLT":-999999,"SOURCE":"IMAGERY","SOURCEDATE":1404864000000,"VAL_METHOD":"IMAGERY","VAL_DATE":1404864000000}},{"type":"Feature","geometry":{"type":"Point","coordinates":[-79.4280158240014,36.5719606400032]},"properties":{"ID":"114457","NAME":"UNKNOWN114457","CITY":"DANVILLE","STATE":"VA","COUNTY":"DANVILLE","TYPE":"SUBSTATION","STATUS":"IN SERVICE","LATITUDE":36.571960640000043,"LONGITUDE":-79.428015823999942,"LINES":2,"MAX_VOLT":-999999,"MIN_VOLT":-999999,"SOURCE":"IMAGERY","SOURCEDATE":1404864000000,"VAL_METHOD":"IMAGERY","VAL_DATE":1404864000000}},{"type":"Feature","geometry":{"type":"Point","coordinates":[-79.8579501880015,36.6284663920032]},"properties":{"ID":"114458","NAME":"UNKNOWN114458","CITY":"RIDGEWAY","STATE":"VA","COUNTY":"HENRY","TYPE":"SUBSTATION","STATUS":"IN SERVICE","LATITUDE":36.628466392000064,"LONGITUDE":-79.857950187999961,"LINES":1,"MAX_VOLT":-999999,"MIN_VOLT":-999999,"SOURCE":"IMAGERY","SOURCEDATE":1404864000000,"VAL_METHOD":"IMAGERY","VAL_DATE":1404864000000}},{"type":"Feature","geometry":{"type":"Point","coordinates":[-79.8698335840014,36.6925809000032]},"properties":{"ID":"114459","NAME":"UNKNOWN114459","CITY":"MARTINSVILLE","STATE":"VA","COUNTY":"MARTINSVILLE","TYPE":"SUBSTATION","STATUS":"IN SERVICE","LATITUDE":36.692580900000053,"LONGITUDE":-79.869833583999934,"LINES":1,"MAX_VOLT":-999999,"MIN_VOLT":-999999,"SOURCE":"IMAGERY","SOURCEDATE":1404864000000,"VAL_METHOD":"IMAGERY","VAL_DATE":1404864000000}},{"type":"Feature","geometry":{"type":"Point","coordinates":[-79.8562836640015,36.6905174310032]},"properties":{"ID":"114460","NAME":"UNKNOWN114460","CITY":"MARTINSVILLE","STATE":"VA","COUNTY":"MARTINSVILLE","TYPE":"SUBSTATION","STATUS":"IN SERVICE","LATITUDE":36.690517431000046,"LONGITUDE":-79.856283663999989,"LINES":4,"MAX_VOLT":-999999,"MIN_VOLT":-999999,"SOURCE":"IMAGERY","SOURCEDATE":1404864000000,"VAL_METHOD":"IMAGERY","VAL_DATE":1404864000000}},{"type":"Feature","geometry":{"type":"Point","coordinates":[-79.3527991290014,36.9454363830032]},"properties":{"ID":"114489","NAME":"UNKNOWN114489","CITY":"GRETNA","STATE":"VA","COUNTY":"PITTSYLVANIA","TYPE":"SUBSTATION","STATUS":"IN SERVICE","LATITUDE":36.945436383000072,"LONGITUDE":-79.352799128999948,"LINES":2,"MAX_VOLT":115,"MIN_VOLT":115,"SOURCE":"IMAGERY","SOURCEDATE":1405296000000,"VAL_METHOD":"IMAGERY","VAL_DATE":1405296000000}},{"type":"Feature","geometry":{"type":"Point","coordinates":[-79.3639258150014,36.6102100080031]},"properties":{"ID":"114490","NAME":"UNKNOWN114490","CITY":"DANVILLE","STATE":"VA","COUNTY":"PITTSYLVANIA","TYPE":"SUBSTATION","STATUS":"IN SERVICE","LATITUDE":36.610210008000024,"LONGITUDE":-79.363925814999959,"LINES":-999999,"MAX_VOLT":-999999,"MIN_VOLT":-999999,"SOURCE":"IMAGERY","SOURCEDATE":1405296000000,"VAL_METHOD":"IMAGERY","VAL_DATE":1405296000000}},{"type":"Feature","geometry":{"type":"Point","coordinates":[-79.1924532890014,36.9427806700032]},"properties":{"ID":"114491","NAME":"UNKNOWN114491","CITY":"GRETNA","STATE":"VA","COUNTY":"PITTSYLVANIA","TYPE":"SUBSTATION","STATUS":"IN SERVICE","LATITUDE":36.942780670000047,"LONGITUDE":-79.192453288999957,"LINES":1,"MAX_VOLT":115,"MIN_VOLT":115,"SOURCE":"IMAGERY","SOURCEDATE":1405296000000,"VAL_METHOD":"IMAGERY","VAL_DATE":1405296000000}},{"type":"Feature","geometry":{"type":"Point","coordinates":[-78.5424971150014,36.6135975860032]},"properties":{"ID":"114492","NAME":"UNKNOWN114492","CITY":"CLARKSVILLE","STATE":"VA","COUNTY":"MECKLENBURG","TYPE":"SUBSTATION","STATUS":"IN SERVICE","LATITUDE":36.613597586000026,"LONGITUDE":-78.542497114999946,"LINES":2,"MAX_VOLT":115,"MIN_VOLT":115,"SOURCE":"IMAGERY","SOURCEDATE":1405296000000,"VAL_METHOD":"IMAGERY","VAL_DATE":1405296000000}},{"type":"Feature","geometry":{"type":"Point","coordinates":[-78.5392700840014,36.7277000650032]},"properties":{"ID":"114493","NAME":"UNKNOWN114493","CITY":"SKIPWITH","STATE":"VA","COUNTY":"MECKLENBURG","TYPE":"SUBSTATION","STATUS":"IN SERVICE","LATITUDE":36.727700065000079,"LONGITUDE":-78.539270083999952,"LINES":1,"MAX_VOLT":115,"MIN_VOLT":115,"SOURCE":"IMAGERY","SOURCEDATE":1405296000000,"VAL_METHOD":"IMAGERY","VAL_DATE":1405296000000}},{"type":"Feature","geometry":{"type":"Point","coordinates":[-78.5646086470014,36.6262386380032]},"properties":{"ID":"114494","NAME":"UNKNOWN114494","CITY":"CLARKSVILLE","STATE":"VA","COUNTY":"MECKLENBURG","TYPE":"SUBSTATION","STATUS":"IN SERVICE","LATITUDE":36.626238638000075,"LONGITUDE":-78.564608646999943,"LINES":1,"MAX_VOLT":115,"MIN_VOLT":115,"SOURCE":"IMAGERY","SOURCEDATE":1405296000000,"VAL_METHOD":"IMAGERY","VAL_DATE":1405296000000}},{"type":"Feature","geometry":{"type":"Point","coordinates":[-78.5287769270014,36.6008612420033]},"properties":{"ID":"114495","NAME":"MECKLENBURG POWER STATION","CITY":"CLARKSVILLE","STATE":"VA","COUNTY":"MECKLENBURG","TYPE":"SUBSTATION","STATUS":"IN SERVICE","LATITUDE":36.600861242000065,"LONGITUDE":-78.528776926999967,"LINES":5,"MAX_VOLT":115,"MIN_VOLT":115,"SOURCE":"IMAGERY, EIA 860","SOURCEDATE":1405296000000,"VAL_METHOD":"IMAGERY","VAL_DATE":1622505600000}},{"type":"Feature","geometry":{"type":"Point","coordinates":[-78.2212370080013,36.9869536390032]},"properties":{"ID":"114496","NAME":"UNKNOWN114496","CITY":"VICTORIA","STATE":"VA","COUNTY":"LUNENBURG","TYPE":"SUBSTATION","STATUS":"IN SERVICE","LATITUDE":36.986953639000035,"LONGITUDE":-78.221237007999946,"LINES":2,"MAX_VOLT":115,"MIN_VOLT":115,"SOURCE":"IMAGERY","SOURCEDATE":1405296000000,"VAL_METHOD":"IMAGERY","VAL_DATE":1405296000000}},{"type":"Feature","geometry":{"type":"Point","coordinates":[-78.4998933030014,36.8187556800032]},"properties":{"ID":"114497","NAME":"UNKNOWN114497","CITY":"CHASE CITY","STATE":"VA","COUNTY":"MECKLENBURG","TYPE":"SUBSTATION","STATUS":"IN SERVICE","LATITUDE":36.818755680000038,"LONGITUDE":-78.499893302999965,"LINES":1,"MAX_VOLT":115,"MIN_VOLT":115,"SOURCE":"IMAGERY","SOURCEDATE":1405296000000,"VAL_METHOD":"IMAGERY","VAL_DATE":1405296000000}},{"type":"Feature","geometry":{"type":"Point","coordinates":[-78.5824229930014,36.9915000830032]},"properties":{"ID":"114498","NAME":"UNKNOWN114498","CITY":"DRAKES BRANCH","STATE":"VA","COUNTY":"CHARLOTTE","TYPE":"SUBSTATION","STATUS":"IN SERVICE","LATITUDE":36.991500083000062,"LONGITUDE":-78.582422992999966,"LINES":1,"MAX_VOLT":115,"MIN_VOLT":115,"SOURCE":"IMAGERY","SOURCEDATE":1405382400000,"VAL_METHOD":"IMAGERY","VAL_DATE":1405382400000}},{"type":"Feature","geometry":{"type":"Point","coordinates":[-78.5809384070014,36.9903208620032]},"properties":{"ID":"114499","NAME":"UNKNOWN114499","CITY":"DRAKES BRANCH","STATE":"VA","COUNTY":"CHARLOTTE","TYPE":"SUBSTATION","STATUS":"IN SERVICE","LATITUDE":36.990320862000033,"LONGITUDE":-78.580938406999962,"LINES":1,"MAX_VOLT":115,"MIN_VOLT":115,"SOURCE":"IMAGERY","SOURCEDATE":1405382400000,"VAL_METHOD":"IMAGERY","VAL_DATE":1405382400000}},{"type":"Feature","geometry":{"type":"Point","coordinates":[-78.5812368460014,37.0165359190032]},"properties":{"ID":"114500","NAME":"UNKNOWN114500","CITY":"KEYSVILLE","STATE":"VA","COUNTY":"CHARLOTTE","TYPE":"SUBSTATION","STATUS":"IN SERVICE","LATITUDE":37.016535919000034,"LONGITUDE":-78.581236845999967,"LINES":1,"MAX_VOLT":115,"MIN_VOLT":115,"SOURCE":"IMAGERY, EIA 860","SOURCEDATE":1405382400000,"VAL_METHOD":"IMAGERY","VAL_DATE":1622505600000}},{"type":"Feature","geometry":{"type":"Point","coordinates":[-78.6446170320014,37.1940735510032]},"properties":{"ID":"114501","NAME":"UNKNOWN114501","CITY":"CULLEN","STATE":"VA","COUNTY":"CHARLOTTE","TYPE":"SUBSTATION","STATUS":"IN SERVICE","LATITUDE":37.194073551000031,"LONGITUDE":-78.644617031999985,"LINES":1,"MAX_VOLT":115,"MIN_VOLT":115,"SOURCE":"IMAGERY","SOURCEDATE":1405382400000,"VAL_METHOD":"IMAGERY","VAL_DATE":1405382400000}},{"type":"Feature","geometry":{"type":"Point","coordinates":[-78.3765585820014,36.6808285870032]},"properties":{"ID":"114502","NAME":"UNKNOWN114502","CITY":"BOYDTON","STATE":"VA","COUNTY":"MECKLENBURG","TYPE":"SUBSTATION","STATUS":"IN SERVICE","LATITUDE":36.680828587000065,"LONGITUDE":-78.376558581999973,"LINES":2,"MAX_VOLT":115,"MIN_VOLT":115,"SOURCE":"IMAGERY","SOURCEDATE":1405382400000,"VAL_METHOD":"IMAGERY","VAL_DATE":1405382400000}},{"type":"Feature","geometry":{"type":"Point","coordinates":[-78.2037183410013,36.8835553310032]},"properties":{"ID":"114503","NAME":"UNKNOWN114503","CITY":"KENBRIDGE","STATE":"VA","COUNTY":"LUNENBURG","TYPE":"SUBSTATION","STATUS":"IN SERVICE","LATITUDE":36.883555331000025,"LONGITUDE":-78.203718340999956,"LINES":1,"MAX_VOLT":115,"MIN_VOLT":115,"SOURCE":"IMAGERY","SOURCEDATE":1405382400000,"VAL_METHOD":"IMAGERY","VAL_DATE":1405382400000}},{"type":"Feature","geometry":{"type":"Point","coordinates":[-78.5470465230014,36.6008836710032]},"properties":{"ID":"114504","NAME":"UNKNOWN114504","CITY":"CLARKSVILLE","STATE":"VA","COUNTY":"MECKLENBURG","TYPE":"SUBSTATION","STATUS":"IN SERVICE","LATITUDE":36.600883671000076,"LONGITUDE":-78.547046522999949,"LINES":2,"MAX_VOLT":115,"MIN_VOLT":115,"SOURCE":"IMAGERY","SOURCEDATE":1405382400000,"VAL_METHOD":"IMAGERY","VAL_DATE":1405382400000}},{"type":"Feature","geometry":{"type":"Point","coordinates":[-78.5512510310014,36.5987266900032]},"properties":{"ID":"114505","NAME":"UNKNOWN114505","CITY":"CLARKSVILLE","STATE":"VA","COUNTY":"MECKLENBURG","TYPE":"SUBSTATION","STATUS":"IN SERVICE","LATITUDE":36.598726690000035,"LONGITUDE":-78.551251030999936,"LINES":1,"MAX_VOLT":115,"MIN_VOLT":115,"SOURCE":"IMAGERY","SOURCEDATE":1405382400000,"VAL_METHOD":"IMAGERY","VAL_DATE":1405382400000}},{"type":"Feature","geometry":{"type":"Point","coordinates":[-78.3515541960013,36.6834596190033]},"properties":{"ID":"114506","NAME":"UNKNOWN114506","CITY":"BOYDTON","STATE":"VA","COUNTY":"MECKLENBURG","TYPE":"SUBSTATION","STATUS":"IN SERVICE","LATITUDE":36.683459619000075,"LONGITUDE":-78.351554195999938,"LINES":1,"MAX_VOLT":115,"MIN_VOLT":115,"SOURCE":"IMAGERY","SOURCEDATE":1405382400000,"VAL_METHOD":"IMAGERY","VAL_DATE":1405382400000}},{"type":"Feature","geometry":{"type":"Point","coordinates":[-78.0093275830013,36.5762325060032]},"properties":{"ID":"114507","NAME":"UNKNOWN114507","CITY":"EBONY","STATE":"VA","COUNTY":"BRUNSWICK","TYPE":"SUBSTATION","STATUS":"IN SERVICE","LATITUDE":36.576232506000053,"LONGITUDE":-78.009327582999958,"LINES":1,"MAX_VOLT":-999999,"MIN_VOLT":-999999,"SOURCE":"IMAGERY","SOURCEDATE":1405382400000,"VAL_METHOD":"IMAGERY","VAL_DATE":1405382400000}},{"type":"Feature","geometry":{"type":"Point","coordinates":[-77.5596501000013,36.6958606110032]},"properties":{"ID":"114508","NAME":"EMPORIA","CITY":"EMPORIA","STATE":"VA","COUNTY":"EMPORIA","TYPE":"SUBSTATION","STATUS":"IN SERVICE","LATITUDE":36.695860611000057,"LONGITUDE":-77.559650099999942,"LINES":3,"MAX_VOLT":115,"MIN_VOLT":115,"SOURCE":"IMAGERY, EIA 860","SOURCEDATE":1405382400000,"VAL_METHOD":"IMAGERY","VAL_DATE":1622505600000}},{"type":"Feature","geometry":{"type":"Point","coordinates":[-77.5226741980013,36.7094434170032]},"properties":{"ID":"114509","NAME":"UNKNOWN114509","CITY":"EMPORIA","STATE":"VA","COUNTY":"EMPORIA","TYPE":"SUBSTATION","STATUS":"IN SERVICE","LATITUDE":36.709443417000045,"LONGITUDE":-77.522674197999947,"LINES":2,"MAX_VOLT":115,"MIN_VOLT":-999999,"SOURCE":"IMAGERY","SOURCEDATE":1405382400000,"VAL_METHOD":"IMAGERY","VAL_DATE":1405382400000}},{"type":"Feature","geometry":{"type":"Point","coordinates":[-77.6097189240013,37.2536713490032]},"properties":{"ID":"114511","NAME":"UNKNOWN114511","CITY":"CHURCH ROAD","STATE":"VA","COUNTY":"DINWIDDIE","TYPE":"SUBSTATION","STATUS":"IN SERVICE","LATITUDE":37.253671349000058,"LONGITUDE":-77.609718923999935,"LINES":1,"MAX_VOLT":115,"MIN_VOLT":115,"SOURCE":"IMAGERY","SOURCEDATE":1405382400000,"VAL_METHOD":"IMAGERY","VAL_DATE":1405382400000}},{"type":"Feature","geometry":{"type":"Point","coordinates":[-77.4757278460013,37.0907225180032]},"properties":{"ID":"114512","NAME":"UNKNOWN114512","CITY":"PETERSBURG","STATE":"VA","COUNTY":"DINWIDDIE","TYPE":"SUBSTATION","STATUS":"IN SERVICE","LATITUDE":37.090722518000064,"LONGITUDE":-77.475727845999984,"LINES":1,"MAX_VOLT":115,"MIN_VOLT":115,"SOURCE":"IMAGERY","SOURCEDATE":1405468800000,"VAL_METHOD":"IMAGERY","VAL_DATE":1405468800000}},{"type":"Feature","geometry":{"type":"Point","coordinates":[-77.5768222420013,36.9636818370032]},"properties":{"ID":"114513","NAME":"UNKNOWN114513","CITY":"DINWIDDIE","STATE":"VA","COUNTY":"DINWIDDIE","TYPE":"SUBSTATION","STATUS":"IN SERVICE","LATITUDE":36.963681837000024,"LONGITUDE":-77.576822241999935,"LINES":1,"MAX_VOLT":115,"MIN_VOLT":115,"SOURCE":"IMAGERY","SOURCEDATE":1405468800000,"VAL_METHOD":"IMAGERY","VAL_DATE":1405468800000}},{"type":"Feature","geometry":{"type":"Point","coordinates":[-77.6905318130013,36.9993183520033]},"properties":{"ID":"114514","NAME":"UNKNOWN114514","CITY":"MCKENNEY","STATE":"VA","COUNTY":"DINWIDDIE","TYPE":"SUBSTATION","STATUS":"IN SERVICE","LATITUDE":36.999318352000046,"LONGITUDE":-77.69053181299995,"LINES":1,"MAX_VOLT":115,"MIN_VOLT":115,"SOURCE":"IMAGERY","SOURCEDATE":1405468800000,"VAL_METHOD":"IMAGERY","VAL_DATE":1405468800000}},{"type":"Feature","geometry":{"type":"Point","coordinates":[-77.4448229770013,37.1801711000032]},"properties":{"ID":"114515","NAME":"UNKNOWN114515","CITY":"PETERSBURG","STATE":"VA","COUNTY":"DINWIDDIE","TYPE":"SUBSTATION","STATUS":"IN SERVICE","LATITUDE":37.180171100000052,"LONGITUDE":-77.444822976999944,"LINES":1,"MAX_VOLT":230,"MIN_VOLT":230,"SOURCE":"IMAGERY","SOURCEDATE":1405468800000,"VAL_METHOD":"IMAGERY","VAL_DATE":1405468800000}},{"type":"Feature","geometry":{"type":"Point","coordinates":[-77.1145440070012,37.0296468000033]},"properties":{"ID":"114516","NAME":"UNKNOWN114516","CITY":"WAVERLY","STATE":"VA","COUNTY":"SUSSEX","TYPE":"SUBSTATION","STATUS":"IN SERVICE","LATITUDE":37.02964680000008,"LONGITUDE":-77.114544006999949,"LINES":2,"MAX_VOLT":115,"MIN_VOLT":115,"SOURCE":"IMAGERY","SOURCEDATE":1405468800000,"VAL_METHOD":"IMAGERY","VAL_DATE":1405468800000}},{"type":"Feature","geometry":{"type":"Point","coordinates":[-76.9918136290013,36.9644170300032]},"properties":{"ID":"114517","NAME":"UNKNOWN114517","CITY":"WAKEFIELD","STATE":"VA","COUNTY":"SUSSEX","TYPE":"SUBSTATION","STATUS":"IN SERVICE","LATITUDE":36.96441703000005,"LONGITUDE":-76.991813628999978,"LINES":3,"MAX_VOLT":115,"MIN_VOLT":115,"SOURCE":"IMAGERY","SOURCEDATE":1405468800000,"VAL_METHOD":"IMAGERY","VAL_DATE":1405468800000}},{"type":"Feature","geometry":{"type":"Point","coordinates":[-77.1410929860013,37.0583448350033]},"properties":{"ID":"114518","NAME":"UNKNOWN114518","CITY":"WAVERLY","STATE":"VA","COUNTY":"SUSSEX","TYPE":"SUBSTATION","STATUS":"IN SERVICE","LATITUDE":37.058344835000071,"LONGITUDE":-77.14109298599999,"LINES":1,"MAX_VOLT":115,"MIN_VOLT":115,"SOURCE":"IMAGERY","SOURCEDATE":1405468800000,"VAL_METHOD":"IMAGERY","VAL_DATE":1405468800000}},{"type":"Feature","geometry":{"type":"Point","coordinates":[-77.0815831480012,36.6398335900033]},"properties":{"ID":"114519","NAME":"UNKNOWN114519","CITY":"NEWSOMS","STATE":"VA","COUNTY":"SOUTHAMPTON","TYPE":"SUBSTATION","STATUS":"IN SERVICE","LATITUDE":36.63983359000008,"LONGITUDE":-77.081583147999936,"LINES":1,"MAX_VOLT":230,"MIN_VOLT":230,"SOURCE":"IMAGERY","SOURCEDATE":1405468800000,"VAL_METHOD":"IMAGERY","VAL_DATE":1405468800000}},{"type":"Feature","geometry":{"type":"Point","coordinates":[-76.9434101280013,36.6595629590032]},"properties":{"ID":"114520","NAME":"UNKNOWN114520","CITY":"FRANKLIN","STATE":"VA","COUNTY":"SOUTHAMPTON","TYPE":"SUBSTATION","STATUS":"IN SERVICE","LATITUDE":36.659562959000027,"LONGITUDE":-76.943410127999982,"LINES":2,"MAX_VOLT":230,"MIN_VOLT":230,"SOURCE":"IMAGERY","SOURCEDATE":1405468800000,"VAL_METHOD":"IMAGERY","VAL_DATE":1405468800000}},{"type":"Feature","geometry":{"type":"Point","coordinates":[-76.9837019820013,36.6578849520033]},"properties":{"ID":"114521","NAME":"UNKNOWN114521","CITY":"FRANKLIN","STATE":"VA","COUNTY":"SOUTHAMPTON","TYPE":"SUBSTATION","STATUS":"IN SERVICE","LATITUDE":36.657884952000074,"LONGITUDE":-76.983701981999957,"LINES":2,"MAX_VOLT":230,"MIN_VOLT":230,"SOURCE":"IMAGERY","SOURCEDATE":1405468800000,"VAL_METHOD":"IMAGERY","VAL_DATE":1405468800000}},{"type":"Feature","geometry":{"type":"Point","coordinates":[-76.9955459200013,36.6531866450033]},"properties":{"ID":"114522","NAME":"SOUTHAMPTON POWER STATION","CITY":"COURTLAND","STATE":"VA","COUNTY":"SOUTHAMPTON","TYPE":"SUBSTATION","STATUS":"IN SERVICE","LATITUDE":36.653186645000062,"LONGITUDE":-76.995545919999984,"LINES":3,"MAX_VOLT":230,"MIN_VOLT":230,"SOURCE":"IMAGERY, EIA 860","SOURCEDATE":1405468800000,"VAL_METHOD":"IMAGERY","VAL_DATE":1622505600000}},{"type":"Feature","geometry":{"type":"Point","coordinates":[-77.0565710180013,36.7165434090032]},"properties":{"ID":"114523","NAME":"UNKNOWN114523","CITY":"COURTLAND","STATE":"VA","COUNTY":"SOUTHAMPTON","TYPE":"SUBSTATION","STATUS":"IN SERVICE","LATITUDE":36.716543409000053,"LONGITUDE":-77.056571017999943,"LINES":-999999,"MAX_VOLT":-999999,"MIN_VOLT":-999999,"SOURCE":"IMAGERY","SOURCEDATE":1405468800000,"VAL_METHOD":"IMAGERY","VAL_DATE":1405468800000}},{"type":"Feature","geometry":{"type":"Point","coordinates":[-77.6403736980013,37.1103043820032]},"properties":{"ID":"114524","NAME":"UNKNOWN114524","CITY":"DINWIDDIE","STATE":"VA","COUNTY":"DINWIDDIE","TYPE":"SUBSTATION","STATUS":"IN SERVICE","LATITUDE":37.110304382000038,"LONGITUDE":-77.640373697999962,"LINES":-999999,"MAX_VOLT":-999999,"MIN_VOLT":-999999,"SOURCE":"IMAGERY","SOURCEDATE":1405468800000,"VAL_METHOD":"IMAGERY","VAL_DATE":1405468800000}},{"type":"Feature","geometry":{"type":"Point","coordinates":[-76.7033630900012,37.0811559390032]},"properties":{"ID":"114527","NAME":"UNKNOWN114527","CITY":"SMITHFIELD","STATE":"VA","COUNTY":"SURRY","TYPE":"SUBSTATION","STATUS":"IN SERVICE","LATITUDE":37.081155939000041,"LONGITUDE":-76.703363089999982,"LINES":2,"MAX_VOLT":230,"MIN_VOLT":230,"SOURCE":"IMAGERY","SOURCEDATE":1405555200000,"VAL_METHOD":"IMAGERY","VAL_DATE":1405555200000}},{"type":"Feature","geometry":{"type":"Point","coordinates":[-77.2903432420013,37.1502898380032]},"properties":{"ID":"114528","NAME":"UNKNOWN114528","CITY":"DISPUTANTA","STATE":"VA","COUNTY":"PRINCE GEORGE","TYPE":"SUBSTATION","STATUS":"IN SERVICE","LATITUDE":37.150289838000049,"LONGITUDE":-77.290343241999949,"LINES":1,"MAX_VOLT":115,"MIN_VOLT":115,"SOURCE":"IMAGERY","SOURCEDATE":1405641600000,"VAL_METHOD":"IMAGERY","VAL_DATE":1405641600000}},{"type":"Feature","geometry":{"type":"Point","coordinates":[-77.3219838710013,37.2444306550032]},"properties":{"ID":"114529","NAME":"UNKNOWN114529","CITY":"PRINCE GEORGE","STATE":"VA","COUNTY":"PRINCE GEORGE","TYPE":"SUBSTATION","STATUS":"IN SERVICE","LATITUDE":37.244430655000031,"LONGITUDE":-77.321983870999986,"LINES":2,"MAX_VOLT":115,"MIN_VOLT":115,"SOURCE":"IMAGERY","SOURCEDATE":1405641600000,"VAL_METHOD":"IMAGERY","VAL_DATE":1405641600000}},{"type":"Feature","geometry":{"type":"Point","coordinates":[-76.4211862020012,36.8754039990033]},"properties":{"ID":"114530","NAME":"UNKNOWN114530","CITY":"SUFFOLK","STATE":"VA","COUNTY":"SUFFOLK","TYPE":"SUBSTATION","STATUS":"IN SERVICE","LATITUDE":36.875403999000071,"LONGITUDE":-76.421186201999944,"LINES":4,"MAX_VOLT":230,"MIN_VOLT":230,"SOURCE":"IMAGERY","SOURCEDATE":1405641600000,"VAL_METHOD":"IMAGERY","VAL_DATE":1405641600000}},{"type":"Feature","geometry":{"type":"Point","coordinates":[-77.4119851470013,37.2329378830032]},"properties":{"ID":"114531","NAME":"UNKNOWN114531","CITY":"PETERSBURG","STATE":"VA","COUNTY":"PETERSBURG","TYPE":"SUBSTATION","STATUS":"IN SERVICE","LATITUDE":37.232937883000034,"LONGITUDE":-77.411985146999939,"LINES":-999999,"MAX_VOLT":-999999,"MIN_VOLT":-999999,"SOURCE":"IMAGERY","SOURCEDATE":1405641600000,"VAL_METHOD":"IMAGERY","VAL_DATE":1405641600000}},{"type":"Feature","geometry":{"type":"Point","coordinates":[-77.3116305260013,37.1856216620033]},"properties":{"ID":"114532","NAME":"UNKNOWN114532","CITY":"DISPUTANTA","STATE":"VA","COUNTY":"PRINCE GEORGE","TYPE":"SUBSTATION","STATUS":"IN SERVICE","LATITUDE":37.185621662000074,"LONGITUDE":-77.311630525999988,"LINES":1,"MAX_VOLT":115,"MIN_VOLT":115,"SOURCE":"IMAGERY","SOURCEDATE":1405641600000,"VAL_METHOD":"IMAGERY","VAL_DATE":1405641600000}},{"type":"Feature","geometry":{"type":"Point","coordinates":[-79.8690614560014,36.6846566800032]},"properties":{"ID":"114623","NAME":"UNKNOWN114623","CITY":"MARTINSVILLE","STATE":"VA","COUNTY":"MARTINSVILLE","TYPE":"SUBSTATION","STATUS":"IN SERVICE","LATITUDE":36.684656680000046,"LONGITUDE":-79.86906145599994,"LINES":-999999,"MAX_VOLT":-999999,"MIN_VOLT":-999999,"SOURCE":"IMAGERY","SOURCEDATE":1404950400000,"VAL_METHOD":"IMAGERY","VAL_DATE":1404950400000}},{"type":"Feature","geometry":{"type":"Point","coordinates":[-79.6696008710014,36.5457421140032]},"properties":{"ID":"114624","NAME":"UNKNOWN114624","CITY":"BASSETT","STATE":"VA","COUNTY":"PITTSYLVANIA","TYPE":"SUBSTATION","STATUS":"IN SERVICE","LATITUDE":36.545742114000063,"LONGITUDE":-79.669600870999943,"LINES":1,"MAX_VOLT":-999999,"MIN_VOLT":-999999,"SOURCE":"IMAGERY","SOURCEDATE":1404950400000,"VAL_METHOD":"IMAGERY","VAL_DATE":1404950400000}},{"type":"Feature","geometry":{"type":"Point","coordinates":[-79.9938925130015,36.7594134890032]},"properties":{"ID":"114625","NAME":"UNKNOWN114625","CITY":"BASSETT","STATE":"VA","COUNTY":"HENRY","TYPE":"SUBSTATION","STATUS":"IN SERVICE","LATITUDE":36.759413489000053,"LONGITUDE":-79.993892512999935,"LINES":2,"MAX_VOLT":138,"MIN_VOLT":138,"SOURCE":"IMAGERY","SOURCEDATE":1404950400000,"VAL_METHOD":"IMAGERY","VAL_DATE":1404950400000}},{"type":"Feature","geometry":{"type":"Point","coordinates":[-79.9510359980015,36.7369766650031]},"properties":{"ID":"114626","NAME":"UNKNOWN114626","CITY":"STANLEYTOWN","STATE":"VA","COUNTY":"HENRY","TYPE":"SUBSTATION","STATUS":"IN SERVICE","LATITUDE":36.736976665000043,"LONGITUDE":-79.951035997999952,"LINES":2,"MAX_VOLT":-999999,"MIN_VOLT":-999999,"SOURCE":"IMAGERY","SOURCEDATE":1404950400000,"VAL_METHOD":"IMAGERY","VAL_DATE":1404950400000}},{"type":"Feature","geometry":{"type":"Point","coordinates":[-79.9893616360015,36.8301280460031]},"properties":{"ID":"114627","NAME":"UNKNOWN114627","CITY":"HENRY","STATE":"VA","COUNTY":"FRANKLIN","TYPE":"SUBSTATION","STATUS":"IN SERVICE","LATITUDE":36.830128046000027,"LONGITUDE":-79.989361635999956,"LINES":1,"MAX_VOLT":-999999,"MIN_VOLT":-999999,"SOURCE":"IMAGERY","SOURCEDATE":1405036800000,"VAL_METHOD":"IMAGERY","VAL_DATE":1405036800000}},{"type":"Feature","geometry":{"type":"Point","coordinates":[-79.2768038790014,37.1041754950032]},"properties":{"ID":"114628","NAME":"MULTITRADE OF PITTSYLVANIA LP","CITY":"HURT","STATE":"VA","COUNTY":"PITTSYLVANIA","TYPE":"SUBSTATION","STATUS":"IN SERVICE","LATITUDE":37.10417549500005,"LONGITUDE":-79.276803878999942,"LINES":2,"MAX_VOLT":115,"MIN_VOLT":115,"SOURCE":"IMAGERY, EIA 860","SOURCEDATE":1405036800000,"VAL_METHOD":"IMAGERY","VAL_DATE":1622505600000}},{"type":"Feature","geometry":{"type":"Point","coordinates":[-78.9384980460014,36.8411076240032]},"properties":{"ID":"114629","NAME":"UNKNOWN114629","CITY":"CRYSTAL HILL","STATE":"VA","COUNTY":"HALIFAX","TYPE":"SUBSTATION","STATUS":"IN SERVICE","LATITUDE":36.841107624000074,"LONGITUDE":-78.93849804599995,"LINES":1,"MAX_VOLT":115,"MIN_VOLT":115,"SOURCE":"IMAGERY","SOURCEDATE":1405036800000,"VAL_METHOD":"IMAGERY","VAL_DATE":1405036800000}},{"type":"Feature","geometry":{"type":"Point","coordinates":[-78.9251159490014,36.8321211530032]},"properties":{"ID":"114630","NAME":"UNKNOWN114630","CITY":"JAVA","STATE":"VA","COUNTY":"HALIFAX","TYPE":"SUBSTATION","STATUS":"IN SERVICE","LATITUDE":36.83212115300006,"LONGITUDE":-78.925115948999974,"LINES":1,"MAX_VOLT":115,"MIN_VOLT":115,"SOURCE":"IMAGERY","SOURCEDATE":1405036800000,"VAL_METHOD":"IMAGERY","VAL_DATE":1405036800000}},{"type":"Feature","geometry":{"type":"Point","coordinates":[-79.2600242240014,36.8118155170032]},"properties":{"ID":"114631","NAME":"UNKNOWN114631","CITY":"JAVA","STATE":"VA","COUNTY":"PITTSYLVANIA","TYPE":"SUBSTATION","STATUS":"IN SERVICE","LATITUDE":36.81181551700007,"LONGITUDE":-79.260024223999949,"LINES":1,"MAX_VOLT":115,"MIN_VOLT":115,"SOURCE":"IMAGERY","SOURCEDATE":1405036800000,"VAL_METHOD":"IMAGERY","VAL_DATE":1405036800000}},{"type":"Feature","geometry":{"type":"Point","coordinates":[-76.5750109480012,37.2068074860032]},"properties":{"ID":"114839","NAME":"UNKNOWN114839","CITY":"NEWPORT NEWS","STATE":"VA","COUNTY":"NEWPORT NEWS","TYPE":"SUBSTATION","STATUS":"IN SERVICE","LATITUDE":37.206807486000059,"LONGITUDE":-76.575010947999942,"LINES":1,"MAX_VOLT":115,"MIN_VOLT":115,"SOURCE":"IMAGERY","SOURCEDATE":1406592000000,"VAL_METHOD":"IMAGERY","VAL_DATE":1406592000000}},{"type":"Feature","geometry":{"type":"Point","coordinates":[-76.5843906420012,37.2130729840033]},"properties":{"ID":"114840","NAME":"UNKNOWN114840","CITY":"NEWPORT NEWS","STATE":"VA","COUNTY":"YORK","TYPE":"SUBSTATION","STATUS":"IN SERVICE","LATITUDE":37.213072984000064,"LONGITUDE":-76.58439064199996,"LINES":1,"MAX_VOLT":115,"MIN_VOLT":115,"SOURCE":"IMAGERY","SOURCEDATE":1406592000000,"VAL_METHOD":"IMAGERY","VAL_DATE":1406592000000}},{"type":"Feature","geometry":{"type":"Point","coordinates":[-76.5782040580012,37.1647244360032]},"properties":{"ID":"114841","NAME":"UNKNOWN114841","CITY":"NEWPORT NEWS","STATE":"VA","COUNTY":"NEWPORT NEWS","TYPE":"SUBSTATION","STATUS":"IN SERVICE","LATITUDE":37.164724436000029,"LONGITUDE":-76.578204057999983,"LINES":1,"MAX_VOLT":115,"MIN_VOLT":115,"SOURCE":"IMAGERY","SOURCEDATE":1406592000000,"VAL_METHOD":"IMAGERY","VAL_DATE":1406592000000}},{"type":"Feature","geometry":{"type":"Point","coordinates":[-76.6483462360012,37.2595896150032]},"properties":{"ID":"114843","NAME":"UNKNOWN114843","CITY":"WILLIAMSBURG","STATE":"VA","COUNTY":"YORK","TYPE":"SUBSTATION","STATUS":"IN SERVICE","LATITUDE":37.259589615000039,"LONGITUDE":-76.648346235999952,"LINES":4,"MAX_VOLT":230,"MIN_VOLT":115,"SOURCE":"IMAGERY","SOURCEDATE":1406678400000,"VAL_METHOD":"IMAGERY","VAL_DATE":1406678400000}},{"type":"Feature","geometry":{"type":"Point","coordinates":[-77.0376744850012,37.4340239470033]},"properties":{"ID":"114844","NAME":"UNKNOWN114844","CITY":"PROVIDENCE FORGE","STATE":"VA","COUNTY":"NEW KENT","TYPE":"SUBSTATION","STATUS":"IN SERVICE","LATITUDE":37.434023947000071,"LONGITUDE":-77.037674484999968,"LINES":2,"MAX_VOLT":115,"MIN_VOLT":115,"SOURCE":"IMAGERY","SOURCEDATE":1406678400000,"VAL_METHOD":"IMAGERY","VAL_DATE":1406678400000}},{"type":"Feature","geometry":{"type":"Point","coordinates":[-76.7055496070012,37.2958533570032]},"properties":{"ID":"114845","NAME":"UNKNOWN114845","CITY":"WILLIAMSBURG","STATE":"VA","COUNTY":"YORK","TYPE":"SUBSTATION","STATUS":"IN SERVICE","LATITUDE":37.295853357000055,"LONGITUDE":-76.705549606999966,"LINES":4,"MAX_VOLT":230,"MIN_VOLT":230,"SOURCE":"IMAGERY","SOURCEDATE":1406678400000,"VAL_METHOD":"IMAGERY","VAL_DATE":1406678400000}},{"type":"Feature","geometry":{"type":"Point","coordinates":[-76.8263919200012,37.3623921340032]},"properties":{"ID":"114846","NAME":"UNKNOWN114846","CITY":"TOANO","STATE":"VA","COUNTY":"JAMES CITY","TYPE":"SUBSTATION","STATUS":"IN SERVICE","LATITUDE":37.362392134000061,"LONGITUDE":-76.826391919999935,"LINES":1,"MAX_VOLT":115,"MIN_VOLT":115,"SOURCE":"IMAGERY","SOURCEDATE":1406764800000,"VAL_METHOD":"IMAGERY","VAL_DATE":1406764800000}},{"type":"Feature","geometry":{"type":"Point","coordinates":[-76.8622425350012,37.4900022760032]},"properties":{"ID":"114847","NAME":"UNKNOWN114847","CITY":"BARHAMSVILLE","STATE":"VA","COUNTY":"NEW KENT","TYPE":"SUBSTATION","STATUS":"IN SERVICE","LATITUDE":37.490002276000041,"LONGITUDE":-76.86224253499995,"LINES":1,"MAX_VOLT":230,"MIN_VOLT":230,"SOURCE":"IMAGERY","SOURCEDATE":1406764800000,"VAL_METHOD":"IMAGERY","VAL_DATE":1406764800000}},{"type":"Feature","geometry":{"type":"Point","coordinates":[-76.4930847800012,37.4264832890032]},"properties":{"ID":"114848","NAME":"UNKNOWN114848","CITY":"GLOUCESTER","STATE":"VA","COUNTY":"GLOUCESTER","TYPE":"SUBSTATION","STATUS":"IN SERVICE","LATITUDE":37.426483289000032,"LONGITUDE":-76.493084779999947,"LINES":2,"MAX_VOLT":-999999,"MIN_VOLT":-999999,"SOURCE":"IMAGERY","SOURCEDATE":1406764800000,"VAL_METHOD":"IMAGERY","VAL_DATE":1406764800000}},{"type":"Feature","geometry":{"type":"Point","coordinates":[-76.4442026410012,37.2600431250032]},"properties":{"ID":"114849","NAME":"UNKNOWN114849","CITY":"HAYES","STATE":"VA","COUNTY":"GLOUCESTER","TYPE":"SUBSTATION","STATUS":"IN SERVICE","LATITUDE":37.260043125000038,"LONGITUDE":-76.444202640999947,"LINES":2,"MAX_VOLT":230,"MIN_VOLT":230,"SOURCE":"IMAGERY","SOURCEDATE":1406764800000,"VAL_METHOD":"IMAGERY","VAL_DATE":1406764800000}},{"type":"Feature","geometry":{"type":"Point","coordinates":[-76.3460896110012,37.4586300850033]},"properties":{"ID":"114850","NAME":"UNKNOWN114850","CITY":"MATHEWS","STATE":"VA","COUNTY":"MATHEWS","TYPE":"SUBSTATION","STATUS":"IN SERVICE","LATITUDE":37.458630085000038,"LONGITUDE":-76.346089610999968,"LINES":1,"MAX_VOLT":-999999,"MIN_VOLT":-999999,"SOURCE":"IMAGERY","SOURCEDATE":1406764800000,"VAL_METHOD":"IMAGERY","VAL_DATE":1406764800000}},{"type":"Feature","geometry":{"type":"Point","coordinates":[-76.4203182820012,36.8283473710033]},"properties":{"ID":"115101","NAME":"UNKNOWN115101","CITY":"CHESAPEAKE","STATE":"VA","COUNTY":"CHESAPEAKE","TYPE":"SUBSTATION","STATUS":"IN SERVICE","LATITUDE":36.828347371000064,"LONGITUDE":-76.420318281999982,"LINES":1,"MAX_VOLT":-999999,"MIN_VOLT":-999999,"SOURCE":"IMAGERY","SOURCEDATE":1405900800000,"VAL_METHOD":"IMAGERY","VAL_DATE":1405900800000}},{"type":"Feature","geometry":{"type":"Point","coordinates":[-76.3971815930012,36.7946347960032]},"properties":{"ID":"115102","NAME":"UNKNOWN115102","CITY":"CHESAPEAKE","STATE":"VA","COUNTY":"CHESAPEAKE","TYPE":"SUBSTATION","STATUS":"IN SERVICE","LATITUDE":36.794634796000025,"LONGITUDE":-76.397181592999971,"LINES":2,"MAX_VOLT":-999999,"MIN_VOLT":-999999,"SOURCE":"IMAGERY","SOURCEDATE":1405900800000,"VAL_METHOD":"IMAGERY","VAL_DATE":1405900800000}},{"type":"Feature","geometry":{"type":"Point","coordinates":[-76.2909294010012,36.7570447220033]},"properties":{"ID":"115104","NAME":"UNKNOWN115104","CITY":"CHESAPEAKE","STATE":"VA","COUNTY":"CHESAPEAKE","TYPE":"SUBSTATION","STATUS":"IN SERVICE","LATITUDE":36.757044722000046,"LONGITUDE":-76.290929400999971,"LINES":2,"MAX_VOLT":230,"MIN_VOLT":-999999,"SOURCE":"IMAGERY","SOURCEDATE":1405900800000,"VAL_METHOD":"IMAGERY","VAL_DATE":1405900800000}},{"type":"Feature","geometry":{"type":"Point","coordinates":[-76.3059873180012,36.7262099820033]},"properties":{"ID":"115105","NAME":"UNKNOWN115105","CITY":"CHESAPEAKE","STATE":"VA","COUNTY":"CHESAPEAKE","TYPE":"SUBSTATION","STATUS":"IN SERVICE","LATITUDE":36.726209982000057,"LONGITUDE":-76.30598731799995,"LINES":2,"MAX_VOLT":115,"MIN_VOLT":115,"SOURCE":"IMAGERY","SOURCEDATE":1405900800000,"VAL_METHOD":"IMAGERY","VAL_DATE":1405900800000}},{"type":"Feature","geometry":{"type":"Point","coordinates":[-76.3036233170012,36.7700871240033]},"properties":{"ID":"115106","NAME":"UNKNOWN115106","CITY":"CHESAPEAKE","STATE":"VA","COUNTY":"CHESAPEAKE","TYPE":"SUBSTATION","STATUS":"IN SERVICE","LATITUDE":36.770087124000042,"LONGITUDE":-76.30362331699996,"LINES":2,"MAX_VOLT":115,"MIN_VOLT":115,"SOURCE":"IMAGERY","SOURCEDATE":1405987200000,"VAL_METHOD":"IMAGERY","VAL_DATE":1405987200000}},{"type":"Feature","geometry":{"type":"Point","coordinates":[-76.2526007630012,36.8100457990033]},"properties":{"ID":"115107","NAME":"UNKNOWN115107","CITY":"CHESAPEAKE","STATE":"VA","COUNTY":"CHESAPEAKE","TYPE":"SUBSTATION","STATUS":"IN SERVICE","LATITUDE":36.810045799000079,"LONGITUDE":-76.252600762999975,"LINES":2,"MAX_VOLT":230,"MIN_VOLT":230,"SOURCE":"IMAGERY","SOURCEDATE":1405987200000,"VAL_METHOD":"IMAGERY","VAL_DATE":1405987200000}},{"type":"Feature","geometry":{"type":"Point","coordinates":[-76.3117260460012,36.7737454880033]},"properties":{"ID":"115109","NAME":"ELIZABETH RIVER POWER STATION","CITY":"CHESAPEAKE","STATE":"VA","COUNTY":"CHESAPEAKE","TYPE":"SUBSTATION","STATUS":"IN SERVICE","LATITUDE":36.773745488000031,"LONGITUDE":-76.31172604599999,"LINES":3,"MAX_VOLT":230,"MIN_VOLT":230,"SOURCE":"IMAGERY, EIA 860","SOURCEDATE":1405987200000,"VAL_METHOD":"IMAGERY","VAL_DATE":1622505600000}},{"type":"Feature","geometry":{"type":"Point","coordinates":[-76.3036609050012,36.8097062240032]},"properties":{"ID":"115110","NAME":"WHEELABRATOR PORTSMOUTH","CITY":"PORTSMOUTH","STATE":"VA","COUNTY":"PORTSMOUTH","TYPE":"SUBSTATION","STATUS":"IN SERVICE","LATITUDE":36.809706224000024,"LONGITUDE":-76.303660904999958,"LINES":1,"MAX_VOLT":115,"MIN_VOLT":115,"SOURCE":"IMAGERY, EIA 860","SOURCEDATE":1405987200000,"VAL_METHOD":"IMAGERY","VAL_DATE":1622505600000}},{"type":"Feature","geometry":{"type":"Point","coordinates":[-76.2995084480012,36.8092794080033]},"properties":{"ID":"115111","NAME":"UNKNOWN115111","CITY":"PORTSMOUTH","STATE":"VA","COUNTY":"PORTSMOUTH","TYPE":"SUBSTATION","STATUS":"IN SERVICE","LATITUDE":36.809279408000066,"LONGITUDE":-76.299508447999983,"LINES":3,"MAX_VOLT":230,"MIN_VOLT":115,"SOURCE":"IMAGERY","SOURCEDATE":1405987200000,"VAL_METHOD":"IMAGERY","VAL_DATE":1405987200000}},{"type":"Feature","geometry":{"type":"Point","coordinates":[-76.3317408070012,36.8399036740032]},"properties":{"ID":"115112","NAME":"UNKNOWN115112","CITY":"PORTSMOUTH","STATE":"VA","COUNTY":"PORTSMOUTH","TYPE":"SUBSTATION","STATUS":"IN SERVICE","LATITUDE":36.839903674000027,"LONGITUDE":-76.33174080699996,"LINES":1,"MAX_VOLT":115,"MIN_VOLT":115,"SOURCE":"IMAGERY","SOURCEDATE":1405987200000,"VAL_METHOD":"IMAGERY","VAL_DATE":1405987200000}},{"type":"Feature","geometry":{"type":"Point","coordinates":[-76.3313323720012,36.8389946010032]},"properties":{"ID":"115113","NAME":"UNKNOWN115113","CITY":"PORTSMOUTH","STATE":"VA","COUNTY":"PORTSMOUTH","TYPE":"SUBSTATION","STATUS":"IN SERVICE","LATITUDE":36.838994601000024,"LONGITUDE":-76.331332371999963,"LINES":-999999,"MAX_VOLT":-999999,"MIN_VOLT":-999999,"SOURCE":"IMAGERY","SOURCEDATE":1405987200000,"VAL_METHOD":"IMAGERY","VAL_DATE":1405987200000}},{"type":"Feature","geometry":{"type":"Point","coordinates":[-76.2885205690012,36.7580386120033]},"properties":{"ID":"115496","NAME":"UNKNOWN115496","CITY":"CHESAPEAKE","STATE":"VA","COUNTY":"CHESAPEAKE","TYPE":"SUBSTATION","STATUS":"IN SERVICE","LATITUDE":36.758038612000064,"LONGITUDE":-76.288520568999957,"LINES":2,"MAX_VOLT":115,"MIN_VOLT":115,"SOURCE":"IMAGERY","SOURCEDATE":1406073600000,"VAL_METHOD":"IMAGERY","VAL_DATE":1406073600000}},{"type":"Feature","geometry":{"type":"Point","coordinates":[-76.2838195470012,36.8145483930033]},"properties":{"ID":"115497","NAME":"UNKNOWN115497","CITY":"CHESAPEAKE","STATE":"VA","COUNTY":"CHESAPEAKE","TYPE":"SUBSTATION","STATUS":"IN SERVICE","LATITUDE":36.814548393000052,"LONGITUDE":-76.28381954699995,"LINES":2,"MAX_VOLT":230,"MIN_VOLT":230,"SOURCE":"IMAGERY","SOURCEDATE":1406073600000,"VAL_METHOD":"IMAGERY","VAL_DATE":1406073600000}},{"type":"Feature","geometry":{"type":"Point","coordinates":[-76.0170497710012,36.8499929900033]},"properties":{"ID":"115499","NAME":"VIRGINIA BEACH","CITY":"VIRGINIA BEACH","STATE":"VA","COUNTY":"VIRGINIA BEACH","TYPE":"SUBSTATION","STATUS":"IN SERVICE","LATITUDE":36.849992990000032,"LONGITUDE":-76.017049770999961,"LINES":4,"MAX_VOLT":230,"MIN_VOLT":115,"SOURCE":"IMAGERY","SOURCEDATE":1406160000000,"VAL_METHOD":"IMAGERY","VAL_DATE":1588291200000}},{"type":"Feature","geometry":{"type":"Point","coordinates":[-76.0365550160012,36.6895619860033]},"properties":{"ID":"115500","NAME":"UNKNOWN115500","CITY":"VIRGINIA BEACH","STATE":"VA","COUNTY":"VIRGINIA BEACH","TYPE":"SUBSTATION","STATUS":"IN SERVICE","LATITUDE":36.689561986000058,"LONGITUDE":-76.036555015999966,"LINES":1,"MAX_VOLT":230,"MIN_VOLT":230,"SOURCE":"IMAGERY","SOURCEDATE":1406160000000,"VAL_METHOD":"IMAGERY","VAL_DATE":1406160000000}},{"type":"Feature","geometry":{"type":"Point","coordinates":[-76.0769130760012,36.7707317820033]},"properties":{"ID":"115502","NAME":"UNKNOWN115502","CITY":"VIRGINIA BEACH","STATE":"VA","COUNTY":"VIRGINIA BEACH","TYPE":"SUBSTATION","STATUS":"IN SERVICE","LATITUDE":36.770731782000041,"LONGITUDE":-76.076913075999983,"LINES":2,"MAX_VOLT":230,"MIN_VOLT":230,"SOURCE":"IMAGERY","SOURCEDATE":1406160000000,"VAL_METHOD":"IMAGERY","VAL_DATE":1406160000000}},{"type":"Feature","geometry":{"type":"Point","coordinates":[-76.1756248410012,36.8518645200033]},"properties":{"ID":"115503","NAME":"DAVIS","CITY":"VIRGINIA BEACH","STATE":"VA","COUNTY":"VIRGINIA BEACH","TYPE":"SUBSTATION","STATUS":"IN SERVICE","LATITUDE":36.851864520000049,"LONGITUDE":-76.175624840999944,"LINES":5,"MAX_VOLT":115,"MIN_VOLT":-999999,"SOURCE":"IMAGERY","SOURCEDATE":1406160000000,"VAL_METHOD":"IMAGERY","VAL_DATE":1588291200000}},{"type":"Feature","geometry":{"type":"Point","coordinates":[-76.1729730510012,36.9075980900033]},"properties":{"ID":"115504","NAME":"BURTON","CITY":"VIRGINIA BEACH","STATE":"VA","COUNTY":"VIRGINIA BEACH","TYPE":"SUBSTATION","STATUS":"IN SERVICE","LATITUDE":36.907598090000079,"LONGITUDE":-76.172973050999985,"LINES":1,"MAX_VOLT":115,"MIN_VOLT":115,"SOURCE":"IMAGERY, https://www.dominionenergy.com/library/domcom/media/about-us/electric-projects/power-line-projects/greenwich-burton/greenwich-burton-postcard-map.pdf?la=en","SOURCEDATE":1406160000000,"VAL_METHOD":"IMAGERY","VAL_DATE":1551657600000}},{"type":"Feature","geometry":{"type":"Point","coordinates":[-76.1863486150012,36.8892361880033]},"properties":{"ID":"115505","NAME":"UNKNOWN115505","CITY":"VIRGINIA BEACH","STATE":"VA","COUNTY":"VIRGINIA BEACH","TYPE":"SUBSTATION","STATUS":"IN SERVICE","LATITUDE":36.889236188000041,"LONGITUDE":-76.186348614999986,"LINES":3,"MAX_VOLT":115,"MIN_VOLT":115,"SOURCE":"IMAGERY","SOURCEDATE":1406160000000,"VAL_METHOD":"IMAGERY","VAL_DATE":1406160000000}},{"type":"Feature","geometry":{"type":"Point","coordinates":[-76.0414299360012,36.8804439660032]},"properties":{"ID":"115506","NAME":"UNKNOWN115506","CITY":"VIRGINIA BEACH","STATE":"VA","COUNTY":"VIRGINIA BEACH","TYPE":"SUBSTATION","STATUS":"IN SERVICE","LATITUDE":36.88044396600003,"LONGITUDE":-76.041429935999986,"LINES":1,"MAX_VOLT":115,"MIN_VOLT":115,"SOURCE":"IMAGERY","SOURCEDATE":1406160000000,"VAL_METHOD":"IMAGERY","VAL_DATE":1406160000000}},{"type":"Feature","geometry":{"type":"Point","coordinates":[-76.0703632840012,36.9100723110033]},"properties":{"ID":"115507","NAME":"UNKNOWN115507","CITY":"VIRGINIA BEACH","STATE":"VA","COUNTY":"VIRGINIA BEACH","TYPE":"SUBSTATION","STATUS":"IN SERVICE","LATITUDE":36.910072311000079,"LONGITUDE":-76.070363283999939,"LINES":1,"MAX_VOLT":115,"MIN_VOLT":115,"SOURCE":"IMAGERY","SOURCEDATE":1406160000000,"VAL_METHOD":"IMAGERY","VAL_DATE":1406160000000}},{"type":"Feature","geometry":{"type":"Point","coordinates":[-76.1318553620012,36.8997487510033]},"properties":{"ID":"115508","NAME":"UNKNOWN115508","CITY":"VIRGINIA BEACH","STATE":"VA","COUNTY":"VIRGINIA BEACH","TYPE":"SUBSTATION","STATUS":"IN SERVICE","LATITUDE":36.899748751000061,"LONGITUDE":-76.131855361999953,"LINES":1,"MAX_VOLT":115,"MIN_VOLT":115,"SOURCE":"IMAGERY","SOURCEDATE":1406160000000,"VAL_METHOD":"IMAGERY","VAL_DATE":1406160000000}},{"type":"Feature","geometry":{"type":"Point","coordinates":[-76.2802841290012,36.9215480750032]},"properties":{"ID":"115509","NAME":"UNKNOWN115509","CITY":"NORFOLK","STATE":"VA","COUNTY":"NORFOLK","TYPE":"SUBSTATION","STATUS":"IN SERVICE","LATITUDE":36.921548075000032,"LONGITUDE":-76.280284128999938,"LINES":2,"MAX_VOLT":-999999,"MIN_VOLT":-999999,"SOURCE":"IMAGERY","SOURCEDATE":1406246400000,"VAL_METHOD":"IMAGERY","VAL_DATE":1406246400000}},{"type":"Feature","geometry":{"type":"Point","coordinates":[-76.2824760090012,36.9216749800032]},"properties":{"ID":"115510","NAME":"UNKNOWN115510","CITY":"NORFOLK","STATE":"VA","COUNTY":"NORFOLK","TYPE":"SUBSTATION","STATUS":"IN SERVICE","LATITUDE":36.921674980000034,"LONGITUDE":-76.282476008999936,"LINES":-999999,"MAX_VOLT":-999999,"MIN_VOLT":-999999,"SOURCE":"IMAGERY","SOURCEDATE":1406246400000,"VAL_METHOD":"IMAGERY","VAL_DATE":1406246400000}},{"type":"Feature","geometry":{"type":"Point","coordinates":[-76.1898066550012,36.9133823650033]},"properties":{"ID":"115512","NAME":"UNKNOWN115512","CITY":"NORFOLK","STATE":"VA","COUNTY":"VIRGINIA BEACH","TYPE":"SUBSTATION","STATUS":"IN SERVICE","LATITUDE":36.913382365000075,"LONGITUDE":-76.189806654999984,"LINES":2,"MAX_VOLT":-999999,"MIN_VOLT":-999999,"SOURCE":"IMAGERY","SOURCEDATE":1406246400000,"VAL_METHOD":"IMAGERY","VAL_DATE":1406246400000}},{"type":"Feature","geometry":{"type":"Point","coordinates":[-76.3190035120012,36.9514000900032]},"properties":{"ID":"115513","NAME":"UNKNOWN115513","CITY":"NORFOLK","STATE":"VA","COUNTY":"NORFOLK","TYPE":"SUBSTATION","STATUS":"IN SERVICE","LATITUDE":36.95140009000005,"LONGITUDE":-76.319003511999938,"LINES":-999999,"MAX_VOLT":-999999,"MIN_VOLT":-999999,"SOURCE":"IMAGERY","SOURCEDATE":1406246400000,"VAL_METHOD":"IMAGERY","VAL_DATE":1406246400000}},{"type":"Feature","geometry":{"type":"Point","coordinates":[-76.3196109090012,36.9386321560032]},"properties":{"ID":"115514","NAME":"UNKNOWN115514","CITY":"NORFOLK","STATE":"VA","COUNTY":"NORFOLK","TYPE":"SUBSTATION","STATUS":"IN SERVICE","LATITUDE":36.93863215600004,"LONGITUDE":-76.319610908999948,"LINES":-999999,"MAX_VOLT":-999999,"MIN_VOLT":-999999,"SOURCE":"IMAGERY","SOURCEDATE":1406246400000,"VAL_METHOD":"IMAGERY","VAL_DATE":1406246400000}},{"type":"Feature","geometry":{"type":"Point","coordinates":[-76.4182969930012,36.9998839100033]},"properties":{"ID":"115515","NAME":"UNKNOWN115515","CITY":"NEWPORT NEWS","STATE":"VA","COUNTY":"NEWPORT NEWS","TYPE":"SUBSTATION","STATUS":"IN SERVICE","LATITUDE":36.999883910000051,"LONGITUDE":-76.418296992999956,"LINES":2,"MAX_VOLT":115,"MIN_VOLT":115,"SOURCE":"IMAGERY","SOURCEDATE":1406246400000,"VAL_METHOD":"IMAGERY","VAL_DATE":1406246400000}},{"type":"Feature","geometry":{"type":"Point","coordinates":[-76.3259179140012,37.0307727430033]},"properties":{"ID":"115516","NAME":"UNKNOWN115516","CITY":"HAMPTON","STATE":"VA","COUNTY":"HAMPTON","TYPE":"SUBSTATION","STATUS":"IN SERVICE","LATITUDE":37.030772743000057,"LONGITUDE":-76.325917913999945,"LINES":2,"MAX_VOLT":115,"MIN_VOLT":115,"SOURCE":"IMAGERY","SOURCEDATE":1406246400000,"VAL_METHOD":"IMAGERY","VAL_DATE":1406246400000}},{"type":"Feature","geometry":{"type":"Point","coordinates":[-76.4296427120012,37.0283843320033]},"properties":{"ID":"115517","NAME":"UNKNOWN115517","CITY":"HAMPTON","STATE":"VA","COUNTY":"HAMPTON","TYPE":"SUBSTATION","STATUS":"IN SERVICE","LATITUDE":37.02838433200003,"LONGITUDE":-76.429642711999975,"LINES":2,"MAX_VOLT":230,"MIN_VOLT":230,"SOURCE":"IMAGERY","SOURCEDATE":1406246400000,"VAL_METHOD":"IMAGERY","VAL_DATE":1406246400000}},{"type":"Feature","geometry":{"type":"Point","coordinates":[-77.4168581340013,37.3858856370032]},"properties":{"ID":"115808","NAME":"UNKNOWN115808","CITY":"RICHMOND","STATE":"VA","COUNTY":"CHESTERFIELD","TYPE":"SUBSTATION","STATUS":"IN SERVICE","LATITUDE":37.385885637000058,"LONGITUDE":-77.416858133999938,"LINES":1,"MAX_VOLT":115,"MIN_VOLT":115,"SOURCE":"IMAGERY","SOURCEDATE":1407110400000,"VAL_METHOD":"IMAGERY","VAL_DATE":1407110400000}},{"type":"Feature","geometry":{"type":"Point","coordinates":[-77.5445225600013,37.5278572480032]},"properties":{"ID":"115809","NAME":"UNKNOWN115809","CITY":"RICHMOND","STATE":"VA","COUNTY":"CHESTERFIELD","TYPE":"SUBSTATION","STATUS":"IN SERVICE","LATITUDE":37.527857248000032,"LONGITUDE":-77.544522559999962,"LINES":1,"MAX_VOLT":115,"MIN_VOLT":115,"SOURCE":"IMAGERY","SOURCEDATE":1407110400000,"VAL_METHOD":"IMAGERY","VAL_DATE":1407110400000}},{"type":"Feature","geometry":{"type":"Point","coordinates":[-77.3891737960013,37.5882183110032]},"properties":{"ID":"115876","NAME":"UNKNOWN115876","CITY":"RICHMOND","STATE":"VA","COUNTY":"HENRICO","TYPE":"SUBSTATION","STATUS":"IN SERVICE","LATITUDE":37.588218311000048,"LONGITUDE":-77.389173795999966,"LINES":-999999,"MAX_VOLT":-999999,"MIN_VOLT":-999999,"SOURCE":"IMAGERY","SOURCEDATE":1407196800000,"VAL_METHOD":"IMAGERY","VAL_DATE":1407196800000}},{"type":"Feature","geometry":{"type":"Point","coordinates":[-77.4744585510013,37.5488870800032]},"properties":{"ID":"115877","NAME":"UNKNOWN115877","CITY":"RICHMOND","STATE":"VA","COUNTY":"RICHMOND","TYPE":"SUBSTATION","STATUS":"IN SERVICE","LATITUDE":37.548887080000043,"LONGITUDE":-77.474458550999941,"LINES":-999999,"MAX_VOLT":-999999,"MIN_VOLT":-999999,"SOURCE":"IMAGERY","SOURCEDATE":1407283200000,"VAL_METHOD":"IMAGERY","VAL_DATE":1407283200000}},{"type":"Feature","geometry":{"type":"Point","coordinates":[-77.4228638450013,37.5118557960033]},"properties":{"ID":"115878","NAME":"UNKNOWN115878","CITY":"RICHMOND","STATE":"VA","COUNTY":"RICHMOND","TYPE":"SUBSTATION","STATUS":"IN SERVICE","LATITUDE":37.511855796000077,"LONGITUDE":-77.422863844999938,"LINES":1,"MAX_VOLT":115,"MIN_VOLT":115,"SOURCE":"IMAGERY","SOURCEDATE":1407283200000,"VAL_METHOD":"IMAGERY","VAL_DATE":1407283200000}},{"type":"Feature","geometry":{"type":"Point","coordinates":[-77.4337882680013,37.5253885040032]},"properties":{"ID":"115879","NAME":"UNKNOWN115879","CITY":"RICHMOND","STATE":"VA","COUNTY":"RICHMOND","TYPE":"SUBSTATION","STATUS":"IN SERVICE","LATITUDE":37.525388504000034,"LONGITUDE":-77.433788267999944,"LINES":4,"MAX_VOLT":115,"MIN_VOLT":-999999,"SOURCE":"IMAGERY","SOURCEDATE":1407283200000,"VAL_METHOD":"IMAGERY","VAL_DATE":1407283200000}},{"type":"Feature","geometry":{"type":"Point","coordinates":[-77.4404739660013,37.5264190960032]},"properties":{"ID":"115880","NAME":"UNKNOWN115880","CITY":"RICHMOND","STATE":"VA","COUNTY":"RICHMOND","TYPE":"SUBSTATION","STATUS":"IN SERVICE","LATITUDE":37.526419096000041,"LONGITUDE":-77.440473965999956,"LINES":1,"MAX_VOLT":-999999,"MIN_VOLT":-999999,"SOURCE":"IMAGERY","SOURCEDATE":1407283200000,"VAL_METHOD":"IMAGERY","VAL_DATE":1407283200000}},{"type":"Feature","geometry":{"type":"Point","coordinates":[-77.3925262130013,37.3705359010032]},"properties":{"ID":"115881","NAME":"UNKNOWN115881","CITY":"CHESTER","STATE":"VA","COUNTY":"CHESTERFIELD","TYPE":"SUBSTATION","STATUS":"IN SERVICE","LATITUDE":37.370535901000039,"LONGITUDE":-77.39252621299994,"LINES":-999999,"MAX_VOLT":-999999,"MIN_VOLT":-999999,"SOURCE":"IMAGERY","SOURCEDATE":1407369600000,"VAL_METHOD":"IMAGERY","VAL_DATE":1407369600000}},{"type":"Feature","geometry":{"type":"Point","coordinates":[-77.5518778430013,37.7781902790032]},"properties":{"ID":"115893","NAME":"UNKNOWN115893","CITY":"ASHLAND","STATE":"VA","COUNTY":"HANOVER","TYPE":"SUBSTATION","STATUS":"IN SERVICE","LATITUDE":37.778190279000057,"LONGITUDE":-77.551877842999943,"LINES":3,"MAX_VOLT":-999999,"MIN_VOLT":-999999,"SOURCE":"IMAGERY","SOURCEDATE":1407974400000,"VAL_METHOD":"IMAGERY","VAL_DATE":1407974400000}},{"type":"Feature","geometry":{"type":"Point","coordinates":[-77.7317832360013,37.7885014730032]},"properties":{"ID":"115898","NAME":"UNKNOWN115898","CITY":"MONTPELIER","STATE":"VA","COUNTY":"HANOVER","TYPE":"SUBSTATION","STATUS":"IN SERVICE","LATITUDE":37.788501473000053,"LONGITUDE":-77.731783235999956,"LINES":1,"MAX_VOLT":-999999,"MIN_VOLT":-999999,"SOURCE":"IMAGERY","SOURCEDATE":1407974400000,"VAL_METHOD":"IMAGERY","VAL_DATE":1407974400000}},{"type":"Feature","geometry":{"type":"Point","coordinates":[-77.6329029610013,37.4500311190032]},"properties":{"ID":"116246","NAME":"UNKNOWN116246","CITY":"MIDLOTHIAN","STATE":"VA","COUNTY":"CHESTERFIELD","TYPE":"SUBSTATION","STATUS":"IN SERVICE","LATITUDE":37.450031119000073,"LONGITUDE":-77.632902960999957,"LINES":1,"MAX_VOLT":230,"MIN_VOLT":230,"SOURCE":"IMAGERY","SOURCEDATE":1407801600000,"VAL_METHOD":"IMAGERY","VAL_DATE":1407801600000}},{"type":"Feature","geometry":{"type":"Point","coordinates":[-77.8200350940013,37.5067702130032]},"properties":{"ID":"116247","NAME":"UNKNOWN116247","CITY":"POWHATAN","STATE":"VA","COUNTY":"POWHATAN","TYPE":"SUBSTATION","STATUS":"IN SERVICE","LATITUDE":37.506770213000038,"LONGITUDE":-77.820035093999934,"LINES":1,"MAX_VOLT":230,"MIN_VOLT":230,"SOURCE":"IMAGERY","SOURCEDATE":1407801600000,"VAL_METHOD":"IMAGERY","VAL_DATE":1407801600000}},{"type":"Feature","geometry":{"type":"Point","coordinates":[-77.9388152970013,37.5793090510032]},"properties":{"ID":"116248","NAME":"UNKNOWN116248","CITY":"POWHATAN","STATE":"VA","COUNTY":"POWHATAN","TYPE":"SUBSTATION","STATUS":"IN SERVICE","LATITUDE":37.579309051000052,"LONGITUDE":-77.938815296999962,"LINES":4,"MAX_VOLT":230,"MIN_VOLT":-999999,"SOURCE":"IMAGERY","SOURCEDATE":1407801600000,"VAL_METHOD":"IMAGERY","VAL_DATE":1407801600000}},{"type":"Feature","geometry":{"type":"Point","coordinates":[-77.9441174700013,37.5489315630032]},"properties":{"ID":"116249","NAME":"UNKNOWN116249","CITY":"POWHATAN","STATE":"VA","COUNTY":"POWHATAN","TYPE":"SUBSTATION","STATUS":"IN SERVICE","LATITUDE":37.548931563000053,"LONGITUDE":-77.944117469999981,"LINES":1,"MAX_VOLT":-999999,"MIN_VOLT":-999999,"SOURCE":"IMAGERY","SOURCEDATE":1407801600000,"VAL_METHOD":"IMAGERY","VAL_DATE":1407801600000}},{"type":"Feature","geometry":{"type":"Point","coordinates":[-77.9595351080013,37.4541362160032]},"properties":{"ID":"116250","NAME":"UNKNOWN116250","CITY":"AMELIA COURT HOUSE","STATE":"VA","COUNTY":"AMELIA","TYPE":"SUBSTATION","STATUS":"IN SERVICE","LATITUDE":37.454136216000052,"LONGITUDE":-77.959535107999955,"LINES":3,"MAX_VOLT":-999999,"MIN_VOLT":-999999,"SOURCE":"IMAGERY","SOURCEDATE":1407801600000,"VAL_METHOD":"IMAGERY","VAL_DATE":1407801600000}},{"type":"Feature","geometry":{"type":"Point","coordinates":[-77.8199599510013,37.5871292870032]},"properties":{"ID":"116251","NAME":"UNKNOWN116251","CITY":"POWHATAN","STATE":"VA","COUNTY":"POWHATAN","TYPE":"SUBSTATION","STATUS":"IN SERVICE","LATITUDE":37.587129287000039,"LONGITUDE":-77.819959950999987,"LINES":1,"MAX_VOLT":-999999,"MIN_VOLT":-999999,"SOURCE":"IMAGERY","SOURCEDATE":1407801600000,"VAL_METHOD":"IMAGERY","VAL_DATE":1407801600000}},{"type":"Feature","geometry":{"type":"Point","coordinates":[-77.9864119100013,37.2950617750032]},"properties":{"ID":"116252","NAME":"NOTTOWAY DIESEL GENERATING FACILITY","CITY":"AMELIA COURT HOUSE","STATE":"VA","COUNTY":"AMELIA","TYPE":"SUBSTATION","STATUS":"IN SERVICE","LATITUDE":37.295061775000079,"LONGITUDE":-77.986411909999958,"LINES":1,"MAX_VOLT":-999999,"MIN_VOLT":-999999,"SOURCE":"IMAGERY, EIA 860","SOURCEDATE":1407801600000,"VAL_METHOD":"IMAGERY","VAL_DATE":1622505600000}},{"type":"Feature","geometry":{"type":"Point","coordinates":[-77.9734232950014,37.0602293420032]},"properties":{"ID":"116253","NAME":"UNKNOWN116253","CITY":"BLACKSTONE","STATE":"VA","COUNTY":"NOTTOWAY","TYPE":"SUBSTATION","STATUS":"IN SERVICE","LATITUDE":37.060229342000071,"LONGITUDE":-77.973423294999975,"LINES":3,"MAX_VOLT":115,"MIN_VOLT":-999999,"SOURCE":"IMAGERY","SOURCEDATE":1407801600000,"VAL_METHOD":"IMAGERY","VAL_DATE":1407801600000}},{"type":"Feature","geometry":{"type":"Point","coordinates":[-77.9943119090013,37.0699009390032]},"properties":{"ID":"116254","NAME":"UNKNOWN116254","CITY":"BLACKSTONE","STATE":"VA","COUNTY":"NOTTOWAY","TYPE":"SUBSTATION","STATUS":"IN SERVICE","LATITUDE":37.069900939000036,"LONGITUDE":-77.994311908999975,"LINES":1,"MAX_VOLT":-999999,"MIN_VOLT":-999999,"SOURCE":"IMAGERY","SOURCEDATE":1407801600000,"VAL_METHOD":"IMAGERY","VAL_DATE":1407801600000}},{"type":"Feature","geometry":{"type":"Point","coordinates":[-77.9723894980013,37.0603009840032]},"properties":{"ID":"116255","NAME":"UNKNOWN116255","CITY":"BLACKSTONE","STATE":"VA","COUNTY":"NOTTOWAY","TYPE":"SUBSTATION","STATUS":"IN SERVICE","LATITUDE":37.060300984000037,"LONGITUDE":-77.972389497999984,"LINES":2,"MAX_VOLT":-999999,"MIN_VOLT":-999999,"SOURCE":"IMAGERY","SOURCEDATE":1407801600000,"VAL_METHOD":"IMAGERY","VAL_DATE":1508112000000}},{"type":"Feature","geometry":{"type":"Point","coordinates":[-77.3534921090013,37.4970506630032]},"properties":{"ID":"116256","NAME":"GRS RICHMOND","CITY":"HENRICO","STATE":"VA","COUNTY":"HENRICO","TYPE":"SUBSTATION","STATUS":"IN SERVICE","LATITUDE":37.497050663000039,"LONGITUDE":-77.353492108999944,"LINES":-999999,"MAX_VOLT":-999999,"MIN_VOLT":-999999,"SOURCE":"IMAGERY, EIA 860","SOURCEDATE":1407888000000,"VAL_METHOD":"IMAGERY","VAL_DATE":1622505600000}},{"type":"Feature","geometry":{"type":"Point","coordinates":[-77.2851633880012,37.3422367430032]},"properties":{"ID":"116257","NAME":"PHILIP MORRIS","CITY":"CHESTER","STATE":"VA","COUNTY":"CHESTERFIELD","TYPE":"SUBSTATION","STATUS":"IN SERVICE","LATITUDE":37.342236743000058,"LONGITUDE":-77.285163387999944,"LINES":2,"MAX_VOLT":230,"MIN_VOLT":230,"SOURCE":"IMAGERY, EIA 860","SOURCEDATE":1407888000000,"VAL_METHOD":"IMAGERY","VAL_DATE":1622505600000}},{"type":"Feature","geometry":{"type":"Point","coordinates":[-77.2921254130013,37.3494685600032]},"properties":{"ID":"116258","NAME":"UNKNOWN116258","CITY":"CHESTER","STATE":"VA","COUNTY":"CHESTERFIELD","TYPE":"SUBSTATION","STATUS":"IN SERVICE","LATITUDE":37.349468560000048,"LONGITUDE":-77.292125412999951,"LINES":2,"MAX_VOLT":230,"MIN_VOLT":230,"SOURCE":"IMAGERY","SOURCEDATE":1407888000000,"VAL_METHOD":"IMAGERY","VAL_DATE":1407888000000}},{"type":"Feature","geometry":{"type":"Point","coordinates":[-77.7064251050013,37.5030803520032]},"properties":{"ID":"116384","NAME":"UNKNOWN116384","CITY":"MIDLOTHIAN","STATE":"VA","COUNTY":"CHESTERFIELD","TYPE":"SUBSTATION","STATUS":"IN SERVICE","LATITUDE":37.50308035200004,"LONGITUDE":-77.706425104999937,"LINES":3,"MAX_VOLT":230,"MIN_VOLT":230,"SOURCE":"IMAGERY","SOURCEDATE":1407715200000,"VAL_METHOD":"IMAGERY","VAL_DATE":1407715200000}},{"type":"Feature","geometry":{"type":"Point","coordinates":[-77.8195444200013,37.8732765530032]},"properties":{"ID":"116426","NAME":"UNKNOWN116426","CITY":"BUMPASS","STATE":"VA","COUNTY":"LOUISA","TYPE":"SUBSTATION","STATUS":"IN SERVICE","LATITUDE":37.873276553000039,"LONGITUDE":-77.819544419999943,"LINES":2,"MAX_VOLT":-999999,"MIN_VOLT":-999999,"SOURCE":"IMAGERY","SOURCEDATE":1408060800000,"VAL_METHOD":"IMAGERY","VAL_DATE":1408060800000}},{"type":"Feature","geometry":{"type":"Point","coordinates":[-78.0267797530013,38.0074479560032]},"properties":{"ID":"116427","NAME":"UNKNOWN116427","CITY":"LOUISA","STATE":"VA","COUNTY":"LOUISA","TYPE":"SUBSTATION","STATUS":"IN SERVICE","LATITUDE":38.007447956000078,"LONGITUDE":-78.026779752999971,"LINES":2,"MAX_VOLT":230,"MIN_VOLT":230,"SOURCE":"IMAGERY","SOURCEDATE":1408060800000,"VAL_METHOD":"IMAGERY","VAL_DATE":1408060800000}},{"type":"Feature","geometry":{"type":"Point","coordinates":[-78.0284572730013,38.0097262900032]},"properties":{"ID":"116428","NAME":"UNKNOWN116428","CITY":"LOUISA","STATE":"VA","COUNTY":"LOUISA","TYPE":"SUBSTATION","STATUS":"IN SERVICE","LATITUDE":38.00972629000006,"LONGITUDE":-78.028457272999958,"LINES":1,"MAX_VOLT":230,"MIN_VOLT":230,"SOURCE":"IMAGERY","SOURCEDATE":1408060800000,"VAL_METHOD":"IMAGERY","VAL_DATE":1408060800000}},{"type":"Feature","geometry":{"type":"Point","coordinates":[-78.2154613940014,38.1174189030032]},"properties":{"ID":"116429","NAME":"LOUISA GENERATION FACILITY","CITY":"GORDONSVILLE","STATE":"VA","COUNTY":"LOUISA","TYPE":"SUBSTATION","STATUS":"IN SERVICE","LATITUDE":38.117418903000043,"LONGITUDE":-78.215461393999988,"LINES":3,"MAX_VOLT":230,"MIN_VOLT":230,"SOURCE":"IMAGERY, EIA 860","SOURCEDATE":1408060800000,"VAL_METHOD":"IMAGERY","VAL_DATE":1622505600000}},{"type":"Feature","geometry":{"type":"Point","coordinates":[-78.2042180840013,38.1240651220032]},"properties":{"ID":"116430","NAME":"GORDONSVILLE ENERGY LP","CITY":"GORDONSVILLE","STATE":"VA","COUNTY":"LOUISA","TYPE":"SUBSTATION","STATUS":"IN SERVICE","LATITUDE":38.124065122000047,"LONGITUDE":-78.204218083999933,"LINES":3,"MAX_VOLT":230,"MIN_VOLT":230,"SOURCE":"IMAGERY, EIA 860","SOURCEDATE":1408060800000,"VAL_METHOD":"IMAGERY","VAL_DATE":1622505600000}},{"type":"Feature","geometry":{"type":"Point","coordinates":[-78.2884485760013,37.7097317380032]},"properties":{"ID":"116432","NAME":"BREMO BLUFF","CITY":"BREMO BLUFF","STATE":"VA","COUNTY":"FLUVANNA","TYPE":"SUBSTATION","STATUS":"IN SERVICE","LATITUDE":37.709731738000073,"LONGITUDE":-78.288448575999951,"LINES":10,"MAX_VOLT":230,"MIN_VOLT":-999999,"SOURCE":"IMAGERY, EIA 860","SOURCEDATE":1408060800000,"VAL_METHOD":"IMAGERY","VAL_DATE":1622505600000}},{"type":"Feature","geometry":{"type":"Point","coordinates":[-78.1741164960013,37.7593183430032]},"properties":{"ID":"116434","NAME":"UNKNOWN116434","CITY":"COLUMBIA","STATE":"VA","COUNTY":"FLUVANNA","TYPE":"SUBSTATION","STATUS":"IN SERVICE","LATITUDE":37.759318343000075,"LONGITUDE":-78.174116495999954,"LINES":1,"MAX_VOLT":-999999,"MIN_VOLT":-999999,"SOURCE":"IMAGERY","SOURCEDATE":1408060800000,"VAL_METHOD":"IMAGERY","VAL_DATE":1408060800000}},{"type":"Feature","geometry":{"type":"Point","coordinates":[-78.1978266550013,37.9676611720032]},"properties":{"ID":"116437","NAME":"UNKNOWN116437","CITY":"LOUISA","STATE":"VA","COUNTY":"LOUISA","TYPE":"SUBSTATION","STATUS":"IN SERVICE","LATITUDE":37.967661172000078,"LONGITUDE":-78.197826654999972,"LINES":2,"MAX_VOLT":-999999,"MIN_VOLT":-999999,"SOURCE":"IMAGERY","SOURCEDATE":1408060800000,"VAL_METHOD":"IMAGERY","VAL_DATE":1408060800000}},{"type":"Feature","geometry":{"type":"Point","coordinates":[-78.3504056040013,37.4917057590032]},"properties":{"ID":"116439","NAME":"UNKNOWN116439","CITY":"CUMBERLAND","STATE":"VA","COUNTY":"CUMBERLAND","TYPE":"SUBSTATION","STATUS":"IN SERVICE","LATITUDE":37.49170575900007,"LONGITUDE":-78.350405603999945,"LINES":3,"MAX_VOLT":230,"MIN_VOLT":-999999,"SOURCE":"IMAGERY","SOURCEDATE":1408060800000,"VAL_METHOD":"IMAGERY","VAL_DATE":1408060800000}},{"type":"Feature","geometry":{"type":"Point","coordinates":[-78.6794391740014,37.2548724840032]},"properties":{"ID":"116456","NAME":"UNKNOWN116456","CITY":"PAMPLIN","STATE":"VA","COUNTY":"PRINCE EDWARD","TYPE":"SUBSTATION","STATUS":"IN SERVICE","LATITUDE":37.254872484000032,"LONGITUDE":-78.679439173999981,"LINES":2,"MAX_VOLT":115,"MIN_VOLT":115,"SOURCE":"IMAGERY","SOURCEDATE":1408320000000,"VAL_METHOD":"IMAGERY","VAL_DATE":1408320000000}},{"type":"Feature","geometry":{"type":"Point","coordinates":[-78.4791315990014,37.4484397050032]},"properties":{"ID":"116457","NAME":"UNKNOWN116457","CITY":"DILLWYN","STATE":"VA","COUNTY":"BUCKINGHAM","TYPE":"SUBSTATION","STATUS":"IN SERVICE","LATITUDE":37.448439705000055,"LONGITUDE":-78.47913159899997,"LINES":1,"MAX_VOLT":115,"MIN_VOLT":115,"SOURCE":"IMAGERY","SOURCEDATE":1408320000000,"VAL_METHOD":"IMAGERY","VAL_DATE":1408320000000}},{"type":"Feature","geometry":{"type":"Point","coordinates":[-78.4632562450014,37.3220605240032]},"properties":{"ID":"116458","NAME":"UNKNOWN116458","CITY":"FARMVILLE","STATE":"VA","COUNTY":"PRINCE EDWARD","TYPE":"SUBSTATION","STATUS":"IN SERVICE","LATITUDE":37.322060524000051,"LONGITUDE":-78.463256244999968,"LINES":3,"MAX_VOLT":115,"MIN_VOLT":115,"SOURCE":"IMAGERY","SOURCEDATE":1408320000000,"VAL_METHOD":"IMAGERY","VAL_DATE":1408320000000}},{"type":"Feature","geometry":{"type":"Point","coordinates":[-78.2795652360013,37.2316141400032]},"properties":{"ID":"116459","NAME":"UNKNOWN116459","CITY":"RICE","STATE":"VA","COUNTY":"PRINCE EDWARD","TYPE":"SUBSTATION","STATUS":"IN SERVICE","LATITUDE":37.231614140000033,"LONGITUDE":-78.279565235999939,"LINES":1,"MAX_VOLT":115,"MIN_VOLT":115,"SOURCE":"IMAGERY","SOURCEDATE":1408320000000,"VAL_METHOD":"IMAGERY","VAL_DATE":1408320000000}},{"type":"Feature","geometry":{"type":"Point","coordinates":[-78.3375201420014,37.3242212160032]},"properties":{"ID":"116460","NAME":"UNKNOWN116460","CITY":"FARMVILLE","STATE":"VA","COUNTY":"CUMBERLAND","TYPE":"SUBSTATION","STATUS":"IN SERVICE","LATITUDE":37.324221216000069,"LONGITUDE":-78.33752014199996,"LINES":-999999,"MAX_VOLT":-999999,"MIN_VOLT":-999999,"SOURCE":"IMAGERY","SOURCEDATE":1408320000000,"VAL_METHOD":"IMAGERY","VAL_DATE":1408320000000}},{"type":"Feature","geometry":{"type":"Point","coordinates":[-78.3204887420013,37.8868032290032]},"properties":{"ID":"116461","NAME":"UNKNOWN116461","CITY":"PALMYRA","STATE":"VA","COUNTY":"FLUVANNA","TYPE":"SUBSTATION","STATUS":"IN SERVICE","LATITUDE":37.886803229000066,"LONGITUDE":-78.320488741999952,"LINES":1,"MAX_VOLT":230,"MIN_VOLT":230,"SOURCE":"IMAGERY","SOURCEDATE":1408320000000,"VAL_METHOD":"IMAGERY","VAL_DATE":1408320000000}},{"type":"Feature","geometry":{"type":"Point","coordinates":[-77.9191599850013,37.9706103190032]},"properties":{"ID":"116462","NAME":"UNKNOWN116462","CITY":"MINERAL","STATE":"VA","COUNTY":"LOUISA","TYPE":"SUBSTATION","STATUS":"IN SERVICE","LATITUDE":37.970610319000059,"LONGITUDE":-77.919159984999965,"LINES":1,"MAX_VOLT":-999999,"MIN_VOLT":-999999,"SOURCE":"IMAGERY","SOURCEDATE":1408320000000,"VAL_METHOD":"IMAGERY","VAL_DATE":1408320000000}},{"type":"Feature","geometry":{"type":"Point","coordinates":[-77.7636220350013,37.9619885600032]},"properties":{"ID":"116463","NAME":"UNKNOWN116463","CITY":"BUMPASS","STATE":"VA","COUNTY":"LOUISA","TYPE":"SUBSTATION","STATUS":"IN SERVICE","LATITUDE":37.961988560000066,"LONGITUDE":-77.763622034999969,"LINES":2,"MAX_VOLT":115,"MIN_VOLT":-999999,"SOURCE":"IMAGERY","SOURCEDATE":1408320000000,"VAL_METHOD":"IMAGERY","VAL_DATE":1408320000000}},{"type":"Feature","geometry":{"type":"Point","coordinates":[-77.5397880810013,37.7908096200032]},"properties":{"ID":"116464","NAME":"UNKNOWN116464","CITY":"ASHLAND","STATE":"VA","COUNTY":"HANOVER","TYPE":"SUBSTATION","STATUS":"IN SERVICE","LATITUDE":37.790809620000061,"LONGITUDE":-77.539788080999983,"LINES":1,"MAX_VOLT":-999999,"MIN_VOLT":-999999,"SOURCE":"IMAGERY","SOURCEDATE":1408320000000,"VAL_METHOD":"IMAGERY","VAL_DATE":1408320000000}},{"type":"Feature","geometry":{"type":"Point","coordinates":[-76.8132342590012,37.5528272340033]},"properties":{"ID":"116465","NAME":"UNKNOWN116465","CITY":"WEST POINT","STATE":"VA","COUNTY":"KING WILLIAM","TYPE":"SUBSTATION","STATUS":"IN SERVICE","LATITUDE":37.552827234000063,"LONGITUDE":-76.813234258999955,"LINES":4,"MAX_VOLT":230,"MIN_VOLT":230,"SOURCE":"IMAGERY","SOURCEDATE":1408320000000,"VAL_METHOD":"IMAGERY","VAL_DATE":1408320000000}},{"type":"Feature","geometry":{"type":"Point","coordinates":[-76.7019292850012,37.5434294990033]},"properties":{"ID":"116466","NAME":"UNKNOWN116466","CITY":"SALUDA","STATE":"VA","COUNTY":"KING AND QUEEN","TYPE":"SUBSTATION","STATUS":"IN SERVICE","LATITUDE":37.543429499000069,"LONGITUDE":-76.701929284999949,"LINES":1,"MAX_VOLT":230,"MIN_VOLT":230,"SOURCE":"IMAGERY","SOURCEDATE":1408320000000,"VAL_METHOD":"IMAGERY","VAL_DATE":1408320000000}},{"type":"Feature","geometry":{"type":"Point","coordinates":[-77.1645307170012,37.7546881270032]},"properties":{"ID":"116467","NAME":"UNKNOWN116467","CITY":"AYLETT","STATE":"VA","COUNTY":"KING WILLIAM","TYPE":"SUBSTATION","STATUS":"IN SERVICE","LATITUDE":37.754688127000065,"LONGITUDE":-77.164530716999934,"LINES":1,"MAX_VOLT":115,"MIN_VOLT":115,"SOURCE":"IMAGERY","SOURCEDATE":1408320000000,"VAL_METHOD":"IMAGERY","VAL_DATE":1408320000000}},{"type":"Feature","geometry":{"type":"Point","coordinates":[-77.2604902390013,37.7988075340032]},"properties":{"ID":"116468","NAME":"UNKNOWN116468","CITY":"HANOVER","STATE":"VA","COUNTY":"KING WILLIAM","TYPE":"SUBSTATION","STATUS":"IN SERVICE","LATITUDE":37.798807534000048,"LONGITUDE":-77.260490238999978,"LINES":2,"MAX_VOLT":115,"MIN_VOLT":115,"SOURCE":"IMAGERY","SOURCEDATE":1408320000000,"VAL_METHOD":"IMAGERY","VAL_DATE":1408320000000}},{"type":"Feature","geometry":{"type":"Point","coordinates":[-77.4737784180012,38.2245651210032]},"properties":{"ID":"116469","NAME":"SLABTOWN","CITY":"FREDERICKSBURG","STATE":"VA","COUNTY":"SPOTSYLVANIA","TYPE":"SUBSTATION","STATUS":"IN SERVICE","LATITUDE":38.224565121000069,"LONGITUDE":-77.473778417999938,"LINES":1,"MAX_VOLT":115,"MIN_VOLT":115,"SOURCE":"IMAGERY, https://www.dominionenergy.com/library/domcom/media/about-us/electric-projects/power-line-projects/four-rivers-fredericksburg/route-map-9817.pdf?la=en","SOURCEDATE":1408406400000,"VAL_METHOD":"IMAGERY","VAL_DATE":1551830400000}},{"type":"Feature","geometry":{"type":"Point","coordinates":[-77.5445802740013,38.0027244000032]},"properties":{"ID":"116473","NAME":"UNKNOWN116473","CITY":"RUTHER GLEN","STATE":"VA","COUNTY":"CAROLINE","TYPE":"SUBSTATION","STATUS":"IN SERVICE","LATITUDE":38.002724400000034,"LONGITUDE":-77.544580273999941,"LINES":2,"MAX_VOLT":115,"MIN_VOLT":115,"SOURCE":"IMAGERY","SOURCEDATE":1408406400000,"VAL_METHOD":"IMAGERY","VAL_DATE":1408406400000}},{"type":"Feature","geometry":{"type":"Point","coordinates":[-77.5992623350013,38.1467802040032]},"properties":{"ID":"116474","NAME":"UNKNOWN116474","CITY":"SPOTSYLVANIA","STATE":"VA","COUNTY":"SPOTSYLVANIA","TYPE":"SUBSTATION","STATUS":"IN SERVICE","LATITUDE":38.146780204000038,"LONGITUDE":-77.599262334999935,"LINES":1,"MAX_VOLT":115,"MIN_VOLT":115,"SOURCE":"IMAGERY","SOURCEDATE":1408406400000,"VAL_METHOD":"IMAGERY","VAL_DATE":1408406400000}},{"type":"Feature","geometry":{"type":"Point","coordinates":[-77.2030462370013,38.1650733930032]},"properties":{"ID":"116475","NAME":"UNKNOWN116475","CITY":"PORT ROYAL","STATE":"VA","COUNTY":"CAROLINE","TYPE":"SUBSTATION","STATUS":"IN SERVICE","LATITUDE":38.165073393000057,"LONGITUDE":-77.203046236999967,"LINES":1,"MAX_VOLT":-999999,"MIN_VOLT":-999999,"SOURCE":"IMAGERY","SOURCEDATE":1408406400000,"VAL_METHOD":"IMAGERY","VAL_DATE":1408406400000}},{"type":"Feature","geometry":{"type":"Point","coordinates":[-77.3355337650013,38.0705253270032]},"properties":{"ID":"116476","NAME":"UNKNOWN116476","CITY":"BOWLING GREEN","STATE":"VA","COUNTY":"CAROLINE","TYPE":"SUBSTATION","STATUS":"IN SERVICE","LATITUDE":38.070525327000041,"LONGITUDE":-77.33553376499998,"LINES":2,"MAX_VOLT":-999999,"MIN_VOLT":-999999,"SOURCE":"IMAGERY","SOURCEDATE":1408406400000,"VAL_METHOD":"IMAGERY","VAL_DATE":1408406400000}},{"type":"Feature","geometry":{"type":"Point","coordinates":[-77.3952844210013,38.1728633670032]},"properties":{"ID":"116477","NAME":"UNKNOWN116477","CITY":"WOODFORD","STATE":"VA","COUNTY":"CAROLINE","TYPE":"SUBSTATION","STATUS":"IN SERVICE","LATITUDE":38.172863367000048,"LONGITUDE":-77.395284420999985,"LINES":1,"MAX_VOLT":-999999,"MIN_VOLT":-999999,"SOURCE":"IMAGERY","SOURCEDATE":1408406400000,"VAL_METHOD":"IMAGERY","VAL_DATE":1408406400000}},{"type":"Feature","geometry":{"type":"Point","coordinates":[-77.6134481190013,37.9899244960032]},"properties":{"ID":"116479","NAME":"UNKNOWN116479","CITY":"BEAVERDAM","STATE":"VA","COUNTY":"CAROLINE","TYPE":"SUBSTATION","STATUS":"IN SERVICE","LATITUDE":37.989924496000071,"LONGITUDE":-77.613448118999941,"LINES":1,"MAX_VOLT":115,"MIN_VOLT":115,"SOURCE":"IMAGERY","SOURCEDATE":1408406400000,"VAL_METHOD":"IMAGERY","VAL_DATE":1408406400000}},{"type":"Feature","geometry":{"type":"Point","coordinates":[-77.5102213500013,38.0111791300032]},"properties":{"ID":"116480","NAME":"UNKNOWN116480","CITY":"RUTHER GLEN","STATE":"VA","COUNTY":"CAROLINE","TYPE":"SUBSTATION","STATUS":"IN SERVICE","LATITUDE":38.011179130000073,"LONGITUDE":-77.510221349999938,"LINES":1,"MAX_VOLT":115,"MIN_VOLT":115,"SOURCE":"IMAGERY","SOURCEDATE":1408406400000,"VAL_METHOD":"IMAGERY","VAL_DATE":1408406400000}},{"type":"Feature","geometry":{"type":"Point","coordinates":[-77.8626803300013,38.2888660470032]},"properties":{"ID":"116481","NAME":"UNKNOWN116481","CITY":"RHOADESVILLE","STATE":"VA","COUNTY":"ORANGE","TYPE":"SUBSTATION","STATUS":"IN SERVICE","LATITUDE":38.288866047000056,"LONGITUDE":-77.862680329999989,"LINES":2,"MAX_VOLT":115,"MIN_VOLT":115,"SOURCE":"IMAGERY","SOURCEDATE":1408492800000,"VAL_METHOD":"IMAGERY","VAL_DATE":1408492800000}},{"type":"Feature","geometry":{"type":"Point","coordinates":[-77.9473808140013,38.3337840050032]},"properties":{"ID":"116482","NAME":"UNKNOWN116482","CITY":"CULPEPER","STATE":"VA","COUNTY":"ORANGE","TYPE":"SUBSTATION","STATUS":"IN SERVICE","LATITUDE":38.333784005000041,"LONGITUDE":-77.947380813999985,"LINES":3,"MAX_VOLT":115,"MIN_VOLT":115,"SOURCE":"IMAGERY","SOURCEDATE":1408492800000,"VAL_METHOD":"IMAGERY","VAL_DATE":1408492800000}},{"type":"Feature","geometry":{"type":"Point","coordinates":[-77.9554776440013,38.3157350800031]},"properties":{"ID":"116483","NAME":"UNKNOWN116483","CITY":"CULPEPER","STATE":"VA","COUNTY":"ORANGE","TYPE":"SUBSTATION","STATUS":"IN SERVICE","LATITUDE":38.315735080000024,"LONGITUDE":-77.955477643999984,"LINES":1,"MAX_VOLT":115,"MIN_VOLT":115,"SOURCE":"IMAGERY","SOURCEDATE":1408492800000,"VAL_METHOD":"IMAGERY","VAL_DATE":1408492800000}},{"type":"Feature","geometry":{"type":"Point","coordinates":[-78.1932649420013,38.1469481420032]},"properties":{"ID":"116484","NAME":"UNKNOWN116484","CITY":"GORDONSVILLE","STATE":"VA","COUNTY":"ORANGE","TYPE":"SUBSTATION","STATUS":"IN SERVICE","LATITUDE":38.146948142000042,"LONGITUDE":-78.193264941999985,"LINES":2,"MAX_VOLT":115,"MIN_VOLT":115,"SOURCE":"IMAGERY","SOURCEDATE":1408492800000,"VAL_METHOD":"IMAGERY","VAL_DATE":1408492800000}},{"type":"Feature","geometry":{"type":"Point","coordinates":[-78.1092409540013,38.2405700570032]},"properties":{"ID":"116485","NAME":"UNKNOWN116485","CITY":"ORANGE","STATE":"VA","COUNTY":"ORANGE","TYPE":"SUBSTATION","STATUS":"IN SERVICE","LATITUDE":38.24057005700007,"LONGITUDE":-78.109240953999972,"LINES":1,"MAX_VOLT":115,"MIN_VOLT":115,"SOURCE":"IMAGERY","SOURCEDATE":1408492800000,"VAL_METHOD":"IMAGERY","VAL_DATE":1408492800000}},{"type":"Feature","geometry":{"type":"Point","coordinates":[-77.9684429170013,38.1966981960032]},"properties":{"ID":"116486","NAME":"UNKNOWN116486","CITY":"ORANGE","STATE":"VA","COUNTY":"ORANGE","TYPE":"SUBSTATION","STATUS":"IN SERVICE","LATITUDE":38.196698196000057,"LONGITUDE":-77.968442916999948,"LINES":-999999,"MAX_VOLT":-999999,"MIN_VOLT":-999999,"SOURCE":"IMAGERY","SOURCEDATE":1408492800000,"VAL_METHOD":"IMAGERY","VAL_DATE":1408492800000}},{"type":"Feature","geometry":{"type":"Point","coordinates":[-77.9916736740013,38.0985729520032]},"properties":{"ID":"116487","NAME":"UNKNOWN116487","CITY":"LOUISA","STATE":"VA","COUNTY":"LOUISA","TYPE":"SUBSTATION","STATUS":"IN SERVICE","LATITUDE":38.09857295200004,"LONGITUDE":-77.991673673999969,"LINES":1,"MAX_VOLT":115,"MIN_VOLT":115,"SOURCE":"IMAGERY","SOURCEDATE":1408492800000,"VAL_METHOD":"IMAGERY","VAL_DATE":1408492800000}},{"type":"Feature","geometry":{"type":"Point","coordinates":[-76.8435456640012,38.0811789710032]},"properties":{"ID":"116489","NAME":"UNKNOWN116489","CITY":"WARSAW","STATE":"VA","COUNTY":"RICHMOND","TYPE":"SUBSTATION","STATUS":"IN SERVICE","LATITUDE":38.081178971000043,"LONGITUDE":-76.843545663999976,"LINES":2,"MAX_VOLT":230,"MIN_VOLT":230,"SOURCE":"IMAGERY","SOURCEDATE":1408492800000,"VAL_METHOD":"IMAGERY","VAL_DATE":1408492800000}},{"type":"Feature","geometry":{"type":"Point","coordinates":[-76.5631341780012,37.8640623770032]},"properties":{"ID":"116490","NAME":"UNKNOWN116490","CITY":"FARNHAM","STATE":"VA","COUNTY":"RICHMOND","TYPE":"SUBSTATION","STATUS":"IN SERVICE","LATITUDE":37.864062377000039,"LONGITUDE":-76.563134177999984,"LINES":2,"MAX_VOLT":115,"MIN_VOLT":-999999,"SOURCE":"IMAGERY","SOURCEDATE":1408492800000,"VAL_METHOD":"IMAGERY","VAL_DATE":1408492800000}},{"type":"Feature","geometry":{"type":"Point","coordinates":[-76.3936006840012,37.7080249730033]},"properties":{"ID":"116491","NAME":"UNKNOWN116491","CITY":"WEEMS","STATE":"VA","COUNTY":"LANCASTER","TYPE":"SUBSTATION","STATUS":"IN SERVICE","LATITUDE":37.708024973000079,"LONGITUDE":-76.393600683999978,"LINES":2,"MAX_VOLT":115,"MIN_VOLT":115,"SOURCE":"IMAGERY","SOURCEDATE":1408492800000,"VAL_METHOD":"IMAGERY","VAL_DATE":1408492800000}},{"type":"Feature","geometry":{"type":"Point","coordinates":[-76.5783126660012,37.8512387550032]},"properties":{"ID":"116492","NAME":"UNKNOWN116492","CITY":"FARNHAM","STATE":"VA","COUNTY":"RICHMOND","TYPE":"SUBSTATION","STATUS":"IN SERVICE","LATITUDE":37.851238755000054,"LONGITUDE":-76.578312665999988,"LINES":-999999,"MAX_VOLT":-999999,"MIN_VOLT":-999999,"SOURCE":"IMAGERY","SOURCEDATE":1408492800000,"VAL_METHOD":"IMAGERY","VAL_DATE":1408492800000}},{"type":"Feature","geometry":{"type":"Point","coordinates":[-76.5441999990012,37.7373819020032]},"properties":{"ID":"116493","NAME":"UNKNOWN116493","CITY":"LANCASTER","STATE":"VA","COUNTY":"LANCASTER","TYPE":"SUBSTATION","STATUS":"IN SERVICE","LATITUDE":37.737381902000038,"LONGITUDE":-76.544199998999943,"LINES":-999999,"MAX_VOLT":-999999,"MIN_VOLT":-999999,"SOURCE":"IMAGERY","SOURCEDATE":1408492800000,"VAL_METHOD":"IMAGERY","VAL_DATE":1408492800000}},{"type":"Feature","geometry":{"type":"Point","coordinates":[-76.5211808990012,37.7001651050033]},"properties":{"ID":"116494","NAME":"UNKNOWN116494","CITY":"LANCASTER","STATE":"VA","COUNTY":"LANCASTER","TYPE":"SUBSTATION","STATUS":"IN SERVICE","LATITUDE":37.700165105000053,"LONGITUDE":-76.521180898999944,"LINES":-999999,"MAX_VOLT":-999999,"MIN_VOLT":-999999,"SOURCE":"IMAGERY","SOURCEDATE":1408492800000,"VAL_METHOD":"IMAGERY","VAL_DATE":1408492800000}},{"type":"Feature","geometry":{"type":"Point","coordinates":[-76.9640668630012,37.8924377960032]},"properties":{"ID":"116495","NAME":"UNKNOWN116495","CITY":"TAPPAHANNOCK","STATE":"VA","COUNTY":"ESSEX","TYPE":"SUBSTATION","STATUS":"IN SERVICE","LATITUDE":37.892437796000024,"LONGITUDE":-76.964066862999971,"LINES":2,"MAX_VOLT":-999999,"MIN_VOLT":-999999,"SOURCE":"IMAGERY","SOURCEDATE":1408579200000,"VAL_METHOD":"IMAGERY","VAL_DATE":1408579200000}},{"type":"Feature","geometry":{"type":"Point","coordinates":[-77.2176296040013,37.9634700220032]},"properties":{"ID":"116496","NAME":"UNKNOWN116496","CITY":"BOWLING GREEN","STATE":"VA","COUNTY":"CAROLINE","TYPE":"SUBSTATION","STATUS":"IN SERVICE","LATITUDE":37.963470022000024,"LONGITUDE":-77.217629603999967,"LINES":2,"MAX_VOLT":-999999,"MIN_VOLT":-999999,"SOURCE":"IMAGERY","SOURCEDATE":1408579200000,"VAL_METHOD":"IMAGERY","VAL_DATE":1408579200000}},{"type":"Feature","geometry":{"type":"Point","coordinates":[-77.5593965960013,38.4814250060032]},"properties":{"ID":"116497","NAME":"UNKNOWN116497","CITY":"STAFFORD","STATE":"VA","COUNTY":"STAFFORD","TYPE":"SUBSTATION","STATUS":"IN SERVICE","LATITUDE":38.481425006000052,"LONGITUDE":-77.559396595999942,"LINES":1,"MAX_VOLT":115,"MIN_VOLT":115,"SOURCE":"IMAGERY","SOURCEDATE":1408579200000,"VAL_METHOD":"IMAGERY","VAL_DATE":1408579200000}},{"type":"Feature","geometry":{"type":"Point","coordinates":[-77.9266423110013,38.6516967850032]},"properties":{"ID":"116654","NAME":"UNKNOWN116654","CITY":"JEFFERSONTON","STATE":"VA","COUNTY":"CULPEPER","TYPE":"SUBSTATION","STATUS":"IN SERVICE","LATITUDE":38.65169678500007,"LONGITUDE":-77.926642310999966,"LINES":1,"MAX_VOLT":-999999,"MIN_VOLT":-999999,"SOURCE":"IMAGERY","SOURCEDATE":1408579200000,"VAL_METHOD":"IMAGERY","VAL_DATE":1408579200000}},{"type":"Feature","geometry":{"type":"Point","coordinates":[-77.1935781410013,38.7473507940032]},"properties":{"ID":"116656","NAME":"UNKNOWN116656","CITY":"SPRINGFIELD","STATE":"VA","COUNTY":"FAIRFAX","TYPE":"SUBSTATION","STATUS":"IN SERVICE","LATITUDE":38.747350794000056,"LONGITUDE":-77.193578140999989,"LINES":2,"MAX_VOLT":230,"MIN_VOLT":230,"SOURCE":"IMAGERY","SOURCEDATE":1408579200000,"VAL_METHOD":"IMAGERY","VAL_DATE":1408579200000}},{"type":"Feature","geometry":{"type":"Point","coordinates":[-77.1576971150012,38.8857274580032]},"properties":{"ID":"116658","NAME":"FALLS CHURCH","CITY":"ARLINGTON","STATE":"VA","COUNTY":"ARLINGTON","TYPE":"SUBSTATION","STATUS":"IN SERVICE","LATITUDE":38.885727458000076,"LONGITUDE":-77.157697114999962,"LINES":4,"MAX_VOLT":230,"MIN_VOLT":230,"SOURCE":"IMAGERY, https://www.alexandriava.gov/uploadedFiles/special/dominion/DVP%20Presentation%2003-23-16%20230%20kV%20Update.pdf","SOURCEDATE":1408665600000,"VAL_METHOD":"IMAGERY","VAL_DATE":1512000000000}},{"type":"Feature","geometry":{"type":"Point","coordinates":[-77.3750047770013,38.7675539560032]},"properties":{"ID":"116659","NAME":"MOORE","CITY":"CLIFTON","STATE":"VA","COUNTY":"FAIRFAX","TYPE":"SUBSTATION","STATUS":"IN SERVICE","LATITUDE":38.767553956000029,"LONGITUDE":-77.375004776999958,"LINES":1,"MAX_VOLT":230,"MIN_VOLT":230,"SOURCE":"IMAGERY, https://www.pjm.com/-/media/committees-groups/committees/teac/20181213/20181213-reliability-analysis-update.ashx","SOURCEDATE":1408665600000,"VAL_METHOD":"IMAGERY","VAL_DATE":1552521600000}},{"type":"Feature","geometry":{"type":"Point","coordinates":[-77.2811792860012,38.5374136020032]},"properties":{"ID":"116661","NAME":"POSSUM POINT","CITY":"DUMFRIES","STATE":"VA","COUNTY":"PRINCE WILLIAM","TYPE":"SUBSTATION","STATUS":"IN SERVICE","LATITUDE":38.537413602000072,"LONGITUDE":-77.28117928599994,"LINES":7,"MAX_VOLT":230,"MIN_VOLT":115,"SOURCE":"IMAGERY, EIA 860","SOURCEDATE":1408665600000,"VAL_METHOD":"IMAGERY","VAL_DATE":1622505600000}},{"type":"Feature","geometry":{"type":"Point","coordinates":[-77.2782430310013,38.5517391470032]},"properties":{"ID":"116662","NAME":"UNKNOWN116662","CITY":"DUMFRIES","STATE":"VA","COUNTY":"PRINCE WILLIAM","TYPE":"SUBSTATION","STATUS":"IN SERVICE","LATITUDE":38.551739147000035,"LONGITUDE":-77.278243030999988,"LINES":4,"MAX_VOLT":500,"MIN_VOLT":230,"SOURCE":"IMAGERY","SOURCEDATE":1408665600000,"VAL_METHOD":"IMAGERY","VAL_DATE":1408665600000}},{"type":"Feature","geometry":{"type":"Point","coordinates":[-77.3695588230013,38.6468368780032]},"properties":{"ID":"116739","NAME":"UNKNOWN116739","CITY":"WOODBRIDGE","STATE":"VA","COUNTY":"PRINCE WILLIAM","TYPE":"SUBSTATION","STATUS":"IN SERVICE","LATITUDE":38.646836878000045,"LONGITUDE":-77.369558822999977,"LINES":1,"MAX_VOLT":115,"MIN_VOLT":115,"SOURCE":"IMAGERY","SOURCEDATE":1409011200000,"VAL_METHOD":"IMAGERY","VAL_DATE":1409011200000}},{"type":"Feature","geometry":{"type":"Point","coordinates":[-77.2606909690012,38.6949588500032]},"properties":{"ID":"116742","NAME":"UNKNOWN116742","CITY":"LORTON","STATE":"VA","COUNTY":"FAIRFAX","TYPE":"SUBSTATION","STATUS":"IN SERVICE","LATITUDE":38.694958850000035,"LONGITUDE":-77.260690968999938,"LINES":2,"MAX_VOLT":230,"MIN_VOLT":230,"SOURCE":"IMAGERY","SOURCEDATE":1409011200000,"VAL_METHOD":"IMAGERY","VAL_DATE":1409011200000}},{"type":"Feature","geometry":{"type":"Point","coordinates":[-77.2595099230012,38.6921502540032]},"properties":{"ID":"116743","NAME":"UNKNOWN116743","CITY":"LORTON","STATE":"VA","COUNTY":"FAIRFAX","TYPE":"SUBSTATION","STATUS":"IN SERVICE","LATITUDE":38.692150254000069,"LONGITUDE":-77.259509922999939,"LINES":-999999,"MAX_VOLT":-999999,"MIN_VOLT":-999999,"SOURCE":"IMAGERY","SOURCEDATE":1409011200000,"VAL_METHOD":"IMAGERY","VAL_DATE":1409011200000}},{"type":"Feature","geometry":{"type":"Point","coordinates":[-77.1937911140012,38.7390494300032]},"properties":{"ID":"116744","NAME":"FRANCONIA","CITY":"SPRINGFIELD","STATE":"VA","COUNTY":"FAIRFAX","TYPE":"SUBSTATION","STATUS":"IN SERVICE","LATITUDE":38.73904943000008,"LONGITUDE":-77.193791113999964,"LINES":4,"MAX_VOLT":230,"MIN_VOLT":230,"SOURCE":"IMAGERY, https://www.alexandriava.gov/uploadedFiles/special/dominion/DVP%20Presentation%2003-23-16%20230%20kV%20Update.pdf","SOURCEDATE":1409011200000,"VAL_METHOD":"IMAGERY","VAL_DATE":1512000000000}},{"type":"Feature","geometry":{"type":"Point","coordinates":[-77.1504043190012,38.7631148030032]},"properties":{"ID":"116745","NAME":"HAYFIELD","CITY":"ALEXANDRIA","STATE":"VA","COUNTY":"FAIRFAX","TYPE":"SUBSTATION","STATUS":"IN SERVICE","LATITUDE":38.763114803000065,"LONGITUDE":-77.150404318999961,"LINES":4,"MAX_VOLT":230,"MIN_VOLT":230,"SOURCE":"IMAGERY, https://www.alexandriava.gov/uploadedFiles/special/dominion/DVP%20Presentation%2003-23-16%20230%20kV%20Update.pdf","SOURCEDATE":1409011200000,"VAL_METHOD":"IMAGERY","VAL_DATE":1512000000000}},{"type":"Feature","geometry":{"type":"Point","coordinates":[-77.1492853780012,38.7949935130032]},"properties":{"ID":"116746","NAME":"VAN DOM","CITY":"ALEXANDRIA","STATE":"VA","COUNTY":"FAIRFAX","TYPE":"SUBSTATION","STATUS":"IN SERVICE","LATITUDE":38.794993513000065,"LONGITUDE":-77.149285377999945,"LINES":2,"MAX_VOLT":230,"MIN_VOLT":230,"SOURCE":"IMAGERY, https://www.alexandriava.gov/uploadedFiles/special/dominion/DVP%20Presentation%2003-23-16%20230%20kV%20Update.pdf","SOURCEDATE":1409011200000,"VAL_METHOD":"IMAGERY","VAL_DATE":1512000000000}},{"type":"Feature","geometry":{"type":"Point","coordinates":[-77.1084940790012,38.7848512980032]},"properties":{"ID":"116747","NAME":"VIRIGINIA HILLS","CITY":"ALEXANDRIA","STATE":"VA","COUNTY":"FAIRFAX","TYPE":"SUBSTATION","STATUS":"IN SERVICE","LATITUDE":38.784851298000035,"LONGITUDE":-77.108494078999968,"LINES":6,"MAX_VOLT":230,"MIN_VOLT":230,"SOURCE":"IMAGERY, https://www.alexandriava.gov/uploadedFiles/special/dominion/DVP%20Presentation%2003-23-16%20230%20kV%20Update.pdf","SOURCEDATE":1409011200000,"VAL_METHOD":"IMAGERY","VAL_DATE":1512000000000}},{"type":"Feature","geometry":{"type":"Point","coordinates":[-77.1690137020013,38.8235064770032]},"properties":{"ID":"116752","NAME":"ANNANDALE","CITY":"ALEXANDRIA","STATE":"VA","COUNTY":"FAIRFAX","TYPE":"SUBSTATION","STATUS":"IN SERVICE","LATITUDE":38.82350647700008,"LONGITUDE":-77.169013701999972,"LINES":1,"MAX_VOLT":-999999,"MIN_VOLT":-999999,"SOURCE":"IMAGERY","SOURCEDATE":1409011200000,"VAL_METHOD":"IMAGERY","VAL_DATE":1512000000000}},{"type":"Feature","geometry":{"type":"Point","coordinates":[-77.0565448850012,38.8577619980032]},"properties":{"ID":"116753","NAME":"UNKNOWN116753","CITY":"ARLINGTON","STATE":"VA","COUNTY":"ARLINGTON","TYPE":"SUBSTATION","STATUS":"NOT AVAILABLE","LATITUDE":38.857761998000058,"LONGITUDE":-77.056544884999937,"LINES":-999999,"MAX_VOLT":-999999,"MIN_VOLT":-999999,"SOURCE":"IMAGERY","SOURCEDATE":1409011200000,"VAL_METHOD":"UNVERIFIED","VAL_DATE":1409011200000}},{"type":"Feature","geometry":{"type":"Point","coordinates":[-77.7097356320013,38.5562727450032]},"properties":{"ID":"116754","NAME":"UNKNOWN116754","CITY":"MIDLAND","STATE":"VA","COUNTY":"FAUQUIER","TYPE":"SUBSTATION","STATUS":"IN SERVICE","LATITUDE":38.556272745000058,"LONGITUDE":-77.709735631999934,"LINES":2,"MAX_VOLT":115,"MIN_VOLT":115,"SOURCE":"IMAGERY","SOURCEDATE":1409011200000,"VAL_METHOD":"IMAGERY","VAL_DATE":1409011200000}},{"type":"Feature","geometry":{"type":"Point","coordinates":[-77.5681782950012,38.8543217520031]},"properties":{"ID":"116755","NAME":"UNKNOWN116755","CITY":"CATHARPIN","STATE":"VA","COUNTY":"PRINCE WILLIAM","TYPE":"SUBSTATION","STATUS":"IN SERVICE","LATITUDE":38.854321752000033,"LONGITUDE":-77.568178294999939,"LINES":1,"MAX_VOLT":115,"MIN_VOLT":115,"SOURCE":"IMAGERY","SOURCEDATE":1409011200000,"VAL_METHOD":"IMAGERY","VAL_DATE":1409011200000}},{"type":"Feature","geometry":{"type":"Point","coordinates":[-77.5698336000013,38.8966548990032]},"properties":{"ID":"116769","NAME":"ARCOLA","CITY":"ALDIE","STATE":"VA","COUNTY":"LOUDOUN","TYPE":"SUBSTATION","STATUS":"IN SERVICE","LATITUDE":38.896654899000055,"LONGITUDE":-77.569833599999981,"LINES":1,"MAX_VOLT":230,"MIN_VOLT":230,"SOURCE":"IMAGERY, https://www.dominionenergy.com/library/domcom/media/about-us/electric-projects/power-line-projects/brambleton-mosby/brambleton-mosby-aerial-map.pdf","SOURCEDATE":1409097600000,"VAL_METHOD":"IMAGERY","VAL_DATE":1551916800000}},{"type":"Feature","geometry":{"type":"Point","coordinates":[-77.3995984830013,38.8348095170032]},"properties":{"ID":"116770","NAME":"UNKNOWN116770","CITY":"CLIFTON","STATE":"VA","COUNTY":"FAIRFAX","TYPE":"SUBSTATION","STATUS":"IN SERVICE","LATITUDE":38.834809517000053,"LONGITUDE":-77.399598482999977,"LINES":2,"MAX_VOLT":230,"MIN_VOLT":230,"SOURCE":"IMAGERY","SOURCEDATE":1409097600000,"VAL_METHOD":"IMAGERY","VAL_DATE":1409097600000}},{"type":"Feature","geometry":{"type":"Point","coordinates":[-77.3721463790013,38.8745584660032]},"properties":{"ID":"116771","NAME":"UNKNOWN116771","CITY":"FAIRFAX","STATE":"VA","COUNTY":"FAIRFAX","TYPE":"SUBSTATION","STATUS":"IN SERVICE","LATITUDE":38.874558466000053,"LONGITUDE":-77.372146378999958,"LINES":2,"MAX_VOLT":230,"MIN_VOLT":230,"SOURCE":"IMAGERY","SOURCEDATE":1409097600000,"VAL_METHOD":"IMAGERY","VAL_DATE":1409097600000}},{"type":"Feature","geometry":{"type":"Point","coordinates":[-77.3073880990013,38.8223572960032]},"properties":{"ID":"116772","NAME":"BURKE-SIDEBURN","CITY":"FAIRFAX","STATE":"VA","COUNTY":"FAIRFAX","TYPE":"SUBSTATION","STATUS":"IN SERVICE","LATITUDE":38.822357296000064,"LONGITUDE":-77.307388098999979,"LINES":1,"MAX_VOLT":230,"MIN_VOLT":230,"SOURCE":"IMAGERY","SOURCEDATE":1409097600000,"VAL_METHOD":"IMAGERY","VAL_DATE":1588291200000}},{"type":"Feature","geometry":{"type":"Point","coordinates":[-77.4743874560013,38.7496487600032]},"properties":{"ID":"116773","NAME":"PRINCE WILLIAM DP","CITY":"MANASSAS","STATE":"VA","COUNTY":"MANASSAS","TYPE":"SUBSTATION","STATUS":"IN SERVICE","LATITUDE":38.749648760000071,"LONGITUDE":-77.474387455999988,"LINES":2,"MAX_VOLT":230,"MIN_VOLT":230,"SOURCE":"IMAGERY, https://www.pjm.com/-/media/committees-groups/committees/teac/20181213/20181213-reliability-analysis-update.ashx","SOURCEDATE":1409097600000,"VAL_METHOD":"IMAGERY","VAL_DATE":1552521600000}},{"type":"Feature","geometry":{"type":"Point","coordinates":[-77.4528350130013,38.7691424170032]},"properties":{"ID":"116774","NAME":"UNKNOWN116774","CITY":"MANASSAS","STATE":"VA","COUNTY":"MANASSAS PARK","TYPE":"SUBSTATION","STATUS":"IN SERVICE","LATITUDE":38.769142417000069,"LONGITUDE":-77.452835012999969,"LINES":1,"MAX_VOLT":115,"MIN_VOLT":115,"SOURCE":"IMAGERY","SOURCEDATE":1409097600000,"VAL_METHOD":"IMAGERY","VAL_DATE":1409097600000}},{"type":"Feature","geometry":{"type":"Point","coordinates":[-77.4513004190013,38.8114688250032]},"properties":{"ID":"116775","NAME":"HARRISON","CITY":"CENTREVILLE","STATE":"VA","COUNTY":"FAIRFAX","TYPE":"SUBSTATION","STATUS":"IN SERVICE","LATITUDE":38.811468825000077,"LONGITUDE":-77.451300418999949,"LINES":6,"MAX_VOLT":115,"MIN_VOLT":115,"SOURCE":"IMAGERY, https://www.pjm.com/-/media/committees-groups/committees/teac/20181213/20181213-reliability-analysis-update.ashx","SOURCEDATE":1409097600000,"VAL_METHOD":"IMAGERY","VAL_DATE":1552521600000}},{"type":"Feature","geometry":{"type":"Point","coordinates":[-77.4527551020013,38.8105737900031]},"properties":{"ID":"116776","NAME":"UNKNOWN116776","CITY":"CENTREVILLE","STATE":"VA","COUNTY":"FAIRFAX","TYPE":"SUBSTATION","STATUS":"IN SERVICE","LATITUDE":38.810573790000035,"LONGITUDE":-77.452755101999969,"LINES":2,"MAX_VOLT":115,"MIN_VOLT":115,"SOURCE":"IMAGERY","SOURCEDATE":1409097600000,"VAL_METHOD":"IMAGERY","VAL_DATE":1409097600000}},{"type":"Feature","geometry":{"type":"Point","coordinates":[-77.4575471520013,38.8871859700032]},"properties":{"ID":"116835","NAME":"UNKNOWN116835","CITY":"CHANTILLY","STATE":"VA","COUNTY":"FAIRFAX","TYPE":"SUBSTATION","STATUS":"IN SERVICE","LATITUDE":38.887185970000075,"LONGITUDE":-77.457547151999961,"LINES":4,"MAX_VOLT":230,"MIN_VOLT":230,"SOURCE":"IMAGERY","SOURCEDATE":1409184000000,"VAL_METHOD":"IMAGERY","VAL_DATE":1409184000000}},{"type":"Feature","geometry":{"type":"Point","coordinates":[-77.2398048750012,38.6965236750032]},"properties":{"ID":"116837","NAME":"COVANTA FAIRFAX ENERGY","CITY":"LORTON","STATE":"VA","COUNTY":"FAIRFAX","TYPE":"SUBSTATION","STATUS":"IN SERVICE","LATITUDE":38.696523675000037,"LONGITUDE":-77.239804874999948,"LINES":2,"MAX_VOLT":230,"MIN_VOLT":230,"SOURCE":"IMAGERY, EIA 860","SOURCEDATE":1409184000000,"VAL_METHOD":"IMAGERY","VAL_DATE":1622505600000}},{"type":"Feature","geometry":{"type":"Point","coordinates":[-77.0602630810012,38.7991531000032]},"properties":{"ID":"116838","NAME":"SOUTH CARLYLE","CITY":"ALEXANDRIA","STATE":"VA","COUNTY":"ALEXANDRIA","TYPE":"SUBSTATION","STATUS":"IN SERVICE","LATITUDE":38.799153100000069,"LONGITUDE":-77.06026308099996,"LINES":4,"MAX_VOLT":230,"MIN_VOLT":230,"SOURCE":"IMAGERY","SOURCEDATE":1409184000000,"VAL_METHOD":"IMAGERY","VAL_DATE":1512000000000}},{"type":"Feature","geometry":{"type":"Point","coordinates":[-77.1344707160012,38.7414460670032]},"properties":{"ID":"116839","NAME":"BELVOIR","CITY":"ALEXANDRIA","STATE":"VA","COUNTY":"FAIRFAX","TYPE":"SUBSTATION","STATUS":"IN SERVICE","LATITUDE":38.741446067000027,"LONGITUDE":-77.134470715999953,"LINES":4,"MAX_VOLT":230,"MIN_VOLT":230,"SOURCE":"IMAGERY, https://www.alexandriava.gov/uploadedFiles/special/dominion/DVP%20Presentation%2003-23-16%20230%20kV%20Update.pdf","SOURCEDATE":1409184000000,"VAL_METHOD":"IMAGERY","VAL_DATE":1512000000000}},{"type":"Feature","geometry":{"type":"Point","coordinates":[-77.5123949160013,38.7573640820032]},"properties":{"ID":"116972","NAME":"UNKNOWN116972","CITY":"MANASSAS","STATE":"VA","COUNTY":"PRINCE WILLIAM","TYPE":"SUBSTATION","STATUS":"IN SERVICE","LATITUDE":38.757364082000038,"LONGITUDE":-77.512394915999948,"LINES":2,"MAX_VOLT":115,"MIN_VOLT":115,"SOURCE":"IMAGERY","SOURCEDATE":1409788800000,"VAL_METHOD":"IMAGERY","VAL_DATE":1409788800000}},{"type":"Feature","geometry":{"type":"Point","coordinates":[-77.5093851600013,38.7465322280032]},"properties":{"ID":"116973","NAME":"UNKNOWN116973","CITY":"MANASSAS","STATE":"VA","COUNTY":"MANASSAS","TYPE":"SUBSTATION","STATUS":"IN SERVICE","LATITUDE":38.746532228000035,"LONGITUDE":-77.509385159999965,"LINES":2,"MAX_VOLT":115,"MIN_VOLT":115,"SOURCE":"IMAGERY","SOURCEDATE":1409788800000,"VAL_METHOD":"IMAGERY","VAL_DATE":1409788800000}},{"type":"Feature","geometry":{"type":"Point","coordinates":[-77.5029629940013,38.7492811000032]},"properties":{"ID":"116974","NAME":"DEAN DRIVE AREA ELECTRIC GENERATORS","CITY":"MANASSAS","STATE":"VA","COUNTY":"MANASSAS","TYPE":"SUBSTATION","STATUS":"IN SERVICE","LATITUDE":38.749281100000076,"LONGITUDE":-77.502962993999972,"LINES":2,"MAX_VOLT":115,"MIN_VOLT":115,"SOURCE":"IMAGERY, EIA 860","SOURCEDATE":1409788800000,"VAL_METHOD":"IMAGERY","VAL_DATE":1622505600000}},{"type":"Feature","geometry":{"type":"Point","coordinates":[-77.5091568900013,38.7399826820032]},"properties":{"ID":"116975","NAME":"VMEA PEAKING GEN","CITY":"MANASSAS","STATE":"VA","COUNTY":"MANASSAS","TYPE":"SUBSTATION","STATUS":"IN SERVICE","LATITUDE":38.739982682000061,"LONGITUDE":-77.509156889999986,"LINES":-999999,"MAX_VOLT":-999999,"MIN_VOLT":-999999,"SOURCE":"IMAGERY, EIA 860","SOURCEDATE":1409788800000,"VAL_METHOD":"IMAGERY","VAL_DATE":1622505600000}},{"type":"Feature","geometry":{"type":"Point","coordinates":[-77.5983785890012,39.1139343180032]},"properties":{"ID":"116991","NAME":"UNKNOWN116991","CITY":"LEESBURG","STATE":"VA","COUNTY":"LOUDOUN","TYPE":"SUBSTATION","STATUS":"IN SERVICE","LATITUDE":39.113934318000076,"LONGITUDE":-77.598378588999935,"LINES":2,"MAX_VOLT":230,"MIN_VOLT":-999999,"SOURCE":"IMAGERY","SOURCEDATE":1409702400000,"VAL_METHOD":"IMAGERY","VAL_DATE":1409702400000}},{"type":"Feature","geometry":{"type":"Point","coordinates":[-77.6160804600013,39.1396995520031]},"properties":{"ID":"116992","NAME":"UNKNOWN116992","CITY":"PAEONIAN SPRINGS","STATE":"VA","COUNTY":"LOUDOUN","TYPE":"SUBSTATION","STATUS":"IN SERVICE","LATITUDE":39.139699552000025,"LONGITUDE":-77.616080459999978,"LINES":2,"MAX_VOLT":-999999,"MIN_VOLT":-999999,"SOURCE":"IMAGERY","SOURCEDATE":1409702400000,"VAL_METHOD":"IMAGERY","VAL_DATE":1409702400000}},{"type":"Feature","geometry":{"type":"Point","coordinates":[-77.4996320000013,38.7197990000032]},"properties":{"ID":"116997","NAME":"CLOVER HILL","CITY":"MANASSAS","STATE":"VA","COUNTY":"PRINCE WILLIAM","TYPE":"SUBSTATION","STATUS":"IN SERVICE","LATITUDE":38.71979900000008,"LONGITUDE":-77.499631999999963,"LINES":2,"MAX_VOLT":230,"MIN_VOLT":230,"SOURCE":"IMAGERY, https://www.pjm.com/-/media/committees-groups/committees/teac/20181213/20181213-reliability-analysis-update.ashx","SOURCEDATE":1409788800000,"VAL_METHOD":"IMAGERY","VAL_DATE":1552521600000}},{"type":"Feature","geometry":{"type":"Point","coordinates":[-77.5291550340013,38.7668500350032]},"properties":{"ID":"116998","NAME":"UNKNOWN116998","CITY":"MANASSAS","STATE":"VA","COUNTY":"PRINCE WILLIAM","TYPE":"SUBSTATION","STATUS":"IN SERVICE","LATITUDE":38.766850035000061,"LONGITUDE":-77.529155033999984,"LINES":1,"MAX_VOLT":115,"MIN_VOLT":115,"SOURCE":"IMAGERY","SOURCEDATE":1409788800000,"VAL_METHOD":"IMAGERY","VAL_DATE":1409788800000}},{"type":"Feature","geometry":{"type":"Point","coordinates":[-77.5139503380013,38.8027807690032]},"properties":{"ID":"117000","NAME":"UNKNOWN117000","CITY":"MANASSAS","STATE":"VA","COUNTY":"PRINCE WILLIAM","TYPE":"SUBSTATION","STATUS":"IN SERVICE","LATITUDE":38.802780769000037,"LONGITUDE":-77.513950337999972,"LINES":1,"MAX_VOLT":115,"MIN_VOLT":115,"SOURCE":"IMAGERY","SOURCEDATE":1409788800000,"VAL_METHOD":"IMAGERY","VAL_DATE":1409788800000}},{"type":"Feature","geometry":{"type":"Point","coordinates":[-77.5344405110013,38.7928470740032]},"properties":{"ID":"117001","NAME":"UNKNOWN117001","CITY":"MANASSAS","STATE":"VA","COUNTY":"PRINCE WILLIAM","TYPE":"SUBSTATION","STATUS":"IN SERVICE","LATITUDE":38.792847074000065,"LONGITUDE":-77.534440510999957,"LINES":1,"MAX_VOLT":115,"MIN_VOLT":115,"SOURCE":"IMAGERY","SOURCEDATE":1409788800000,"VAL_METHOD":"IMAGERY","VAL_DATE":1409788800000}},{"type":"Feature","geometry":{"type":"Point","coordinates":[-77.5938256830013,38.7793177880032]},"properties":{"ID":"117006","NAME":"UNKNOWN117006","CITY":"BRISTOW","STATE":"VA","COUNTY":"PRINCE WILLIAM","TYPE":"SUBSTATION","STATUS":"IN SERVICE","LATITUDE":38.779317788000071,"LONGITUDE":-77.593825682999977,"LINES":1,"MAX_VOLT":230,"MIN_VOLT":230,"SOURCE":"IMAGERY","SOURCEDATE":1409875200000,"VAL_METHOD":"IMAGERY","VAL_DATE":1409875200000}},{"type":"Feature","geometry":{"type":"Point","coordinates":[-77.6542265160013,38.7530805430032]},"properties":{"ID":"117007","NAME":"WHEELER","CITY":"GAINESVILLE","STATE":"VA","COUNTY":"PRINCE WILLIAM","TYPE":"SUBSTATION","STATUS":"IN SERVICE","LATITUDE":38.753080543000067,"LONGITUDE":-77.654226515999937,"LINES":1,"MAX_VOLT":230,"MIN_VOLT":230,"SOURCE":"IMAGERY, https://www.dominionenergy.com/library/domcom/media/about-us/electric-projects/power-line-projects/warrenton-wheeler-gainesville/project-overview-map.pdf?la=en","SOURCEDATE":1409875200000,"VAL_METHOD":"IMAGERY","VAL_DATE":1551657600000}},{"type":"Feature","geometry":{"type":"Point","coordinates":[-77.5800879680013,38.7843606200031]},"properties":{"ID":"117008","NAME":"UNKNOWN117008","CITY":"BRISTOW","STATE":"VA","COUNTY":"PRINCE WILLIAM","TYPE":"SUBSTATION","STATUS":"IN SERVICE","LATITUDE":38.784360620000029,"LONGITUDE":-77.580087967999987,"LINES":1,"MAX_VOLT":230,"MIN_VOLT":230,"SOURCE":"IMAGERY","SOURCEDATE":1409875200000,"VAL_METHOD":"IMAGERY","VAL_DATE":1409875200000}},{"type":"Feature","geometry":{"type":"Point","coordinates":[-77.5071070910012,38.7825393210032]},"properties":{"ID":"117009","NAME":"UNKNOWN117009","CITY":"MANASSAS","STATE":"VA","COUNTY":"PRINCE WILLIAM","TYPE":"SUBSTATION","STATUS":"IN SERVICE","LATITUDE":38.782539321000058,"LONGITUDE":-77.507107090999966,"LINES":1,"MAX_VOLT":115,"MIN_VOLT":115,"SOURCE":"IMAGERY","SOURCEDATE":1409875200000,"VAL_METHOD":"IMAGERY","VAL_DATE":1409875200000}},{"type":"Feature","geometry":{"type":"Point","coordinates":[-77.5228390560013,38.7757441350032]},"properties":{"ID":"117010","NAME":"UNKNOWN117010","CITY":"MANASSAS","STATE":"VA","COUNTY":"PRINCE WILLIAM","TYPE":"SUBSTATION","STATUS":"IN SERVICE","LATITUDE":38.775744135000025,"LONGITUDE":-77.522839055999953,"LINES":1,"MAX_VOLT":115,"MIN_VOLT":115,"SOURCE":"IMAGERY","SOURCEDATE":1409875200000,"VAL_METHOD":"IMAGERY","VAL_DATE":1409875200000}},{"type":"Feature","geometry":{"type":"Point","coordinates":[-77.4786671630013,38.7674193370032]},"properties":{"ID":"117011","NAME":"WOODS DP","CITY":"MANASSAS","STATE":"VA","COUNTY":"MANASSAS","TYPE":"SUBSTATION","STATUS":"IN SERVICE","LATITUDE":38.767419337000035,"LONGITUDE":-77.478667162999955,"LINES":1,"MAX_VOLT":115,"MIN_VOLT":115,"SOURCE":"IMAGERY, https://www.pjm.com/-/media/committees-groups/committees/teac/20181213/20181213-reliability-analysis-update.ashx","SOURCEDATE":1409875200000,"VAL_METHOD":"IMAGERY","VAL_DATE":1552521600000}},{"type":"Feature","geometry":{"type":"Point","coordinates":[-77.4615973580013,38.8056117850032]},"properties":{"ID":"117012","NAME":"UNKNOWN117012","CITY":"CENTREVILLE","STATE":"VA","COUNTY":"FAIRFAX","TYPE":"SUBSTATION","STATUS":"IN SERVICE","LATITUDE":38.805611785000053,"LONGITUDE":-77.461597357999949,"LINES":2,"MAX_VOLT":115,"MIN_VOLT":115,"SOURCE":"IMAGERY","SOURCEDATE":1410134400000,"VAL_METHOD":"IMAGERY","VAL_DATE":1410134400000}},{"type":"Feature","geometry":{"type":"Point","coordinates":[-77.4736438080013,38.7958515430032]},"properties":{"ID":"117013","NAME":"UNKNOWN117013","CITY":"MANASSAS","STATE":"VA","COUNTY":"PRINCE WILLIAM","TYPE":"SUBSTATION","STATUS":"IN SERVICE","LATITUDE":38.795851543000026,"LONGITUDE":-77.473643807999963,"LINES":1,"MAX_VOLT":115,"MIN_VOLT":115,"SOURCE":"IMAGERY","SOURCEDATE":1410134400000,"VAL_METHOD":"IMAGERY","VAL_DATE":1410134400000}},{"type":"Feature","geometry":{"type":"Point","coordinates":[-77.4977260750013,38.7876929460032]},"properties":{"ID":"117014","NAME":"UNKNOWN117014","CITY":"MANASSAS","STATE":"VA","COUNTY":"PRINCE WILLIAM","TYPE":"SUBSTATION","STATUS":"IN SERVICE","LATITUDE":38.78769294600005,"LONGITUDE":-77.497726074999946,"LINES":1,"MAX_VOLT":115,"MIN_VOLT":115,"SOURCE":"IMAGERY","SOURCEDATE":1410134400000,"VAL_METHOD":"IMAGERY","VAL_DATE":1410134400000}},{"type":"Feature","geometry":{"type":"Point","coordinates":[-77.9932395990013,38.4694627860032]},"properties":{"ID":"117015","NAME":"UNKNOWN117015","CITY":"CULPEPER","STATE":"VA","COUNTY":"CULPEPER","TYPE":"SUBSTATION","STATUS":"IN SERVICE","LATITUDE":38.469462786000065,"LONGITUDE":-77.993239598999935,"LINES":1,"MAX_VOLT":115,"MIN_VOLT":115,"SOURCE":"IMAGERY","SOURCEDATE":1410134400000,"VAL_METHOD":"IMAGERY","VAL_DATE":1410134400000}},{"type":"Feature","geometry":{"type":"Point","coordinates":[-77.9739765140013,38.4629103450032]},"properties":{"ID":"117016","NAME":"UNKNOWN117016","CITY":"CULPEPER","STATE":"VA","COUNTY":"CULPEPER","TYPE":"SUBSTATION","STATUS":"IN SERVICE","LATITUDE":38.462910345000068,"LONGITUDE":-77.973976513999958,"LINES":3,"MAX_VOLT":115,"MIN_VOLT":115,"SOURCE":"IMAGERY","SOURCEDATE":1410134400000,"VAL_METHOD":"IMAGERY","VAL_DATE":1410134400000}},{"type":"Feature","geometry":{"type":"Point","coordinates":[-77.9892614580014,38.4693403630032]},"properties":{"ID":"117017","NAME":"ELECTRIC AVENUE FACILITY","CITY":"CULPEPER","STATE":"VA","COUNTY":"CULPEPER","TYPE":"SUBSTATION","STATUS":"IN SERVICE","LATITUDE":38.469340363000072,"LONGITUDE":-77.989261457999987,"LINES":1,"MAX_VOLT":115,"MIN_VOLT":115,"SOURCE":"IMAGERY, EIA 860","SOURCEDATE":1410134400000,"VAL_METHOD":"IMAGERY","VAL_DATE":1622505600000}},{"type":"Feature","geometry":{"type":"Point","coordinates":[-77.6351429640013,38.8670518280032]},"properties":{"ID":"117018","NAME":"UNKNOWN117018","CITY":"HAYMARKET","STATE":"VA","COUNTY":"PRINCE WILLIAM","TYPE":"SUBSTATION","STATUS":"IN SERVICE","LATITUDE":38.867051828000058,"LONGITUDE":-77.635142963999954,"LINES":1,"MAX_VOLT":115,"MIN_VOLT":115,"SOURCE":"IMAGERY","SOURCEDATE":1410134400000,"VAL_METHOD":"IMAGERY","VAL_DATE":1410134400000}},{"type":"Feature","geometry":{"type":"Point","coordinates":[-77.4426231830013,38.6573196910032]},"properties":{"ID":"117019","NAME":"UNKNOWN117019","CITY":"MANASSAS","STATE":"VA","COUNTY":"PRINCE WILLIAM","TYPE":"SUBSTATION","STATUS":"IN SERVICE","LATITUDE":38.657319691000055,"LONGITUDE":-77.442623182999967,"LINES":1,"MAX_VOLT":115,"MIN_VOLT":115,"SOURCE":"IMAGERY","SOURCEDATE":1410134400000,"VAL_METHOD":"IMAGERY","VAL_DATE":1410134400000}},{"type":"Feature","geometry":{"type":"Point","coordinates":[-77.4422348160012,38.6813364230032]},"properties":{"ID":"117020","NAME":"UNKNOWN117020","CITY":"MANASSAS","STATE":"VA","COUNTY":"PRINCE WILLIAM","TYPE":"SUBSTATION","STATUS":"IN SERVICE","LATITUDE":38.681336423000062,"LONGITUDE":-77.442234815999939,"LINES":1,"MAX_VOLT":115,"MIN_VOLT":115,"SOURCE":"IMAGERY","SOURCEDATE":1410134400000,"VAL_METHOD":"IMAGERY","VAL_DATE":1410134400000}},{"type":"Feature","geometry":{"type":"Point","coordinates":[-77.3449238130013,38.6272689200032]},"properties":{"ID":"117021","NAME":"UNKNOWN117021","CITY":"WOODBRIDGE","STATE":"VA","COUNTY":"PRINCE WILLIAM","TYPE":"SUBSTATION","STATUS":"IN SERVICE","LATITUDE":38.627268920000063,"LONGITUDE":-77.34492381299998,"LINES":1,"MAX_VOLT":115,"MIN_VOLT":115,"SOURCE":"IMAGERY","SOURCEDATE":1410134400000,"VAL_METHOD":"IMAGERY","VAL_DATE":1410134400000}},{"type":"Feature","geometry":{"type":"Point","coordinates":[-78.3314810560014,38.3494362680031]},"properties":{"ID":"117022","NAME":"UNKNOWN117022","CITY":"MADISON","STATE":"VA","COUNTY":"MADISON","TYPE":"SUBSTATION","STATUS":"IN SERVICE","LATITUDE":38.349436268000034,"LONGITUDE":-78.331481055999973,"LINES":1,"MAX_VOLT":-999999,"MIN_VOLT":-999999,"SOURCE":"IMAGERY","SOURCEDATE":1410134400000,"VAL_METHOD":"IMAGERY","VAL_DATE":1410134400000}},{"type":"Feature","geometry":{"type":"Point","coordinates":[-77.5151931450013,38.7992334770032]},"properties":{"ID":"117023","NAME":"UNKNOWN117023","CITY":"MANASSAS","STATE":"VA","COUNTY":"PRINCE WILLIAM","TYPE":"SUBSTATION","STATUS":"IN SERVICE","LATITUDE":38.79923347700003,"LONGITUDE":-77.515193144999955,"LINES":1,"MAX_VOLT":115,"MIN_VOLT":115,"SOURCE":"IMAGERY","SOURCEDATE":1410220800000,"VAL_METHOD":"IMAGERY","VAL_DATE":1410220800000}},{"type":"Feature","geometry":{"type":"Point","coordinates":[-83.1104779580017,36.764867729003]},"properties":{"ID":"117024","NAME":"UNKNOWN117024","CITY":"PENNINGTON GAP","STATE":"VA","COUNTY":"LEE","TYPE":"SUBSTATION","STATUS":"IN SERVICE","LATITUDE":36.764867729000059,"LONGITUDE":-83.11047795799999,"LINES":1,"MAX_VOLT":-999999,"MIN_VOLT":-999999,"SOURCE":"IMAGERY","SOURCEDATE":1410220800000,"VAL_METHOD":"IMAGERY","VAL_DATE":1410220800000}},{"type":"Feature","geometry":{"type":"Point","coordinates":[-83.0310777790017,36.761400557003]},"properties":{"ID":"117025","NAME":"UNKNOWN117025","CITY":"PENNINGTON GAP","STATE":"VA","COUNTY":"LEE","TYPE":"SUBSTATION","STATUS":"IN SERVICE","LATITUDE":36.761400557000059,"LONGITUDE":-83.031077778999986,"LINES":1,"MAX_VOLT":-999999,"MIN_VOLT":-999999,"SOURCE":"IMAGERY","SOURCEDATE":1410220800000,"VAL_METHOD":"IMAGERY","VAL_DATE":1410220800000}},{"type":"Feature","geometry":{"type":"Point","coordinates":[-82.2689503470016,37.007048707003]},"properties":{"ID":"117028","NAME":"UNKNOWN117028","CITY":"DANTE","STATE":"VA","COUNTY":"DICKENSON","TYPE":"SUBSTATION","STATUS":"IN SERVICE","LATITUDE":37.007048707000024,"LONGITUDE":-82.268950346999986,"LINES":2,"MAX_VOLT":69,"MIN_VOLT":-999999,"SOURCE":"IMAGERY","SOURCEDATE":1410220800000,"VAL_METHOD":"IMAGERY","VAL_DATE":1410220800000}},{"type":"Feature","geometry":{"type":"Point","coordinates":[-82.1995755640017,37.007022712003]},"properties":{"ID":"117029","NAME":"UNKNOWN117029","CITY":"CLEVELAND","STATE":"VA","COUNTY":"RUSSELL","TYPE":"SUBSTATION","STATUS":"IN SERVICE","LATITUDE":37.007022712000037,"LONGITUDE":-82.199575563999986,"LINES":1,"MAX_VOLT":-999999,"MIN_VOLT":-999999,"SOURCE":"IMAGERY","SOURCEDATE":1410307200000,"VAL_METHOD":"IMAGERY","VAL_DATE":1410307200000}},{"type":"Feature","geometry":{"type":"Point","coordinates":[-82.1908543640016,37.0822159000031]},"properties":{"ID":"117030","NAME":"UNKNOWN117030","CITY":"RAVEN","STATE":"VA","COUNTY":"DICKENSON","TYPE":"SUBSTATION","STATUS":"IN SERVICE","LATITUDE":37.082215900000051,"LONGITUDE":-82.190854363999961,"LINES":1,"MAX_VOLT":-999999,"MIN_VOLT":-999999,"SOURCE":"IMAGERY","SOURCEDATE":1410307200000,"VAL_METHOD":"IMAGERY","VAL_DATE":1410307200000}},{"type":"Feature","geometry":{"type":"Point","coordinates":[-81.8702007020016,37.1163245820031]},"properties":{"ID":"117031","NAME":"COAL CREEK","CITY":"RAVEN","STATE":"VA","COUNTY":"TAZEWELL","TYPE":"SUBSTATION","STATUS":"IN SERVICE","LATITUDE":37.116324582000061,"LONGITUDE":-81.870200701999977,"LINES":2,"MAX_VOLT":69,"MIN_VOLT":69,"SOURCE":"IMAGERY, https://aeptransmission.com/virginia/Tazewell-Bearwallow/docs/VOLUME%201%20(Exhibits%206%20through%2013).pdf","SOURCEDATE":1410307200000,"VAL_METHOD":"IMAGERY","VAL_DATE":1549411200000}},{"type":"Feature","geometry":{"type":"Point","coordinates":[-81.8982422530016,37.1492414500031]},"properties":{"ID":"117032","NAME":"KNOX COAL CREEK","CITY":"RAVEN","STATE":"VA","COUNTY":"TAZEWELL","TYPE":"SUBSTATION","STATUS":"IN SERVICE","LATITUDE":37.149241450000034,"LONGITUDE":-81.898242252999978,"LINES":2,"MAX_VOLT":69,"MIN_VOLT":69,"SOURCE":"IMAGERY, https://aeptransmission.com/virginia/Tazewell-Bearwallow/docs/VOLUME%201%20(Exhibits%206%20through%2013).pdf","SOURCEDATE":1410307200000,"VAL_METHOD":"IMAGERY","VAL_DATE":1549411200000}},{"type":"Feature","geometry":{"type":"Point","coordinates":[-82.0212360530016,37.4223087620031]},"properties":{"ID":"117033","NAME":"HURLEY","CITY":"HURLEY","STATE":"VA","COUNTY":"BUCHANAN","TYPE":"SUBSTATION","STATUS":"IN SERVICE","LATITUDE":37.422308762000057,"LONGITUDE":-82.021236052999939,"LINES":1,"MAX_VOLT":69,"MIN_VOLT":69,"SOURCE":"IMAGERY, https://aeptransmission.com/virginia/Tazewell-Bearwallow/docs/VOLUME%201%20(Exhibits%206%20through%2013).pdf","SOURCEDATE":1410307200000,"VAL_METHOD":"IMAGERY","VAL_DATE":1549411200000}},{"type":"Feature","geometry":{"type":"Point","coordinates":[-82.1492403420017,37.2676098420031]},"properties":{"ID":"117034","NAME":"KNOTTY POPLAR","CITY":"GRUNDY","STATE":"VA","COUNTY":"BUCHANAN","TYPE":"SUBSTATION","STATUS":"IN SERVICE","LATITUDE":37.26760984200007,"LONGITUDE":-82.149240341999985,"LINES":2,"MAX_VOLT":69,"MIN_VOLT":69,"SOURCE":"IMAGERY, https://aeptransmission.com/virginia/Tazewell-Bearwallow/docs/VOLUME%201%20(Exhibits%206%20through%2013).pdf","SOURCEDATE":1410307200000,"VAL_METHOD":"IMAGERY","VAL_DATE":1549411200000}},{"type":"Feature","geometry":{"type":"Point","coordinates":[-82.0327429600016,37.1767476170031]},"properties":{"ID":"117035","NAME":"SKAGGS BRANCH","CITY":"OAKWOOD","STATE":"VA","COUNTY":"BUCHANAN","TYPE":"SUBSTATION","STATUS":"IN SERVICE","LATITUDE":37.176747617000046,"LONGITUDE":-82.03274295999995,"LINES":2,"MAX_VOLT":138,"MIN_VOLT":69,"SOURCE":"IMAGERY, https://aeptransmission.com/virginia/Tazewell-Bearwallow/docs/VOLUME%201%20(Exhibits%206%20through%2013).pdf","SOURCEDATE":1410307200000,"VAL_METHOD":"IMAGERY","VAL_DATE":1549411200000}},{"type":"Feature","geometry":{"type":"Point","coordinates":[-81.3251775690016,36.8736596680031]},"properties":{"ID":"117056","NAME":"UNKNOWN117056","CITY":"RURAL RETREAT","STATE":"VA","COUNTY":"SMYTH","TYPE":"SUBSTATION","STATUS":"IN SERVICE","LATITUDE":36.873659668000073,"LONGITUDE":-81.325177568999948,"LINES":2,"MAX_VOLT":138,"MIN_VOLT":138,"SOURCE":"IMAGERY","SOURCEDATE":1410480000000,"VAL_METHOD":"IMAGERY","VAL_DATE":1410480000000}},{"type":"Feature","geometry":{"type":"Point","coordinates":[-82.0087051690016,37.2065343290031]},"properties":{"ID":"117036","NAME":"GARDEN CREEK","CITY":"OAKWOOD","STATE":"VA","COUNTY":"BUCHANAN","TYPE":"SUBSTATION","STATUS":"IN SERVICE","LATITUDE":37.206534329000078,"LONGITUDE":-82.008705168999938,"LINES":3,"MAX_VOLT":138,"MIN_VOLT":69,"SOURCE":"IMAGERY, https://aeptransmission.com/virginia/Tazewell-Bearwallow/docs/VOLUME%201%20(Exhibits%206%20through%2013).pdf","SOURCEDATE":1410307200000,"VAL_METHOD":"IMAGERY","VAL_DATE":1549411200000}},{"type":"Feature","geometry":{"type":"Point","coordinates":[-82.3792663640017,37.107445657003]},"properties":{"ID":"117037","NAME":"UNKNOWN117037","CITY":"CLINCHCO","STATE":"VA","COUNTY":"DICKENSON","TYPE":"SUBSTATION","STATUS":"IN SERVICE","LATITUDE":37.107445657000028,"LONGITUDE":-82.379266363999989,"LINES":3,"MAX_VOLT":-999999,"MIN_VOLT":-999999,"SOURCE":"IMAGERY","SOURCEDATE":1410307200000,"VAL_METHOD":"IMAGERY","VAL_DATE":1410307200000}},{"type":"Feature","geometry":{"type":"Point","coordinates":[-82.3915213820016,37.1027914310031]},"properties":{"ID":"117038","NAME":"UNKNOWN117038","CITY":"MC CLURE","STATE":"VA","COUNTY":"DICKENSON","TYPE":"SUBSTATION","STATUS":"IN SERVICE","LATITUDE":37.102791431000071,"LONGITUDE":-82.391521381999951,"LINES":1,"MAX_VOLT":-999999,"MIN_VOLT":-999999,"SOURCE":"IMAGERY","SOURCEDATE":1410307200000,"VAL_METHOD":"IMAGERY","VAL_DATE":1410307200000}},{"type":"Feature","geometry":{"type":"Point","coordinates":[-82.4859156710017,37.138751055003]},"properties":{"ID":"117039","NAME":"UNKNOWN117039","CITY":"CLINTWOOD","STATE":"VA","COUNTY":"DICKENSON","TYPE":"SUBSTATION","STATUS":"IN SERVICE","LATITUDE":37.138751055000057,"LONGITUDE":-82.485915670999987,"LINES":-999999,"MAX_VOLT":-999999,"MIN_VOLT":-999999,"SOURCE":"IMAGERY","SOURCEDATE":1410307200000,"VAL_METHOD":"IMAGERY","VAL_DATE":1410307200000}},{"type":"Feature","geometry":{"type":"Point","coordinates":[-82.5444960410016,37.1253099960031]},"properties":{"ID":"117040","NAME":"UNKNOWN117040","CITY":"CLINTWOOD","STATE":"VA","COUNTY":"DICKENSON","TYPE":"SUBSTATION","STATUS":"IN SERVICE","LATITUDE":37.125309996000055,"LONGITUDE":-82.544496040999945,"LINES":2,"MAX_VOLT":46,"MIN_VOLT":-999999,"SOURCE":"IMAGERY","SOURCEDATE":1410307200000,"VAL_METHOD":"IMAGERY","VAL_DATE":1410307200000}},{"type":"Feature","geometry":{"type":"Point","coordinates":[-82.6730591570017,37.042213471003]},"properties":{"ID":"117041","NAME":"UNKNOWN117041","CITY":"NORTON","STATE":"VA","COUNTY":"WISE","TYPE":"SUBSTATION","STATUS":"IN SERVICE","LATITUDE":37.042213471000025,"LONGITUDE":-82.673059156999955,"LINES":1,"MAX_VOLT":-999999,"MIN_VOLT":-999999,"SOURCE":"IMAGERY","SOURCEDATE":1410307200000,"VAL_METHOD":"IMAGERY","VAL_DATE":1410307200000}},{"type":"Feature","geometry":{"type":"Point","coordinates":[-82.5266356070016,37.1127776550031]},"properties":{"ID":"117042","NAME":"UNKNOWN117042","CITY":"CLINTWOOD","STATE":"VA","COUNTY":"DICKENSON","TYPE":"SUBSTATION","STATUS":"IN SERVICE","LATITUDE":37.112777655000059,"LONGITUDE":-82.526635606999946,"LINES":1,"MAX_VOLT":-999999,"MIN_VOLT":-999999,"SOURCE":"IMAGERY","SOURCEDATE":1410307200000,"VAL_METHOD":"IMAGERY","VAL_DATE":1410307200000}},{"type":"Feature","geometry":{"type":"Point","coordinates":[-82.3007567800016,37.2085786320031]},"properties":{"ID":"117043","NAME":"HAYSI","CITY":"HAYSI","STATE":"VA","COUNTY":"DICKENSON","TYPE":"SUBSTATION","STATUS":"IN SERVICE","LATITUDE":37.208578632000069,"LONGITUDE":-82.300756779999972,"LINES":3,"MAX_VOLT":69,"MIN_VOLT":69,"SOURCE":"IMAGERY, https://aeptransmission.com/virginia/Tazewell-Bearwallow/docs/VOLUME%201%20(Exhibits%206%20through%2013).pdf","SOURCEDATE":1410307200000,"VAL_METHOD":"IMAGERY","VAL_DATE":1549411200000}},{"type":"Feature","geometry":{"type":"Point","coordinates":[-81.7523777550016,37.212171842003]},"properties":{"ID":"117044","NAME":"RED OAK (AP)","CITY":"JEWELL RIDGE","STATE":"VA","COUNTY":"TAZEWELL","TYPE":"SUBSTATION","STATUS":"IN SERVICE","LATITUDE":37.212171842000032,"LONGITUDE":-81.752377754999941,"LINES":1,"MAX_VOLT":69,"MIN_VOLT":69,"SOURCE":"IMAGERY, https://aeptransmission.com/virginia/Tazewell-Bearwallow/docs/VOLUME%201%20(Exhibits%206%20through%2013).pdf","SOURCEDATE":1410393600000,"VAL_METHOD":"IMAGERY","VAL_DATE":1549411200000}},{"type":"Feature","geometry":{"type":"Point","coordinates":[-81.7277803940016,37.2395359510031]},"properties":{"ID":"117045","NAME":"BEARWALLOW","CITY":"WAR","STATE":"VA","COUNTY":"TAZEWELL","TYPE":"SUBSTATION","STATUS":"IN SERVICE","LATITUDE":37.23953595100005,"LONGITUDE":-81.727780393999979,"LINES":4,"MAX_VOLT":138,"MIN_VOLT":-999999,"SOURCE":"IMAGERY, https://aeptransmission.com/virginia/Tazewell-Bearwallow/docs/Tazwell%20Bearwallow%20fact%20sheet.pdf#view=Fit","SOURCEDATE":1410393600000,"VAL_METHOD":"IMAGERY","VAL_DATE":1549411200000}},{"type":"Feature","geometry":{"type":"Point","coordinates":[-81.4945449300016,37.1294089950031]},"properties":{"ID":"117047","NAME":"UNKNOWN117047","CITY":"NORTH TAZEWELL","STATE":"VA","COUNTY":"TAZEWELL","TYPE":"SUBSTATION","STATUS":"IN SERVICE","LATITUDE":37.129408995000063,"LONGITUDE":-81.494544929999961,"LINES":1,"MAX_VOLT":-999999,"MIN_VOLT":-999999,"SOURCE":"IMAGERY","SOURCEDATE":1410393600000,"VAL_METHOD":"IMAGERY","VAL_DATE":1410393600000}},{"type":"Feature","geometry":{"type":"Point","coordinates":[-82.2225906930016,36.6020956660031]},"properties":{"ID":"117048","NAME":"UNKNOWN117048","CITY":"BRISTOL","STATE":"VA","COUNTY":"BRISTOL","TYPE":"SUBSTATION","STATUS":"IN SERVICE","LATITUDE":36.602095666000025,"LONGITUDE":-82.222590692999972,"LINES":-999999,"MAX_VOLT":-999999,"MIN_VOLT":-999999,"SOURCE":"IMAGERY","SOURCEDATE":1410393600000,"VAL_METHOD":"IMAGERY","VAL_DATE":1410393600000}},{"type":"Feature","geometry":{"type":"Point","coordinates":[-82.0915029120016,36.6682724560031]},"properties":{"ID":"117049","NAME":"UNKNOWN117049","CITY":"BRISTOL","STATE":"VA","COUNTY":"WASHINGTON","TYPE":"SUBSTATION","STATUS":"IN SERVICE","LATITUDE":36.668272456000068,"LONGITUDE":-82.091502911999953,"LINES":2,"MAX_VOLT":-999999,"MIN_VOLT":-999999,"SOURCE":"IMAGERY","SOURCEDATE":1410393600000,"VAL_METHOD":"IMAGERY","VAL_DATE":1410393600000}},{"type":"Feature","geometry":{"type":"Point","coordinates":[-82.1539466220016,36.6038732290031]},"properties":{"ID":"117050","NAME":"UNKNOWN117050","CITY":"BRISTOL","STATE":"VA","COUNTY":"BRISTOL","TYPE":"SUBSTATION","STATUS":"IN SERVICE","LATITUDE":36.603873229000044,"LONGITUDE":-82.153946621999978,"LINES":2,"MAX_VOLT":-999999,"MIN_VOLT":-999999,"SOURCE":"IMAGERY","SOURCEDATE":1410393600000,"VAL_METHOD":"IMAGERY","VAL_DATE":1410393600000}},{"type":"Feature","geometry":{"type":"Point","coordinates":[-82.1293937810017,36.6207979230031]},"properties":{"ID":"117051","NAME":"UNKNOWN117051","CITY":"BRISTOL","STATE":"VA","COUNTY":"BRISTOL","TYPE":"SUBSTATION","STATUS":"IN SERVICE","LATITUDE":36.620797923000055,"LONGITUDE":-82.129393780999976,"LINES":2,"MAX_VOLT":-999999,"MIN_VOLT":-999999,"SOURCE":"IMAGERY","SOURCEDATE":1410393600000,"VAL_METHOD":"IMAGERY","VAL_DATE":1410393600000}},{"type":"Feature","geometry":{"type":"Point","coordinates":[-82.0963103900016,36.6421533570031]},"properties":{"ID":"117052","NAME":"UNKNOWN117052","CITY":"BRISTOL","STATE":"VA","COUNTY":"WASHINGTON","TYPE":"SUBSTATION","STATUS":"IN SERVICE","LATITUDE":36.642153357000041,"LONGITUDE":-82.096310389999985,"LINES":2,"MAX_VOLT":-999999,"MIN_VOLT":-999999,"SOURCE":"IMAGERY","SOURCEDATE":1410393600000,"VAL_METHOD":"IMAGERY","VAL_DATE":1410393600000}},{"type":"Feature","geometry":{"type":"Point","coordinates":[-82.1043257630016,36.6605035030031]},"properties":{"ID":"117053","NAME":"UNKNOWN117053","CITY":"BRISTOL","STATE":"VA","COUNTY":"WASHINGTON","TYPE":"SUBSTATION","STATUS":"IN SERVICE","LATITUDE":36.660503503000029,"LONGITUDE":-82.104325762999963,"LINES":2,"MAX_VOLT":-999999,"MIN_VOLT":-999999,"SOURCE":"IMAGERY","SOURCEDATE":1410393600000,"VAL_METHOD":"IMAGERY","VAL_DATE":1410393600000}},{"type":"Feature","geometry":{"type":"Point","coordinates":[-81.9365450450016,36.7214237820031]},"properties":{"ID":"117054","NAME":"UNKNOWN117054","CITY":"ABINGDON","STATE":"VA","COUNTY":"WASHINGTON","TYPE":"SUBSTATION","STATUS":"IN SERVICE","LATITUDE":36.721423782000045,"LONGITUDE":-81.936545044999946,"LINES":3,"MAX_VOLT":138,"MIN_VOLT":-999999,"SOURCE":"IMAGERY","SOURCEDATE":1410393600000,"VAL_METHOD":"IMAGERY","VAL_DATE":1410393600000}},{"type":"Feature","geometry":{"type":"Point","coordinates":[-81.8035680240016,36.6409246340031]},"properties":{"ID":"117055","NAME":"UNKNOWN117055","CITY":"DAMASCUS","STATE":"VA","COUNTY":"WASHINGTON","TYPE":"SUBSTATION","STATUS":"IN SERVICE","LATITUDE":36.640924634000044,"LONGITUDE":-81.803568023999958,"LINES":1,"MAX_VOLT":-999999,"MIN_VOLT":-999999,"SOURCE":"IMAGERY","SOURCEDATE":1410393600000,"VAL_METHOD":"IMAGERY","VAL_DATE":1410393600000}},{"type":"Feature","geometry":{"type":"Point","coordinates":[-81.2531289180016,36.8902087590031]},"properties":{"ID":"117058","NAME":"UNKNOWN117058","CITY":"RURAL RETREAT","STATE":"VA","COUNTY":"WYTHE","TYPE":"SUBSTATION","STATUS":"IN SERVICE","LATITUDE":36.890208759000075,"LONGITUDE":-81.253128917999959,"LINES":2,"MAX_VOLT":138,"MIN_VOLT":-999999,"SOURCE":"IMAGERY","SOURCEDATE":1410480000000,"VAL_METHOD":"IMAGERY","VAL_DATE":1410480000000}},{"type":"Feature","geometry":{"type":"Point","coordinates":[-81.4222950640016,36.8580432690031]},"properties":{"ID":"117059","NAME":"UNKNOWN117059","CITY":"ATKINS","STATE":"VA","COUNTY":"SMYTH","TYPE":"SUBSTATION","STATUS":"IN SERVICE","LATITUDE":36.858043269000063,"LONGITUDE":-81.422295063999968,"LINES":2,"MAX_VOLT":138,"MIN_VOLT":-999999,"SOURCE":"IMAGERY","SOURCEDATE":1410480000000,"VAL_METHOD":"IMAGERY","VAL_DATE":1410480000000}},{"type":"Feature","geometry":{"type":"Point","coordinates":[-81.1623660300016,36.6300387250031]},"properties":{"ID":"117061","NAME":"UNKNOWN117061","CITY":"INDEPENDENCE","STATE":"VA","COUNTY":"GRAYSON","TYPE":"SUBSTATION","STATUS":"IN SERVICE","LATITUDE":36.630038725000077,"LONGITUDE":-81.162366029999987,"LINES":1,"MAX_VOLT":-999999,"MIN_VOLT":-999999,"SOURCE":"IMAGERY","SOURCEDATE":1410739200000,"VAL_METHOD":"IMAGERY","VAL_DATE":1410739200000}},{"type":"Feature","geometry":{"type":"Point","coordinates":[-80.9353034850016,36.7844855060031]},"properties":{"ID":"117062","NAME":"BYLLESBY 2","CITY":"IVANHOE","STATE":"VA","COUNTY":"CARROLL","TYPE":"SUBSTATION","STATUS":"IN SERVICE","LATITUDE":36.784485506000067,"LONGITUDE":-80.935303484999963,"LINES":6,"MAX_VOLT":138,"MIN_VOLT":-999999,"SOURCE":"IMAGERY, EIA 860","SOURCEDATE":1410739200000,"VAL_METHOD":"IMAGERY","VAL_DATE":1622505600000}},{"type":"Feature","geometry":{"type":"Point","coordinates":[-80.9526630880015,36.8204547980032]},"properties":{"ID":"117063","NAME":"UNKNOWN117063","CITY":"IVANHOE","STATE":"VA","COUNTY":"CARROLL","TYPE":"SUBSTATION","STATUS":"NOT AVAILABLE","LATITUDE":36.820454798000071,"LONGITUDE":-80.952663087999952,"LINES":4,"MAX_VOLT":138,"MIN_VOLT":138,"SOURCE":"IMAGERY","SOURCEDATE":1410739200000,"VAL_METHOD":"UNVERIFIED","VAL_DATE":1410739200000}},{"type":"Feature","geometry":{"type":"Point","coordinates":[-80.9312769050015,36.8251266530031]},"properties":{"ID":"117064","NAME":"UNKNOWN117064","CITY":"AUSTINVILLE","STATE":"VA","COUNTY":"CARROLL","TYPE":"SUBSTATION","STATUS":"IN SERVICE","LATITUDE":36.825126653000041,"LONGITUDE":-80.931276904999947,"LINES":2,"MAX_VOLT":138,"MIN_VOLT":138,"SOURCE":"IMAGERY","SOURCEDATE":1410739200000,"VAL_METHOD":"IMAGERY","VAL_DATE":1410739200000}},{"type":"Feature","geometry":{"type":"Point","coordinates":[-80.9586707140015,36.6846274440031]},"properties":{"ID":"117065","NAME":"UNKNOWN117065","CITY":"GALAX","STATE":"VA","COUNTY":"GRAYSON","TYPE":"SUBSTATION","STATUS":"IN SERVICE","LATITUDE":36.684627444000057,"LONGITUDE":-80.958670713999936,"LINES":3,"MAX_VOLT":138,"MIN_VOLT":-999999,"SOURCE":"IMAGERY","SOURCEDATE":1410739200000,"VAL_METHOD":"IMAGERY","VAL_DATE":1410739200000}},{"type":"Feature","geometry":{"type":"Point","coordinates":[-80.8969140560015,36.6879034300031]},"properties":{"ID":"117066","NAME":"UNKNOWN117066","CITY":"GALAX","STATE":"VA","COUNTY":"GALAX","TYPE":"SUBSTATION","STATUS":"IN SERVICE","LATITUDE":36.687903430000063,"LONGITUDE":-80.896914055999957,"LINES":2,"MAX_VOLT":69,"MIN_VOLT":-999999,"SOURCE":"IMAGERY","SOURCEDATE":1410739200000,"VAL_METHOD":"IMAGERY","VAL_DATE":1410739200000}},{"type":"Feature","geometry":{"type":"Point","coordinates":[-80.6262097740015,37.1301399080031]},"properties":{"ID":"117068","NAME":"UNKNOWN117068","CITY":"DUBLIN","STATE":"VA","COUNTY":"PULASKI","TYPE":"SUBSTATION","STATUS":"IN SERVICE","LATITUDE":37.130139908000046,"LONGITUDE":-80.62620977399996,"LINES":4,"MAX_VOLT":138,"MIN_VOLT":-999999,"SOURCE":"IMAGERY","SOURCEDATE":1410739200000,"VAL_METHOD":"IMAGERY","VAL_DATE":1410739200000}},{"type":"Feature","geometry":{"type":"Point","coordinates":[-80.6797428390015,37.3614105410031]},"properties":{"ID":"121134","NAME":"UNKNOWN121134","CITY":"RIPPLEMEAD","STATE":"VA","COUNTY":"GILES","TYPE":"SUBSTATION","STATUS":"IN SERVICE","LATITUDE":37.361410541000055,"LONGITUDE":-80.679742838999971,"LINES":1,"MAX_VOLT":-999999,"MIN_VOLT":-999999,"SOURCE":"IMAGERY","SOURCEDATE":1425427200000,"VAL_METHOD":"IMAGERY","VAL_DATE":1425427200000}},{"type":"Feature","geometry":{"type":"Point","coordinates":[-80.6645670580016,37.3799787380031]},"properties":{"ID":"121135","NAME":"UNKNOWN121135","CITY":"RIPPLEMEAD","STATE":"VA","COUNTY":"GILES","TYPE":"SUBSTATION","STATUS":"IN SERVICE","LATITUDE":37.379978738000034,"LONGITUDE":-80.664567057999989,"LINES":1,"MAX_VOLT":-999999,"MIN_VOLT":-999999,"SOURCE":"IMAGERY","SOURCEDATE":1425427200000,"VAL_METHOD":"IMAGERY","VAL_DATE":1425427200000}},{"type":"Feature","geometry":{"type":"Point","coordinates":[-80.6145670990015,37.1141428270031]},"properties":{"ID":"121136","NAME":"UNKNOWN121136","CITY":"RADFORD","STATE":"VA","COUNTY":"PULASKI","TYPE":"SUBSTATION","STATUS":"IN SERVICE","LATITUDE":37.11414282700008,"LONGITUDE":-80.614567098999942,"LINES":3,"MAX_VOLT":138,"MIN_VOLT":-999999,"SOURCE":"IMAGERY","SOURCEDATE":1425427200000,"VAL_METHOD":"IMAGERY","VAL_DATE":1425427200000}},{"type":"Feature","geometry":{"type":"Point","coordinates":[-80.5865497830015,37.0784331860031]},"properties":{"ID":"121137","NAME":"UNKNOWN121137","CITY":"DUBLIN","STATE":"VA","COUNTY":"PULASKI","TYPE":"SUBSTATION","STATUS":"IN SERVICE","LATITUDE":37.078433186000041,"LONGITUDE":-80.586549782999953,"LINES":4,"MAX_VOLT":138,"MIN_VOLT":-999999,"SOURCE":"IMAGERY","SOURCEDATE":1425427200000,"VAL_METHOD":"IMAGERY","VAL_DATE":1425427200000}},{"type":"Feature","geometry":{"type":"Point","coordinates":[-80.5841239220015,37.0746736380031]},"properties":{"ID":"121138","NAME":"CLAYTOR","CITY":"RADFORD","STATE":"VA","COUNTY":"PULASKI","TYPE":"SUBSTATION","STATUS":"IN SERVICE","LATITUDE":37.074673638000036,"LONGITUDE":-80.584123921999947,"LINES":2,"MAX_VOLT":-999999,"MIN_VOLT":-999999,"SOURCE":"IMAGERY, EIA 860","SOURCEDATE":1425427200000,"VAL_METHOD":"IMAGERY","VAL_DATE":1622505600000}},{"type":"Feature","geometry":{"type":"Point","coordinates":[-80.9387268150015,36.8080981820031]},"properties":{"ID":"121139","NAME":"BUCK HYDRO","CITY":"IVANHOE","STATE":"VA","COUNTY":"CARROLL","TYPE":"SUBSTATION","STATUS":"IN SERVICE","LATITUDE":36.808098182000037,"LONGITUDE":-80.938726814999939,"LINES":2,"MAX_VOLT":-999999,"MIN_VOLT":-999999,"SOURCE":"IMAGERY, EIA 860","SOURCEDATE":1425427200000,"VAL_METHOD":"IMAGERY","VAL_DATE":1622505600000}},{"type":"Feature","geometry":{"type":"Point","coordinates":[-80.4216382380015,37.2326498500031]},"properties":{"ID":"121143","NAME":"VIRGINIA TECH POWER PLANT","CITY":"BLACKSBURG","STATE":"VA","COUNTY":"MONTGOMERY","TYPE":"SUBSTATION","STATUS":"IN SERVICE","LATITUDE":37.23264985000003,"LONGITUDE":-80.421638237999957,"LINES":2,"MAX_VOLT":-999999,"MIN_VOLT":-999999,"SOURCE":"IMAGERY, EIA 860","SOURCEDATE":1425513600000,"VAL_METHOD":"IMAGERY","VAL_DATE":1622505600000}},{"type":"Feature","geometry":{"type":"Point","coordinates":[-80.3900413750015,37.2064369940031]},"properties":{"ID":"121144","NAME":"UNKNOWN121144","CITY":"BLACKSBURG","STATE":"VA","COUNTY":"MONTGOMERY","TYPE":"SUBSTATION","STATUS":"IN SERVICE","LATITUDE":37.206436994000057,"LONGITUDE":-80.390041374999953,"LINES":1,"MAX_VOLT":-999999,"MIN_VOLT":-999999,"SOURCE":"IMAGERY","SOURCEDATE":1425513600000,"VAL_METHOD":"IMAGERY","VAL_DATE":1425513600000}},{"type":"Feature","geometry":{"type":"Point","coordinates":[-80.0982875040015,37.2825403220031]},"properties":{"ID":"121148","NAME":"UNKNOWN121148","CITY":"SALEM","STATE":"VA","COUNTY":"SALEM","TYPE":"SUBSTATION","STATUS":"IN SERVICE","LATITUDE":37.282540322000045,"LONGITUDE":-80.098287503999984,"LINES":2,"MAX_VOLT":-999999,"MIN_VOLT":-999999,"SOURCE":"IMAGERY","SOURCEDATE":1425513600000,"VAL_METHOD":"IMAGERY","VAL_DATE":1425513600000}},{"type":"Feature","geometry":{"type":"Point","coordinates":[-80.0566018780015,37.2812328480031]},"properties":{"ID":"121149","NAME":"UNKNOWN121149","CITY":"SALEM","STATE":"VA","COUNTY":"SALEM","TYPE":"SUBSTATION","STATUS":"IN SERVICE","LATITUDE":37.281232848000059,"LONGITUDE":-80.056601877999981,"LINES":1,"MAX_VOLT":-999999,"MIN_VOLT":-999999,"SOURCE":"IMAGERY","SOURCEDATE":1425513600000,"VAL_METHOD":"IMAGERY","VAL_DATE":1425513600000}},{"type":"Feature","geometry":{"type":"Point","coordinates":[-80.0393681870015,37.2748608610032]},"properties":{"ID":"121150","NAME":"UNKNOWN121150","CITY":"SALEM","STATE":"VA","COUNTY":"SALEM","TYPE":"SUBSTATION","STATUS":"IN SERVICE","LATITUDE":37.274860861000036,"LONGITUDE":-80.03936818699998,"LINES":2,"MAX_VOLT":-999999,"MIN_VOLT":-999999,"SOURCE":"IMAGERY","SOURCEDATE":1425513600000,"VAL_METHOD":"IMAGERY","VAL_DATE":1425513600000}},{"type":"Feature","geometry":{"type":"Point","coordinates":[-80.0703288370015,37.2897671620031]},"properties":{"ID":"121151","NAME":"SALEM ELECTRIC DEPARTMENT","CITY":"SALEM","STATE":"VA","COUNTY":"SALEM","TYPE":"SUBSTATION","STATUS":"IN SERVICE","LATITUDE":37.289767162000032,"LONGITUDE":-80.070328836999977,"LINES":2,"MAX_VOLT":-999999,"MIN_VOLT":-999999,"SOURCE":"IMAGERY, EIA 860","SOURCEDATE":1425513600000,"VAL_METHOD":"IMAGERY","VAL_DATE":1622505600000}},{"type":"Feature","geometry":{"type":"Point","coordinates":[-80.0298554740015,37.2894352170032]},"properties":{"ID":"121152","NAME":"UNKNOWN121152","CITY":"SALEM","STATE":"VA","COUNTY":"SALEM","TYPE":"SUBSTATION","STATUS":"IN SERVICE","LATITUDE":37.289435217000062,"LONGITUDE":-80.029855473999987,"LINES":4,"MAX_VOLT":-999999,"MIN_VOLT":-999999,"SOURCE":"IMAGERY","SOURCEDATE":1425513600000,"VAL_METHOD":"IMAGERY","VAL_DATE":1425513600000}},{"type":"Feature","geometry":{"type":"Point","coordinates":[-80.0241144100015,37.2673972540032]},"properties":{"ID":"121153","NAME":"UNKNOWN121153","CITY":"SALEM","STATE":"VA","COUNTY":"SALEM","TYPE":"SUBSTATION","STATUS":"IN SERVICE","LATITUDE":37.267397254000059,"LONGITUDE":-80.024114409999981,"LINES":2,"MAX_VOLT":-999999,"MIN_VOLT":-999999,"SOURCE":"IMAGERY","SOURCEDATE":1425513600000,"VAL_METHOD":"IMAGERY","VAL_DATE":1425513600000}},{"type":"Feature","geometry":{"type":"Point","coordinates":[-80.0307062110014,37.2798630420031]},"properties":{"ID":"121154","NAME":"UNKNOWN121154","CITY":"SALEM","STATE":"VA","COUNTY":"SALEM","TYPE":"SUBSTATION","STATUS":"IN SERVICE","LATITUDE":37.279863042000045,"LONGITUDE":-80.030706210999938,"LINES":1,"MAX_VOLT":-999999,"MIN_VOLT":-999999,"SOURCE":"IMAGERY","SOURCEDATE":1425513600000,"VAL_METHOD":"IMAGERY","VAL_DATE":1425513600000}},{"type":"Feature","geometry":{"type":"Point","coordinates":[-79.9849075590015,37.2295311640031]},"properties":{"ID":"121155","NAME":"UNKNOWN121155","CITY":"ROANOKE","STATE":"VA","COUNTY":"ROANOKE","TYPE":"SUBSTATION","STATUS":"IN SERVICE","LATITUDE":37.229531164000036,"LONGITUDE":-79.984907558999964,"LINES":2,"MAX_VOLT":138,"MIN_VOLT":138,"SOURCE":"IMAGERY","SOURCEDATE":1425513600000,"VAL_METHOD":"IMAGERY","VAL_DATE":1425513600000}},{"type":"Feature","geometry":{"type":"Point","coordinates":[-79.9986973570015,37.2646116760031]},"properties":{"ID":"121194","NAME":"UNKNOWN121194","CITY":"ROANOKE","STATE":"VA","COUNTY":"ROANOKE","TYPE":"SUBSTATION","STATUS":"IN SERVICE","LATITUDE":37.264611676000072,"LONGITUDE":-79.998697356999969,"LINES":1,"MAX_VOLT":-999999,"MIN_VOLT":-999999,"SOURCE":"IMAGERY","SOURCEDATE":1425513600000,"VAL_METHOD":"IMAGERY","VAL_DATE":1425513600000}},{"type":"Feature","geometry":{"type":"Point","coordinates":[-79.9574529700015,37.2623107370032]},"properties":{"ID":"121195","NAME":"UNKNOWN121195","CITY":"ROANOKE","STATE":"VA","COUNTY":"ROANOKE","TYPE":"SUBSTATION","STATUS":"IN SERVICE","LATITUDE":37.262310737000064,"LONGITUDE":-79.957452969999963,"LINES":1,"MAX_VOLT":-999999,"MIN_VOLT":-999999,"SOURCE":"IMAGERY","SOURCEDATE":1425513600000,"VAL_METHOD":"IMAGERY","VAL_DATE":1425513600000}},{"type":"Feature","geometry":{"type":"Point","coordinates":[-79.9545855210015,37.2726387880031]},"properties":{"ID":"121196","NAME":"UNKNOWN121196","CITY":"ROANOKE","STATE":"VA","COUNTY":"ROANOKE","TYPE":"SUBSTATION","STATUS":"IN SERVICE","LATITUDE":37.272638788000052,"LONGITUDE":-79.954585520999956,"LINES":3,"MAX_VOLT":-999999,"MIN_VOLT":-999999,"SOURCE":"IMAGERY","SOURCEDATE":1425513600000,"VAL_METHOD":"IMAGERY","VAL_DATE":1425513600000}},{"type":"Feature","geometry":{"type":"Point","coordinates":[-79.9415619380015,37.2858928620031]},"properties":{"ID":"121197","NAME":"UNKNOWN121197","CITY":"ROANOKE","STATE":"VA","COUNTY":"ROANOKE","TYPE":"SUBSTATION","STATUS":"IN SERVICE","LATITUDE":37.285892862000026,"LONGITUDE":-79.94156193799995,"LINES":2,"MAX_VOLT":-999999,"MIN_VOLT":-999999,"SOURCE":"IMAGERY","SOURCEDATE":1425513600000,"VAL_METHOD":"IMAGERY","VAL_DATE":1425513600000}},{"type":"Feature","geometry":{"type":"Point","coordinates":[-80.0271669740015,37.2939353210031]},"properties":{"ID":"121198","NAME":"UNKNOWN121198","CITY":"SALEM","STATE":"VA","COUNTY":"SALEM","TYPE":"SUBSTATION","STATUS":"IN SERVICE","LATITUDE":37.293935321000049,"LONGITUDE":-80.027166973999954,"LINES":5,"MAX_VOLT":-999999,"MIN_VOLT":-999999,"SOURCE":"IMAGERY","SOURCEDATE":1425513600000,"VAL_METHOD":"IMAGERY","VAL_DATE":1425513600000}},{"type":"Feature","geometry":{"type":"Point","coordinates":[-80.1184956840015,37.4898844500031]},"properties":{"ID":"121248","NAME":"UNKNOWN121248","CITY":"NEW CASTLE","STATE":"VA","COUNTY":"CRAIG","TYPE":"SUBSTATION","STATUS":"IN SERVICE","LATITUDE":37.489884450000034,"LONGITUDE":-80.118495683999981,"LINES":1,"MAX_VOLT":-999999,"MIN_VOLT":-999999,"SOURCE":"IMAGERY","SOURCEDATE":1425600000000,"VAL_METHOD":"IMAGERY","VAL_DATE":1425600000000}},{"type":"Feature","geometry":{"type":"Point","coordinates":[-80.1042665070015,37.4873860160031]},"properties":{"ID":"121249","NAME":"UNKNOWN121249","CITY":"NEW CASTLE","STATE":"VA","COUNTY":"CRAIG","TYPE":"SUBSTATION","STATUS":"IN SERVICE","LATITUDE":37.487386016000073,"LONGITUDE":-80.104266506999977,"LINES":2,"MAX_VOLT":-999999,"MIN_VOLT":-999999,"SOURCE":"IMAGERY","SOURCEDATE":1425600000000,"VAL_METHOD":"IMAGERY","VAL_DATE":1425600000000}},{"type":"Feature","geometry":{"type":"Point","coordinates":[-79.7164221510015,37.1028011730032]},"properties":{"ID":"121250","NAME":"UNKNOWN121250","CITY":"WIRTZ","STATE":"VA","COUNTY":"FRANKLIN","TYPE":"SUBSTATION","STATUS":"IN SERVICE","LATITUDE":37.102801173000046,"LONGITUDE":-79.716422150999961,"LINES":2,"MAX_VOLT":138,"MIN_VOLT":138,"SOURCE":"IMAGERY","SOURCEDATE":1425600000000,"VAL_METHOD":"IMAGERY","VAL_DATE":1425600000000}},{"type":"Feature","geometry":{"type":"Point","coordinates":[-80.2673472410015,36.7713139750031]},"properties":{"ID":"121252","NAME":"UNKNOWN121252","CITY":"WOOLWINE","STATE":"VA","COUNTY":"PATRICK","TYPE":"SUBSTATION","STATUS":"IN SERVICE","LATITUDE":36.771313975000055,"LONGITUDE":-80.267347240999982,"LINES":2,"MAX_VOLT":138,"MIN_VOLT":138,"SOURCE":"IMAGERY","SOURCEDATE":1425600000000,"VAL_METHOD":"IMAGERY","VAL_DATE":1425600000000}},{"type":"Feature","geometry":{"type":"Point","coordinates":[-80.2624277060015,36.6371774130032]},"properties":{"ID":"121363","NAME":"UNKNOWN121363","CITY":"STUART","STATE":"VA","COUNTY":"PATRICK","TYPE":"SUBSTATION","STATUS":"IN SERVICE","LATITUDE":36.637177413000074,"LONGITUDE":-80.262427705999983,"LINES":2,"MAX_VOLT":138,"MIN_VOLT":138,"SOURCE":"IMAGERY","SOURCEDATE":1426032000000,"VAL_METHOD":"IMAGERY","VAL_DATE":1426032000000}},{"type":"Feature","geometry":{"type":"Point","coordinates":[-79.9385699400015,37.2581675600032]},"properties":{"ID":"121364","NAME":"UNKNOWN121364","CITY":"ROANOKE","STATE":"VA","COUNTY":"ROANOKE","TYPE":"SUBSTATION","STATUS":"IN SERVICE","LATITUDE":37.258167560000061,"LONGITUDE":-79.938569939999979,"LINES":1,"MAX_VOLT":-999999,"MIN_VOLT":-999999,"SOURCE":"IMAGERY","SOURCEDATE":1426032000000,"VAL_METHOD":"IMAGERY","VAL_DATE":1426032000000}},{"type":"Feature","geometry":{"type":"Point","coordinates":[-79.9605419780015,37.3142677000032]},"properties":{"ID":"121365","NAME":"UNKNOWN121365","CITY":"ROANOKE","STATE":"VA","COUNTY":"ROANOKE","TYPE":"SUBSTATION","STATUS":"IN SERVICE","LATITUDE":37.314267700000073,"LONGITUDE":-79.960541977999981,"LINES":2,"MAX_VOLT":-999999,"MIN_VOLT":-999999,"SOURCE":"IMAGERY","SOURCEDATE":1426032000000,"VAL_METHOD":"IMAGERY","VAL_DATE":1426032000000}},{"type":"Feature","geometry":{"type":"Point","coordinates":[-79.9853325030015,37.3038854290031]},"properties":{"ID":"121366","NAME":"UNKNOWN121366","CITY":"ROANOKE","STATE":"VA","COUNTY":"ROANOKE","TYPE":"SUBSTATION","STATUS":"IN SERVICE","LATITUDE":37.303885429000047,"LONGITUDE":-79.985332502999938,"LINES":2,"MAX_VOLT":-999999,"MIN_VOLT":-999999,"SOURCE":"IMAGERY","SOURCEDATE":1426032000000,"VAL_METHOD":"IMAGERY","VAL_DATE":1426032000000}},{"type":"Feature","geometry":{"type":"Point","coordinates":[-79.9756168070014,37.2866620780031]},"properties":{"ID":"121367","NAME":"UNKNOWN121367","CITY":"ROANOKE","STATE":"VA","COUNTY":"ROANOKE","TYPE":"SUBSTATION","STATUS":"IN SERVICE","LATITUDE":37.286662078000063,"LONGITUDE":-79.975616806999938,"LINES":2,"MAX_VOLT":-999999,"MIN_VOLT":-999999,"SOURCE":"IMAGERY","SOURCEDATE":1426032000000,"VAL_METHOD":"IMAGERY","VAL_DATE":1426032000000}},{"type":"Feature","geometry":{"type":"Point","coordinates":[-79.9910899610015,37.4603887570031]},"properties":{"ID":"121368","NAME":"UNKNOWN121368","CITY":"TROUTVILLE","STATE":"VA","COUNTY":"BOTETOURT","TYPE":"SUBSTATION","STATUS":"IN SERVICE","LATITUDE":37.460388757000032,"LONGITUDE":-79.991089960999943,"LINES":1,"MAX_VOLT":-999999,"MIN_VOLT":-999999,"SOURCE":"IMAGERY","SOURCEDATE":1426032000000,"VAL_METHOD":"IMAGERY","VAL_DATE":1426032000000}},{"type":"Feature","geometry":{"type":"Point","coordinates":[-79.8121857170015,37.5037134770031]},"properties":{"ID":"121370","NAME":"UNKNOWN121370","CITY":"BUCHANAN","STATE":"VA","COUNTY":"BOTETOURT","TYPE":"SUBSTATION","STATUS":"IN SERVICE","LATITUDE":37.503713477000076,"LONGITUDE":-79.812185716999977,"LINES":1,"MAX_VOLT":-999999,"MIN_VOLT":-999999,"SOURCE":"IMAGERY","SOURCEDATE":1426032000000,"VAL_METHOD":"IMAGERY","VAL_DATE":1426032000000}},{"type":"Feature","geometry":{"type":"Point","coordinates":[-79.9978945810015,37.8006557740032]},"properties":{"ID":"121372","NAME":"UNKNOWN121372","CITY":"COVINGTON","STATE":"VA","COUNTY":"ALLEGHANY","TYPE":"SUBSTATION","STATUS":"IN SERVICE","LATITUDE":37.800655774000063,"LONGITUDE":-79.997894580999969,"LINES":3,"MAX_VOLT":138,"MIN_VOLT":138,"SOURCE":"IMAGERY","SOURCEDATE":1426032000000,"VAL_METHOD":"IMAGERY","VAL_DATE":1426032000000}},{"type":"Feature","geometry":{"type":"Point","coordinates":[-79.9859999330015,37.7693199680032]},"properties":{"ID":"121373","NAME":"COVINGTON","CITY":"COVINGTON","STATE":"VA","COUNTY":"COVINGTON","TYPE":"SUBSTATION","STATUS":"IN SERVICE","LATITUDE":37.769319968000048,"LONGITUDE":-79.98599993299996,"LINES":4,"MAX_VOLT":138,"MIN_VOLT":138,"SOURCE":"IMAGERY, https://www.dominionenergy.com/library/domcom/media/about-us/electric-projects/power-line-projects/low-moor/lowmoor-project-simulations.pdf?la=en","SOURCEDATE":1426032000000,"VAL_METHOD":"IMAGERY","VAL_DATE":1551657600000}},{"type":"Feature","geometry":{"type":"Point","coordinates":[-79.8086409580014,37.6569242890032]},"properties":{"ID":"121374","NAME":"UNKNOWN121374","CITY":"EAGLE ROCK","STATE":"VA","COUNTY":"BOTETOURT","TYPE":"SUBSTATION","STATUS":"IN SERVICE","LATITUDE":37.656924289000074,"LONGITUDE":-79.808640957999955,"LINES":2,"MAX_VOLT":138,"MIN_VOLT":-999999,"SOURCE":"IMAGERY","SOURCEDATE":1426032000000,"VAL_METHOD":"IMAGERY","VAL_DATE":1426032000000}},{"type":"Feature","geometry":{"type":"Point","coordinates":[-79.5917122760014,37.1285455010032]},"properties":{"ID":"121375","NAME":"UNKNOWN121375","CITY":"MONETA","STATE":"VA","COUNTY":"BEDFORD","TYPE":"SUBSTATION","STATUS":"IN SERVICE","LATITUDE":37.128545501000076,"LONGITUDE":-79.591712275999953,"LINES":1,"MAX_VOLT":138,"MIN_VOLT":138,"SOURCE":"IMAGERY","SOURCEDATE":1426032000000,"VAL_METHOD":"IMAGERY","VAL_DATE":1426032000000}},{"type":"Feature","geometry":{"type":"Point","coordinates":[-79.4310854520014,37.1795022530032]},"properties":{"ID":"121376","NAME":"UNKNOWN121376","CITY":"HUDDLESTON","STATE":"VA","COUNTY":"BEDFORD","TYPE":"SUBSTATION","STATUS":"IN SERVICE","LATITUDE":37.179502253000067,"LONGITUDE":-79.431085451999934,"LINES":2,"MAX_VOLT":138,"MIN_VOLT":-999999,"SOURCE":"IMAGERY","SOURCEDATE":1426032000000,"VAL_METHOD":"IMAGERY","VAL_DATE":1426032000000}},{"type":"Feature","geometry":{"type":"Point","coordinates":[-79.2897121870014,37.2242204500032]},"properties":{"ID":"121377","NAME":"UNKNOWN121377","CITY":"LYNCH STATION","STATE":"VA","COUNTY":"CAMPBELL","TYPE":"SUBSTATION","STATUS":"IN SERVICE","LATITUDE":37.224220450000075,"LONGITUDE":-79.289712186999964,"LINES":2,"MAX_VOLT":115,"MIN_VOLT":115,"SOURCE":"IMAGERY","SOURCEDATE":1426118400000,"VAL_METHOD":"IMAGERY","VAL_DATE":1426118400000}},{"type":"Feature","geometry":{"type":"Point","coordinates":[-79.2759700260014,37.1177658340032]},"properties":{"ID":"121378","NAME":"ALTAVISTA POWER STATION","CITY":"ALTAVISTA","STATE":"VA","COUNTY":"CAMPBELL","TYPE":"SUBSTATION","STATUS":"IN SERVICE","LATITUDE":37.117765834000068,"LONGITUDE":-79.275970025999982,"LINES":5,"MAX_VOLT":115,"MIN_VOLT":115,"SOURCE":"IMAGERY, EIA 860","SOURCEDATE":1426118400000,"VAL_METHOD":"IMAGERY","VAL_DATE":1622505600000}},{"type":"Feature","geometry":{"type":"Point","coordinates":[-79.3531471710015,37.5240268640032]},"properties":{"ID":"121379","NAME":"UNKNOWN121379","CITY":"BIG ISLAND","STATE":"VA","COUNTY":"BEDFORD","TYPE":"SUBSTATION","STATUS":"IN SERVICE","LATITUDE":37.524026864000064,"LONGITUDE":-79.353147170999989,"LINES":3,"MAX_VOLT":69,"MIN_VOLT":69,"SOURCE":"IMAGERY","SOURCEDATE":1426118400000,"VAL_METHOD":"IMAGERY","VAL_DATE":1426118400000}},{"type":"Feature","geometry":{"type":"Point","coordinates":[-79.1236810110014,37.4900914270032]},"properties":{"ID":"121380","NAME":"UNKNOWN121380","CITY":"MONROE","STATE":"VA","COUNTY":"AMHERST","TYPE":"SUBSTATION","STATUS":"IN SERVICE","LATITUDE":37.490091427000038,"LONGITUDE":-79.123681010999974,"LINES":2,"MAX_VOLT":-999999,"MIN_VOLT":-999999,"SOURCE":"IMAGERY","SOURCEDATE":1426118400000,"VAL_METHOD":"IMAGERY","VAL_DATE":1426118400000}},{"type":"Feature","geometry":{"type":"Point","coordinates":[-79.0626913640014,37.4110359640031]},"properties":{"ID":"121381","NAME":"UNKNOWN121381","CITY":"LYNCHBURG","STATE":"VA","COUNTY":"CAMPBELL","TYPE":"SUBSTATION","STATUS":"IN SERVICE","LATITUDE":37.411035964000064,"LONGITUDE":-79.062691363999988,"LINES":3,"MAX_VOLT":-999999,"MIN_VOLT":-999999,"SOURCE":"IMAGERY","SOURCEDATE":1426118400000,"VAL_METHOD":"IMAGERY","VAL_DATE":1426118400000}},{"type":"Feature","geometry":{"type":"Point","coordinates":[-79.1338679090014,37.4062514100031]},"properties":{"ID":"121382","NAME":"UNKNOWN121382","CITY":"LYNCHBURG","STATE":"VA","COUNTY":"LYNCHBURG","TYPE":"SUBSTATION","STATUS":"IN SERVICE","LATITUDE":37.406251410000039,"LONGITUDE":-79.133867908999946,"LINES":2,"MAX_VOLT":-999999,"MIN_VOLT":-999999,"SOURCE":"IMAGERY","SOURCEDATE":1426118400000,"VAL_METHOD":"IMAGERY","VAL_DATE":1426118400000}},{"type":"Feature","geometry":{"type":"Point","coordinates":[-79.1263868250014,37.4004612890032]},"properties":{"ID":"121383","NAME":"UNKNOWN121383","CITY":"LYNCHBURG","STATE":"VA","COUNTY":"LYNCHBURG","TYPE":"SUBSTATION","STATUS":"IN SERVICE","LATITUDE":37.400461289000077,"LONGITUDE":-79.12638682499994,"LINES":4,"MAX_VOLT":-999999,"MIN_VOLT":-999999,"SOURCE":"IMAGERY","SOURCEDATE":1426118400000,"VAL_METHOD":"IMAGERY","VAL_DATE":1426118400000}},{"type":"Feature","geometry":{"type":"Point","coordinates":[-79.1871261360014,37.4624954230032]},"properties":{"ID":"121384","NAME":"REUSENS","CITY":"LYNCHBURG","STATE":"VA","COUNTY":"LYNCHBURG","TYPE":"SUBSTATION","STATUS":"IN SERVICE","LATITUDE":37.462495423000064,"LONGITUDE":-79.187126135999961,"LINES":2,"MAX_VOLT":-999999,"MIN_VOLT":-999999,"SOURCE":"IMAGERY, EIA 860","SOURCEDATE":1426118400000,"VAL_METHOD":"IMAGERY","VAL_DATE":1622505600000}},{"type":"Feature","geometry":{"type":"Point","coordinates":[-78.9933584570014,37.3306823260032]},"properties":{"ID":"121385","NAME":"UNKNOWN121385","CITY":"CONCORD","STATE":"VA","COUNTY":"CAMPBELL","TYPE":"SUBSTATION","STATUS":"IN SERVICE","LATITUDE":37.330682326000044,"LONGITUDE":-78.993358456999943,"LINES":1,"MAX_VOLT":-999999,"MIN_VOLT":-999999,"SOURCE":"IMAGERY","SOURCEDATE":1426118400000,"VAL_METHOD":"IMAGERY","VAL_DATE":1426118400000}},{"type":"Feature","geometry":{"type":"Point","coordinates":[-79.1680705000014,37.3753282910032]},"properties":{"ID":"121386","NAME":"UNKNOWN121386","CITY":"LYNCHBURG","STATE":"VA","COUNTY":"LYNCHBURG","TYPE":"SUBSTATION","STATUS":"IN SERVICE","LATITUDE":37.375328291000073,"LONGITUDE":-79.168070499999942,"LINES":2,"MAX_VOLT":138,"MIN_VOLT":-999999,"SOURCE":"IMAGERY","SOURCEDATE":1426118400000,"VAL_METHOD":"IMAGERY","VAL_DATE":1426204800000}},{"type":"Feature","geometry":{"type":"Point","coordinates":[-79.4155671590014,37.7984424840032]},"properties":{"ID":"121387","NAME":"ROCKBRIDGE","CITY":"LEXINGTON","STATE":"VA","COUNTY":"ROCKBRIDGE","TYPE":"SUBSTATION","STATUS":"IN SERVICE","LATITUDE":37.798442484000077,"LONGITUDE":-79.415567158999977,"LINES":1,"MAX_VOLT":115,"MIN_VOLT":115,"SOURCE":"IMAGERY, https://www.pjm.com/-/media/committees-groups/committees/teac/20180712/20180712-teac-reliability-analysis-update.ashx","SOURCEDATE":1426118400000,"VAL_METHOD":"IMAGERY","VAL_DATE":1552521600000}},{"type":"Feature","geometry":{"type":"Point","coordinates":[-79.3567367220014,37.7322287160031]},"properties":{"ID":"121388","NAME":"BUENA VISTA","CITY":"BUENA VISTA","STATE":"VA","COUNTY":"BUENA VISTA","TYPE":"SUBSTATION","STATUS":"IN SERVICE","LATITUDE":37.732228716000066,"LONGITUDE":-79.356736721999937,"LINES":3,"MAX_VOLT":115,"MIN_VOLT":-999999,"SOURCE":"IMAGERY, https://www.pjm.com/-/media/committees-groups/committees/teac/20180712/20180712-teac-reliability-analysis-update.ashx","SOURCEDATE":1426118400000,"VAL_METHOD":"IMAGERY","VAL_DATE":1552521600000}},{"type":"Feature","geometry":{"type":"Point","coordinates":[-79.3708943730014,37.5735808230031]},"properties":{"ID":"121389","NAME":"SNOWDEN","CITY":"BIG ISLAND","STATE":"VA","COUNTY":"AMHERST","TYPE":"SUBSTATION","STATUS":"IN SERVICE","LATITUDE":37.573580823000043,"LONGITUDE":-79.370894372999942,"LINES":2,"MAX_VOLT":-999999,"MIN_VOLT":-999999,"SOURCE":"IMAGERY, EIA 860","SOURCEDATE":1426118400000,"VAL_METHOD":"IMAGERY","VAL_DATE":1622505600000}},{"type":"Feature","geometry":{"type":"Point","coordinates":[-79.3978994710014,37.5411178360032]},"properties":{"ID":"121390","NAME":"UNKNOWN121390","CITY":"BIG ISLAND","STATE":"VA","COUNTY":"BEDFORD","TYPE":"SUBSTATION","STATUS":"IN SERVICE","LATITUDE":37.541117836000069,"LONGITUDE":-79.39789947099996,"LINES":2,"MAX_VOLT":-999999,"MIN_VOLT":-999999,"SOURCE":"IMAGERY","SOURCEDATE":1426118400000,"VAL_METHOD":"IMAGERY","VAL_DATE":1426118400000}},{"type":"Feature","geometry":{"type":"Point","coordinates":[-79.9928872310014,37.8033834350031]},"properties":{"ID":"121391","NAME":"UNKNOWN121391","CITY":"COVINGTON","STATE":"VA","COUNTY":"COVINGTON","TYPE":"SUBSTATION","STATUS":"IN SERVICE","LATITUDE":37.803383435000057,"LONGITUDE":-79.992887230999941,"LINES":2,"MAX_VOLT":138,"MIN_VOLT":138,"SOURCE":"IMAGERY","SOURCEDATE":1426118400000,"VAL_METHOD":"IMAGERY","VAL_DATE":1426118400000}},{"type":"Feature","geometry":{"type":"Point","coordinates":[-79.0124943870014,37.5614380440032]},"properties":{"ID":"121392","NAME":"UNKNOWN121392","CITY":"AMHERST","STATE":"VA","COUNTY":"AMHERST","TYPE":"SUBSTATION","STATUS":"IN SERVICE","LATITUDE":37.561438044000056,"LONGITUDE":-79.012494386999947,"LINES":4,"MAX_VOLT":138,"MIN_VOLT":-999999,"SOURCE":"IMAGERY","SOURCEDATE":1426118400000,"VAL_METHOD":"IMAGERY","VAL_DATE":1426118400000}},{"type":"Feature","geometry":{"type":"Point","coordinates":[-79.0593297640014,37.1664582220032]},"properties":{"ID":"121432","NAME":"UNKNOWN121432","CITY":"GLADYS","STATE":"VA","COUNTY":"CAMPBELL","TYPE":"SUBSTATION","STATUS":"IN SERVICE","LATITUDE":37.166458222000074,"LONGITUDE":-79.059329763999983,"LINES":1,"MAX_VOLT":115,"MIN_VOLT":115,"SOURCE":"IMAGERY","SOURCEDATE":1426204800000,"VAL_METHOD":"IMAGERY","VAL_DATE":1426204800000}},{"type":"Feature","geometry":{"type":"Point","coordinates":[-78.9035309900014,37.0887148890032]},"properties":{"ID":"121433","NAME":"UNKNOWN121433","CITY":"BROOKNEAL","STATE":"VA","COUNTY":"CAMPBELL","TYPE":"SUBSTATION","STATUS":"IN SERVICE","LATITUDE":37.088714889000073,"LONGITUDE":-78.903530989999979,"LINES":1,"MAX_VOLT":115,"MIN_VOLT":115,"SOURCE":"IMAGERY","SOURCEDATE":1426204800000,"VAL_METHOD":"IMAGERY","VAL_DATE":1426204800000}},{"type":"Feature","geometry":{"type":"Point","coordinates":[-79.3931847360014,37.9097372160031]},"properties":{"ID":"121434","NAME":"UNKNOWN121434","CITY":"ROCKBRIDGE BATHS","STATE":"VA","COUNTY":"ROCKBRIDGE","TYPE":"SUBSTATION","STATUS":"IN SERVICE","LATITUDE":37.909737216000053,"LONGITUDE":-79.393184735999967,"LINES":1,"MAX_VOLT":115,"MIN_VOLT":115,"SOURCE":"IMAGERY","SOURCEDATE":1426204800000,"VAL_METHOD":"IMAGERY","VAL_DATE":1426204800000}},{"type":"Feature","geometry":{"type":"Point","coordinates":[-79.8001844080014,38.2090863050031]},"properties":{"ID":"121435","NAME":"BATH COUNTY","CITY":"CRAIGSVILLE","STATE":"VA","COUNTY":"BATH","TYPE":"SUBSTATION","STATUS":"IN SERVICE","LATITUDE":38.209086305000028,"LONGITUDE":-79.80018440799995,"LINES":3,"MAX_VOLT":500,"MIN_VOLT":500,"SOURCE":"IMAGERY, https://www.pjm.com/-/media/committees-groups/committees/teac/20180712/20180712-teac-reliability-analysis-update.ashx","SOURCEDATE":1426204800000,"VAL_METHOD":"IMAGERY","VAL_DATE":1552521600000}},{"type":"Feature","geometry":{"type":"Point","coordinates":[-78.8522076290014,38.1060558050031]},"properties":{"ID":"121438","NAME":"UNKNOWN121438","CITY":"WAYNESBORO","STATE":"VA","COUNTY":"AUGUSTA","TYPE":"SUBSTATION","STATUS":"IN SERVICE","LATITUDE":38.10605580500004,"LONGITUDE":-78.852207628999963,"LINES":8,"MAX_VOLT":115,"MIN_VOLT":115,"SOURCE":"IMAGERY","SOURCEDATE":1426204800000,"VAL_METHOD":"IMAGERY","VAL_DATE":1426204800000}},{"type":"Feature","geometry":{"type":"Point","coordinates":[-79.0478032710014,38.0245173740031]},"properties":{"ID":"121439","NAME":"STUARTS DRAFT","CITY":"STUARTS DRAFT","STATE":"VA","COUNTY":"AUGUSTA","TYPE":"SUBSTATION","STATUS":"IN SERVICE","LATITUDE":38.024517374000027,"LONGITUDE":-79.047803270999964,"LINES":2,"MAX_VOLT":115,"MIN_VOLT":115,"SOURCE":"IMAGERY, https://www.pjm.com/-/media/committees-groups/committees/teac/20180712/20180712-teac-reliability-analysis-update.ashx, EIA 861","SOURCEDATE":1426464000000,"VAL_METHOD":"IMAGERY","VAL_DATE":1552521600000}},{"type":"Feature","geometry":{"type":"Point","coordinates":[-79.0487836090014,38.0244055390032]},"properties":{"ID":"121440","NAME":"UNKNOWN121440","CITY":"STUARTS DRAFT","STATE":"VA","COUNTY":"AUGUSTA","TYPE":"SUBSTATION","STATUS":"IN SERVICE","LATITUDE":38.024405539000043,"LONGITUDE":-79.04878360899994,"LINES":1,"MAX_VOLT":115,"MIN_VOLT":115,"SOURCE":"IMAGERY","SOURCEDATE":1426464000000,"VAL_METHOD":"IMAGERY","VAL_DATE":1426464000000}},{"type":"Feature","geometry":{"type":"Point","coordinates":[-79.0056204250014,38.0819456650031]},"properties":{"ID":"121441","NAME":"UNKNOWN121441","CITY":"FISHERSVILLE","STATE":"VA","COUNTY":"AUGUSTA","TYPE":"SUBSTATION","STATUS":"IN SERVICE","LATITUDE":38.081945665000035,"LONGITUDE":-79.005620424999961,"LINES":1,"MAX_VOLT":115,"MIN_VOLT":115,"SOURCE":"IMAGERY","SOURCEDATE":1426464000000,"VAL_METHOD":"IMAGERY","VAL_DATE":1426464000000}},{"type":"Feature","geometry":{"type":"Point","coordinates":[-78.6985402280014,38.0847103890032]},"properties":{"ID":"121444","NAME":"CROZET","CITY":"CROZET","STATE":"VA","COUNTY":"ALBEMARLE","TYPE":"SUBSTATION","STATUS":"IN SERVICE","LATITUDE":38.084710389000065,"LONGITUDE":-78.698540227999956,"LINES":2,"MAX_VOLT":230,"MIN_VOLT":230,"SOURCE":"IMAGERY","SOURCEDATE":1426464000000,"VAL_METHOD":"IMAGERY","VAL_DATE":1508112000000}},{"type":"Feature","geometry":{"type":"Point","coordinates":[-78.5305115750013,38.0716345370032]},"properties":{"ID":"121445","NAME":"BARRACKS ROAD","CITY":"CHARLOTTESVILLE","STATE":"VA","COUNTY":"ALBEMARLE","TYPE":"SUBSTATION","STATUS":"IN SERVICE","LATITUDE":38.071634537000079,"LONGITUDE":-78.530511574999935,"LINES":2,"MAX_VOLT":230,"MIN_VOLT":230,"SOURCE":"IMAGERY","SOURCEDATE":1426464000000,"VAL_METHOD":"IMAGERY","VAL_DATE":1508112000000}},{"type":"Feature","geometry":{"type":"Point","coordinates":[-79.5913777030015,38.4214355160031]},"properties":{"ID":"121448","NAME":"MONTEREY DIESEL GENERATION FACILITY","CITY":"MONTEREY","STATE":"VA","COUNTY":"HIGHLAND","TYPE":"SUBSTATION","STATUS":"IN SERVICE","LATITUDE":38.421435516000031,"LONGITUDE":-79.591377702999978,"LINES":1,"MAX_VOLT":-999999,"MIN_VOLT":-999999,"SOURCE":"IMAGERY, EIA 860","SOURCEDATE":1426464000000,"VAL_METHOD":"IMAGERY","VAL_DATE":1622505600000}},{"type":"Feature","geometry":{"type":"Point","coordinates":[-78.8406042280014,37.9184063450032]},"properties":{"ID":"121449","NAME":"UNKNOWN121449","CITY":"AFTON","STATE":"VA","COUNTY":"NELSON","TYPE":"SUBSTATION","STATUS":"IN SERVICE","LATITUDE":37.918406345000051,"LONGITUDE":-78.840604227999961,"LINES":2,"MAX_VOLT":115,"MIN_VOLT":-999999,"SOURCE":"IMAGERY","SOURCEDATE":1426464000000,"VAL_METHOD":"IMAGERY","VAL_DATE":1426464000000}},{"type":"Feature","geometry":{"type":"Point","coordinates":[-79.0088316320014,37.7097744350031]},"properties":{"ID":"121452","NAME":"UNKNOWN121452","CITY":"PINEY RIVER","STATE":"VA","COUNTY":"NELSON","TYPE":"SUBSTATION","STATUS":"IN SERVICE","LATITUDE":37.709774435000043,"LONGITUDE":-79.008831631999954,"LINES":2,"MAX_VOLT":-999999,"MIN_VOLT":-999999,"SOURCE":"IMAGERY","SOURCEDATE":1426464000000,"VAL_METHOD":"IMAGERY","VAL_DATE":1426464000000}},{"type":"Feature","geometry":{"type":"Point","coordinates":[-79.0063960160014,37.7200162300032]},"properties":{"ID":"121453","NAME":"UNKNOWN121453","CITY":"PINEY RIVER","STATE":"VA","COUNTY":"NELSON","TYPE":"SUBSTATION","STATUS":"IN SERVICE","LATITUDE":37.720016230000056,"LONGITUDE":-79.00639601599994,"LINES":1,"MAX_VOLT":-999999,"MIN_VOLT":-999999,"SOURCE":"IMAGERY","SOURCEDATE":1426464000000,"VAL_METHOD":"IMAGERY","VAL_DATE":1426464000000}},{"type":"Feature","geometry":{"type":"Point","coordinates":[-78.8573904990014,37.5726212520031]},"properties":{"ID":"121454","NAME":"UNKNOWN121454","CITY":"GLADSTONE","STATE":"VA","COUNTY":"NELSON","TYPE":"SUBSTATION","STATUS":"IN SERVICE","LATITUDE":37.572621252000033,"LONGITUDE":-78.857390498999962,"LINES":2,"MAX_VOLT":-999999,"MIN_VOLT":-999999,"SOURCE":"IMAGERY","SOURCEDATE":1426464000000,"VAL_METHOD":"IMAGERY","VAL_DATE":1426464000000}},{"type":"Feature","geometry":{"type":"Point","coordinates":[-78.5021791750014,37.7952504510032]},"properties":{"ID":"121544","NAME":"UNKNOWN121544","CITY":"SCOTTSVILLE","STATE":"VA","COUNTY":"ALBEMARLE","TYPE":"SUBSTATION","STATUS":"IN SERVICE","LATITUDE":37.795250451000072,"LONGITUDE":-78.502179174999981,"LINES":1,"MAX_VOLT":-999999,"MIN_VOLT":-999999,"SOURCE":"IMAGERY","SOURCEDATE":1426550400000,"VAL_METHOD":"IMAGERY","VAL_DATE":1426550400000}},{"type":"Feature","geometry":{"type":"Point","coordinates":[-78.4046051170013,37.9684724600032]},"properties":{"ID":"121545","NAME":"UNKNOWN121545","CITY":"CHARLOTTESVILLE","STATE":"VA","COUNTY":"ALBEMARLE","TYPE":"SUBSTATION","STATUS":"IN SERVICE","LATITUDE":37.968472460000044,"LONGITUDE":-78.40460511699996,"LINES":2,"MAX_VOLT":230,"MIN_VOLT":230,"SOURCE":"IMAGERY","SOURCEDATE":1426550400000,"VAL_METHOD":"IMAGERY","VAL_DATE":1426550400000}},{"type":"Feature","geometry":{"type":"Point","coordinates":[-78.2634541020013,38.1038399770032]},"properties":{"ID":"121546","NAME":"UNKNOWN121546","CITY":"GORDONSVILLE","STATE":"VA","COUNTY":"ALBEMARLE","TYPE":"SUBSTATION","STATUS":"IN SERVICE","LATITUDE":38.103839977000064,"LONGITUDE":-78.263454101999969,"LINES":3,"MAX_VOLT":230,"MIN_VOLT":-999999,"SOURCE":"IMAGERY","SOURCEDATE":1426550400000,"VAL_METHOD":"IMAGERY","VAL_DATE":1426550400000}},{"type":"Feature","geometry":{"type":"Point","coordinates":[-78.4114581730013,38.1708193460031]},"properties":{"ID":"121549","NAME":"UNKNOWN121549","CITY":"CHARLOTTESVILLE","STATE":"VA","COUNTY":"ALBEMARLE","TYPE":"SUBSTATION","STATUS":"IN SERVICE","LATITUDE":38.17081934600003,"LONGITUDE":-78.411458172999971,"LINES":2,"MAX_VOLT":230,"MIN_VOLT":-999999,"SOURCE":"IMAGERY","SOURCEDATE":1426550400000,"VAL_METHOD":"IMAGERY","VAL_DATE":1426550400000}},{"type":"Feature","geometry":{"type":"Point","coordinates":[-78.6856753940014,38.6196490760031]},"properties":{"ID":"121550","NAME":"UNKNOWN121550","CITY":"NEW MARKET","STATE":"VA","COUNTY":"ROCKINGHAM","TYPE":"SUBSTATION","STATUS":"IN SERVICE","LATITUDE":38.61964907600003,"LONGITUDE":-78.685675393999986,"LINES":5,"MAX_VOLT":230,"MIN_VOLT":115,"SOURCE":"IMAGERY","SOURCEDATE":1426550400000,"VAL_METHOD":"IMAGERY","VAL_DATE":1426550400000}},{"type":"Feature","geometry":{"type":"Point","coordinates":[-78.6470340980013,38.3828339140031]},"properties":{"ID":"121551","NAME":"UNKNOWN121551","CITY":"ELKTON","STATE":"VA","COUNTY":"ROCKINGHAM","TYPE":"SUBSTATION","STATUS":"IN SERVICE","LATITUDE":38.382833914000059,"LONGITUDE":-78.647034097999949,"LINES":2,"MAX_VOLT":115,"MIN_VOLT":115,"SOURCE":"IMAGERY","SOURCEDATE":1426550400000,"VAL_METHOD":"IMAGERY","VAL_DATE":1426550400000}},{"type":"Feature","geometry":{"type":"Point","coordinates":[-78.2239619330013,38.9428381920032]},"properties":{"ID":"121554","NAME":"UNKNOWN121554","CITY":"FRONT ROYAL","STATE":"VA","COUNTY":"WARREN","TYPE":"SUBSTATION","STATUS":"IN SERVICE","LATITUDE":38.942838192000067,"LONGITUDE":-78.223961932999941,"LINES":3,"MAX_VOLT":138,"MIN_VOLT":138,"SOURCE":"IMAGERY","SOURCEDATE":1426550400000,"VAL_METHOD":"IMAGERY","VAL_DATE":1426550400000}},{"type":"Feature","geometry":{"type":"Point","coordinates":[-78.1812086300013,38.9706661080031]},"properties":{"ID":"121555","NAME":"UNKNOWN121555","CITY":"FRONT ROYAL","STATE":"VA","COUNTY":"WARREN","TYPE":"SUBSTATION","STATUS":"IN SERVICE","LATITUDE":38.970666108000046,"LONGITUDE":-78.181208629999958,"LINES":3,"MAX_VOLT":500,"MIN_VOLT":500,"SOURCE":"IMAGERY","SOURCEDATE":1426550400000,"VAL_METHOD":"IMAGERY","VAL_DATE":1426550400000}},{"type":"Feature","geometry":{"type":"Point","coordinates":[-78.2067266400013,39.1880433580032]},"properties":{"ID":"121557","NAME":"UNKNOWN121557","CITY":"WINCHESTER","STATE":"VA","COUNTY":"FREDERICK","TYPE":"SUBSTATION","STATUS":"IN SERVICE","LATITUDE":39.188043358000073,"LONGITUDE":-78.206726639999943,"LINES":2,"MAX_VOLT":138,"MIN_VOLT":138,"SOURCE":"IMAGERY","SOURCEDATE":1426550400000,"VAL_METHOD":"IMAGERY","VAL_DATE":1426550400000}},{"type":"Feature","geometry":{"type":"Point","coordinates":[-78.2040987380013,38.9297073660032]},"properties":{"ID":"121558","NAME":"UNKNOWN121558","CITY":"FRONT ROYAL","STATE":"VA","COUNTY":"WARREN","TYPE":"SUBSTATION","STATUS":"IN SERVICE","LATITUDE":38.929707366000059,"LONGITUDE":-78.204098737999971,"LINES":2,"MAX_VOLT":138,"MIN_VOLT":-999999,"SOURCE":"IMAGERY","SOURCEDATE":1426636800000,"VAL_METHOD":"IMAGERY","VAL_DATE":1426636800000}},{"type":"Feature","geometry":{"type":"Point","coordinates":[-78.2042058140013,38.9305925250032]},"properties":{"ID":"121559","NAME":"UNKNOWN121559","CITY":"FRONT ROYAL","STATE":"VA","COUNTY":"WARREN","TYPE":"SUBSTATION","STATUS":"IN SERVICE","LATITUDE":38.930592525000066,"LONGITUDE":-78.204205813999977,"LINES":3,"MAX_VOLT":-999999,"MIN_VOLT":-999999,"SOURCE":"IMAGERY","SOURCEDATE":1426636800000,"VAL_METHOD":"IMAGERY","VAL_DATE":1426636800000}},{"type":"Feature","geometry":{"type":"Point","coordinates":[-78.7847392350014,38.6345530960032]},"properties":{"ID":"121560","NAME":"UNKNOWN121560","CITY":"TIMBERVILLE","STATE":"VA","COUNTY":"ROCKINGHAM","TYPE":"SUBSTATION","STATUS":"IN SERVICE","LATITUDE":38.634553096000047,"LONGITUDE":-78.784739234999961,"LINES":2,"MAX_VOLT":-999999,"MIN_VOLT":-999999,"SOURCE":"IMAGERY","SOURCEDATE":1426636800000,"VAL_METHOD":"IMAGERY","VAL_DATE":1426636800000}},{"type":"Feature","geometry":{"type":"Point","coordinates":[-78.8571349700014,38.4397260770032]},"properties":{"ID":"121561","NAME":"UNKNOWN121561","CITY":"HARRISONBURG","STATE":"VA","COUNTY":"HARRISONBURG","TYPE":"SUBSTATION","STATUS":"IN SERVICE","LATITUDE":38.439726077000046,"LONGITUDE":-78.857134969999947,"LINES":3,"MAX_VOLT":-999999,"MIN_VOLT":-999999,"SOURCE":"IMAGERY","SOURCEDATE":1426636800000,"VAL_METHOD":"IMAGERY","VAL_DATE":1426636800000}},{"type":"Feature","geometry":{"type":"Point","coordinates":[-78.8812114860014,38.4375760750031]},"properties":{"ID":"121562","NAME":"UNKNOWN121562","CITY":"HARRISONBURG","STATE":"VA","COUNTY":"HARRISONBURG","TYPE":"SUBSTATION","STATUS":"IN SERVICE","LATITUDE":38.437576075000038,"LONGITUDE":-78.881211485999984,"LINES":1,"MAX_VOLT":-999999,"MIN_VOLT":-999999,"SOURCE":"IMAGERY","SOURCEDATE":1426636800000,"VAL_METHOD":"IMAGERY","VAL_DATE":1426636800000}},{"type":"Feature","geometry":{"type":"Point","coordinates":[-78.8877849850014,38.4530451000032]},"properties":{"ID":"121563","NAME":"UNKNOWN121563","CITY":"HARRISONBURG","STATE":"VA","COUNTY":"HARRISONBURG","TYPE":"SUBSTATION","STATUS":"IN SERVICE","LATITUDE":38.453045100000054,"LONGITUDE":-78.887784984999939,"LINES":2,"MAX_VOLT":-999999,"MIN_VOLT":-999999,"SOURCE":"IMAGERY","SOURCEDATE":1426636800000,"VAL_METHOD":"IMAGERY","VAL_DATE":1426636800000}},{"type":"Feature","geometry":{"type":"Point","coordinates":[-78.8644049960014,38.4682769220031]},"properties":{"ID":"121564","NAME":"MOUNT CLINTON","CITY":"HARRISONBURG","STATE":"VA","COUNTY":"HARRISONBURG","TYPE":"SUBSTATION","STATUS":"IN SERVICE","LATITUDE":38.46827692200003,"LONGITUDE":-78.864404995999962,"LINES":3,"MAX_VOLT":-999999,"MIN_VOLT":-999999,"SOURCE":"IMAGERY, EIA 860","SOURCEDATE":1426636800000,"VAL_METHOD":"IMAGERY","VAL_DATE":1622505600000}},{"type":"Feature","geometry":{"type":"Point","coordinates":[-78.8569298800013,38.4637812870032]},"properties":{"ID":"121565","NAME":"UNKNOWN121565","CITY":"HARRISONBURG","STATE":"VA","COUNTY":"HARRISONBURG","TYPE":"SUBSTATION","STATUS":"IN SERVICE","LATITUDE":38.463781287000074,"LONGITUDE":-78.856929879999939,"LINES":2,"MAX_VOLT":-999999,"MIN_VOLT":-999999,"SOURCE":"IMAGERY","SOURCEDATE":1426636800000,"VAL_METHOD":"IMAGERY","VAL_DATE":1426636800000}},{"type":"Feature","geometry":{"type":"Point","coordinates":[-78.8358202540013,38.4459305710032]},"properties":{"ID":"121566","NAME":"UNKNOWN121566","CITY":"HARRISONBURG","STATE":"VA","COUNTY":"HARRISONBURG","TYPE":"SUBSTATION","STATUS":"IN SERVICE","LATITUDE":38.445930571000076,"LONGITUDE":-78.835820253999941,"LINES":3,"MAX_VOLT":-999999,"MIN_VOLT":-999999,"SOURCE":"IMAGERY","SOURCEDATE":1426636800000,"VAL_METHOD":"IMAGERY","VAL_DATE":1426636800000}},{"type":"Feature","geometry":{"type":"Point","coordinates":[-78.8632000170013,38.4380278850031]},"properties":{"ID":"121567","NAME":"UNKNOWN121567","CITY":"HARRISONBURG","STATE":"VA","COUNTY":"HARRISONBURG","TYPE":"SUBSTATION","STATUS":"IN SERVICE","LATITUDE":38.438027885000054,"LONGITUDE":-78.86320001699994,"LINES":1,"MAX_VOLT":-999999,"MIN_VOLT":-999999,"SOURCE":"IMAGERY","SOURCEDATE":1426636800000,"VAL_METHOD":"IMAGERY","VAL_DATE":1426636800000}},{"type":"Feature","geometry":{"type":"Point","coordinates":[-78.6194912530014,38.4928924970032]},"properties":{"ID":"121568","NAME":"UNKNOWN121568","CITY":"SHENANDOAH","STATE":"VA","COUNTY":"PAGE","TYPE":"SUBSTATION","STATUS":"IN SERVICE","LATITUDE":38.492892497000071,"LONGITUDE":-78.619491252999978,"LINES":2,"MAX_VOLT":-999999,"MIN_VOLT":-999999,"SOURCE":"IMAGERY","SOURCEDATE":1426636800000,"VAL_METHOD":"IMAGERY","VAL_DATE":1426636800000}},{"type":"Feature","geometry":{"type":"Point","coordinates":[-78.8383683570014,38.5252440630032]},"properties":{"ID":"121569","NAME":"UNKNOWN121569","CITY":"LINVILLE","STATE":"VA","COUNTY":"ROCKINGHAM","TYPE":"SUBSTATION","STATUS":"IN SERVICE","LATITUDE":38.525244063000059,"LONGITUDE":-78.838368356999979,"LINES":2,"MAX_VOLT":-999999,"MIN_VOLT":-999999,"SOURCE":"IMAGERY","SOURCEDATE":1426636800000,"VAL_METHOD":"IMAGERY","VAL_DATE":1426636800000}},{"type":"Feature","geometry":{"type":"Point","coordinates":[-79.0323604200014,38.4714034830032]},"properties":{"ID":"121570","NAME":"UNKNOWN121570","CITY":"DAYTON","STATE":"VA","COUNTY":"ROCKINGHAM","TYPE":"SUBSTATION","STATUS":"IN SERVICE","LATITUDE":38.471403483000074,"LONGITUDE":-79.032360419999975,"LINES":1,"MAX_VOLT":-999999,"MIN_VOLT":-999999,"SOURCE":"IMAGERY","SOURCEDATE":1426636800000,"VAL_METHOD":"IMAGERY","VAL_DATE":1426636800000}},{"type":"Feature","geometry":{"type":"Point","coordinates":[-78.9325753430014,38.4111364950031]},"properties":{"ID":"121571","NAME":"UNKNOWN121571","CITY":"HARRISONBURG","STATE":"VA","COUNTY":"ROCKINGHAM","TYPE":"SUBSTATION","STATUS":"IN SERVICE","LATITUDE":38.411136495000051,"LONGITUDE":-78.932575342999939,"LINES":2,"MAX_VOLT":-999999,"MIN_VOLT":-999999,"SOURCE":"IMAGERY","SOURCEDATE":1426636800000,"VAL_METHOD":"IMAGERY","VAL_DATE":1426636800000}},{"type":"Feature","geometry":{"type":"Point","coordinates":[-78.8979198420014,38.4010114720031]},"properties":{"ID":"121572","NAME":"PLEASANT VALLEY (VA)","CITY":"HARRISONBURG","STATE":"VA","COUNTY":"HARRISONBURG","TYPE":"SUBSTATION","STATUS":"IN SERVICE","LATITUDE":38.40101147200005,"LONGITUDE":-78.897919841999965,"LINES":2,"MAX_VOLT":-999999,"MIN_VOLT":-999999,"SOURCE":"IMAGERY, EIA 860","SOURCEDATE":1426636800000,"VAL_METHOD":"IMAGERY","VAL_DATE":1622505600000}},{"type":"Feature","geometry":{"type":"Point","coordinates":[-78.3810860100014,38.2103455300032]},"properties":{"ID":"121573","NAME":"UNKNOWN121573","CITY":"RUCKERSVILLE","STATE":"VA","COUNTY":"GREENE","TYPE":"SUBSTATION","STATUS":"IN SERVICE","LATITUDE":38.210345530000041,"LONGITUDE":-78.38108600999999,"LINES":1,"MAX_VOLT":-999999,"MIN_VOLT":-999999,"SOURCE":"IMAGERY","SOURCEDATE":1426636800000,"VAL_METHOD":"IMAGERY","VAL_DATE":1426636800000}},{"type":"Feature","geometry":{"type":"Point","coordinates":[-78.4395141160013,38.3042157430032]},"properties":{"ID":"121574","NAME":"UNKNOWN121574","CITY":"STANARDSVILLE","STATE":"VA","COUNTY":"GREENE","TYPE":"SUBSTATION","STATUS":"IN SERVICE","LATITUDE":38.304215743000043,"LONGITUDE":-78.439514115999941,"LINES":2,"MAX_VOLT":-999999,"MIN_VOLT":-999999,"SOURCE":"IMAGERY","SOURCEDATE":1426636800000,"VAL_METHOD":"IMAGERY","VAL_DATE":1426636800000}},{"type":"Feature","geometry":{"type":"Point","coordinates":[-75.5961558640012,37.8755035810033]},"properties":{"ID":"121575","NAME":"UNKNOWN121575","CITY":"HALLWOOD","STATE":"VA","COUNTY":"ACCOMACK","TYPE":"SUBSTATION","STATUS":"IN SERVICE","LATITUDE":37.875503581000032,"LONGITUDE":-75.596155863999968,"LINES":1,"MAX_VOLT":69,"MIN_VOLT":69,"SOURCE":"IMAGERY","SOURCEDATE":1426636800000,"VAL_METHOD":"IMAGERY","VAL_DATE":1426636800000}},{"type":"Feature","geometry":{"type":"Point","coordinates":[-75.6784871180011,37.7524940130032]},"properties":{"ID":"121576","NAME":"UNKNOWN121576","CITY":"GREENBUSH","STATE":"VA","COUNTY":"ACCOMACK","TYPE":"SUBSTATION","STATUS":"IN SERVICE","LATITUDE":37.752494013000046,"LONGITUDE":-75.678487117999964,"LINES":4,"MAX_VOLT":69,"MIN_VOLT":-999999,"SOURCE":"IMAGERY","SOURCEDATE":1426636800000,"VAL_METHOD":"IMAGERY","VAL_DATE":1426636800000}},{"type":"Feature","geometry":{"type":"Point","coordinates":[-75.5396755790011,37.9886700130032]},"properties":{"ID":"121577","NAME":"COMMONWEALTH CHESAPEAKE","CITY":"NEW CHURCH","STATE":"VA","COUNTY":"ACCOMACK","TYPE":"SUBSTATION","STATUS":"IN SERVICE","LATITUDE":37.988670013000046,"LONGITUDE":-75.539675578999947,"LINES":4,"MAX_VOLT":138,"MIN_VOLT":69,"SOURCE":"IMAGERY, EIA 860","SOURCEDATE":1426636800000,"VAL_METHOD":"IMAGERY","VAL_DATE":1622505600000}},{"type":"Feature","geometry":{"type":"Point","coordinates":[-75.7027656210011,37.7060355820032]},"properties":{"ID":"121578","NAME":"TASLEY","CITY":"ONLEY","STATE":"VA","COUNTY":"ACCOMACK","TYPE":"SUBSTATION","STATUS":"IN SERVICE","LATITUDE":37.706035582000027,"LONGITUDE":-75.702765620999969,"LINES":4,"MAX_VOLT":69,"MIN_VOLT":69,"SOURCE":"IMAGERY, EIA 860","SOURCEDATE":1426636800000,"VAL_METHOD":"IMAGERY","VAL_DATE":1622505600000}},{"type":"Feature","geometry":{"type":"Point","coordinates":[-75.8180101450012,37.5342161510033]},"properties":{"ID":"121579","NAME":"UNKNOWN121579","CITY":"EXMORE","STATE":"VA","COUNTY":"NORTHAMPTON","TYPE":"SUBSTATION","STATUS":"IN SERVICE","LATITUDE":37.534216151000066,"LONGITUDE":-75.81801014499996,"LINES":2,"MAX_VOLT":69,"MIN_VOLT":69,"SOURCE":"IMAGERY","SOURCEDATE":1426636800000,"VAL_METHOD":"IMAGERY","VAL_DATE":1426636800000}},{"type":"Feature","geometry":{"type":"Point","coordinates":[-75.9397542270012,37.3236104540033]},"properties":{"ID":"121580","NAME":"UNKNOWN121580","CITY":"CAPE CHARLES","STATE":"VA","COUNTY":"NORTHAMPTON","TYPE":"SUBSTATION","STATUS":"IN SERVICE","LATITUDE":37.323610454000061,"LONGITUDE":-75.93975422699998,"LINES":1,"MAX_VOLT":69,"MIN_VOLT":69,"SOURCE":"IMAGERY","SOURCEDATE":1426636800000,"VAL_METHOD":"IMAGERY","VAL_DATE":1426636800000}},{"type":"Feature","geometry":{"type":"Point","coordinates":[-75.9678437640011,37.2716216100033]},"properties":{"ID":"121581","NAME":"BAYVIEW","CITY":"CAPE CHARLES","STATE":"VA","COUNTY":"NORTHAMPTON","TYPE":"SUBSTATION","STATUS":"IN SERVICE","LATITUDE":37.271621610000068,"LONGITUDE":-75.967843763999952,"LINES":2,"MAX_VOLT":69,"MIN_VOLT":69,"SOURCE":"IMAGERY, EIA 860","SOURCEDATE":1426636800000,"VAL_METHOD":"IMAGERY","VAL_DATE":1622505600000}},{"type":"Feature","geometry":{"type":"Point","coordinates":[-75.6547755600011,37.7812355670033]},"properties":{"ID":"121582","NAME":"UNKNOWN121582","CITY":"PARKSLEY","STATE":"VA","COUNTY":"ACCOMACK","TYPE":"SUBSTATION","STATUS":"IN SERVICE","LATITUDE":37.781235567000067,"LONGITUDE":-75.654775559999962,"LINES":1,"MAX_VOLT":-999999,"MIN_VOLT":-999999,"SOURCE":"IMAGERY","SOURCEDATE":1426636800000,"VAL_METHOD":"IMAGERY","VAL_DATE":1426636800000}},{"type":"Feature","geometry":{"type":"Point","coordinates":[-75.6599740880011,37.7461566010032]},"properties":{"ID":"121583","NAME":"UNKNOWN121583","CITY":"GREENBUSH","STATE":"VA","COUNTY":"ACCOMACK","TYPE":"SUBSTATION","STATUS":"IN SERVICE","LATITUDE":37.746156601000052,"LONGITUDE":-75.659974087999956,"LINES":3,"MAX_VOLT":69,"MIN_VOLT":69,"SOURCE":"IMAGERY","SOURCEDATE":1426636800000,"VAL_METHOD":"IMAGERY","VAL_DATE":1426636800000}},{"type":"Feature","geometry":{"type":"Point","coordinates":[-75.6557683910012,37.7418918140032]},"properties":{"ID":"121584","NAME":"PERDUE DIESEL GENERATION FACILITY","CITY":"ACCOMAC","STATE":"VA","COUNTY":"ACCOMACK","TYPE":"SUBSTATION","STATUS":"IN SERVICE","LATITUDE":37.741891814000041,"LONGITUDE":-75.655768390999981,"LINES":1,"MAX_VOLT":69,"MIN_VOLT":69,"SOURCE":"IMAGERY, EIA 860","SOURCEDATE":1426636800000,"VAL_METHOD":"IMAGERY","VAL_DATE":1622505600000}},{"type":"Feature","geometry":{"type":"Point","coordinates":[-75.8669711340012,37.4485780350033]},"properties":{"ID":"121585","NAME":"UNKNOWN121585","CITY":"FRANKTOWN","STATE":"VA","COUNTY":"NORTHAMPTON","TYPE":"SUBSTATION","STATUS":"IN SERVICE","LATITUDE":37.448578035000025,"LONGITUDE":-75.866971133999982,"LINES":2,"MAX_VOLT":69,"MIN_VOLT":69,"SOURCE":"IMAGERY","SOURCEDATE":1426636800000,"VAL_METHOD":"IMAGERY","VAL_DATE":1426636800000}},{"type":"Feature","geometry":{"type":"Point","coordinates":[-75.8846743240012,37.4545362050033]},"properties":{"ID":"121586","NAME":"UNKNOWN121586","CITY":"FRANKTOWN","STATE":"VA","COUNTY":"NORTHAMPTON","TYPE":"SUBSTATION","STATUS":"IN SERVICE","LATITUDE":37.454536205000068,"LONGITUDE":-75.884674323999945,"LINES":1,"MAX_VOLT":69,"MIN_VOLT":69,"SOURCE":"IMAGERY","SOURCEDATE":1426636800000,"VAL_METHOD":"IMAGERY","VAL_DATE":1426636800000}},{"type":"Feature","geometry":{"type":"Point","coordinates":[-75.7908345290011,37.5484618590032]},"properties":{"ID":"121587","NAME":"BELLE HAVEN DIESEL GENERATION FACILITY","CITY":"PAINTER","STATE":"VA","COUNTY":"ACCOMACK","TYPE":"SUBSTATION","STATUS":"IN SERVICE","LATITUDE":37.548461859000042,"LONGITUDE":-75.790834528999937,"LINES":1,"MAX_VOLT":69,"MIN_VOLT":69,"SOURCE":"IMAGERY, EIA 860","SOURCEDATE":1426636800000,"VAL_METHOD":"IMAGERY","VAL_DATE":1622505600000}},{"type":"Feature","geometry":{"type":"Point","coordinates":[-75.9915459000011,37.8276909060032]},"properties":{"ID":"121588","NAME":"TANGIER","CITY":"TANGIER","STATE":"VA","COUNTY":"ACCOMACK","TYPE":"SUBSTATION","STATUS":"IN SERVICE","LATITUDE":37.827690906000043,"LONGITUDE":-75.991545899999949,"LINES":1,"MAX_VOLT":-999999,"MIN_VOLT":-999999,"SOURCE":"IMAGERY, EIA 860","SOURCEDATE":1426636800000,"VAL_METHOD":"IMAGERY","VAL_DATE":1622505600000}},{"type":"Feature","geometry":{"type":"Point","coordinates":[-77.5047479420012,39.1133573680032]},"properties":{"ID":"133865","NAME":"UNKNOWN133865","CITY":"LEESBURG","STATE":"VA","COUNTY":"LOUDOUN","TYPE":"SUBSTATION","STATUS":"IN SERVICE","LATITUDE":39.113357368000038,"LONGITUDE":-77.504747941999938,"LINES":2,"MAX_VOLT":230,"MIN_VOLT":230,"SOURCE":"IMAGERY","SOURCEDATE":1452038400000,"VAL_METHOD":"IMAGERY","VAL_DATE":1452038400000}},{"type":"Feature","geometry":{"type":"Point","coordinates":[-80.4479937020015,36.6669096990031]},"properties":{"ID":"133866","NAME":"PINNACLES","CITY":"ARARAT","STATE":"VA","COUNTY":"PATRICK","TYPE":"SUBSTATION","STATUS":"IN SERVICE","LATITUDE":36.66690969900003,"LONGITUDE":-80.447993701999962,"LINES":2,"MAX_VOLT":69,"MIN_VOLT":69,"SOURCE":"IMAGERY, EIA 860","SOURCEDATE":1452038400000,"VAL_METHOD":"IMAGERY","VAL_DATE":1622505600000}},{"type":"Feature","geometry":{"type":"Point","coordinates":[-76.3135641730012,36.7900641820033]},"properties":{"ID":"133781","NAME":"UNKNOWN133781","CITY":"CHESAPEAKE","STATE":"VA","COUNTY":"CHESAPEAKE","TYPE":"SUBSTATION","STATUS":"IN SERVICE","LATITUDE":36.790064182000037,"LONGITUDE":-76.313564172999975,"LINES":-999999,"MAX_VOLT":-999999,"MIN_VOLT":-999999,"SOURCE":"IMAGERY","SOURCEDATE":1443398400000,"VAL_METHOD":"IMAGERY","VAL_DATE":1444608000000}},{"type":"Feature","geometry":{"type":"Point","coordinates":[-78.2822730400013,37.0443713780032]},"properties":{"ID":"133870","NAME":"UNKNOWN133870","CITY":"GREEN BAY","STATE":"VA","COUNTY":"LUNENBURG","TYPE":"SUBSTATION","STATUS":"IN SERVICE","LATITUDE":37.044371378000051,"LONGITUDE":-78.28227303999995,"LINES":1,"MAX_VOLT":115,"MIN_VOLT":115,"SOURCE":"IMAGERY","SOURCEDATE":1452211200000,"VAL_METHOD":"IMAGERY","VAL_DATE":1452211200000}},{"type":"Feature","geometry":{"type":"Point","coordinates":[-79.3859272270014,37.9021440600032]},"properties":{"ID":"138723","NAME":"TAP138723","CITY":"ROCKBRIDGE BATHS","STATE":"VA","COUNTY":"ROCKBRIDGE","TYPE":"TAP","STATUS":"IN SERVICE","LATITUDE":37.902144060000069,"LONGITUDE":-79.385927226999968,"LINES":3,"MAX_VOLT":115,"MIN_VOLT":115,"SOURCE":"IMAGERY","SOURCEDATE":1426204800000,"VAL_METHOD":"IMAGERY/OTHER","VAL_DATE":1439510400000}},{"type":"Feature","geometry":{"type":"Point","coordinates":[-79.6270634180015,38.0124161700031]},"properties":{"ID":"138763","NAME":"UNKNOWN138763","CITY":"MILLBORO","STATE":"VA","COUNTY":"BATH","TYPE":"SUBSTATION","STATUS":"IN SERVICE","LATITUDE":38.012416170000051,"LONGITUDE":-79.627063417999977,"LINES":1,"MAX_VOLT":-999999,"MIN_VOLT":-999999,"SOURCE":"OpenStreetMap","SOURCEDATE":1470268800000,"VAL_METHOD":"IMAGERY/OTHER","VAL_DATE":1494460800000}},{"type":"Feature","geometry":{"type":"Point","coordinates":[-77.7449406740013,37.8751590890032]},"properties":{"ID":"139186","NAME":"TAP139186","CITY":"MONTPELIER","STATE":"VA","COUNTY":"LOUISA","TYPE":"TAP","STATUS":"IN SERVICE","LATITUDE":37.875159089000078,"LONGITUDE":-77.744940673999963,"LINES":3,"MAX_VOLT":-999999,"MIN_VOLT":-999999,"SOURCE":"IMAGERY","SOURCEDATE":1408320000000,"VAL_METHOD":"IMAGERY/OTHER","VAL_DATE":1439510400000}},{"type":"Feature","geometry":{"type":"Point","coordinates":[-77.4735181090013,38.2246702440032]},"properties":{"ID":"139187","NAME":"TAP139187","CITY":"FREDERICKSBURG","STATE":"VA","COUNTY":"SPOTSYLVANIA","TYPE":"TAP","STATUS":"IN SERVICE","LATITUDE":38.224670244000038,"LONGITUDE":-77.47351810899994,"LINES":3,"MAX_VOLT":115,"MIN_VOLT":115,"SOURCE":"IMAGERY","SOURCEDATE":1408406400000,"VAL_METHOD":"IMAGERY/OTHER","VAL_DATE":1439510400000}},{"type":"Feature","geometry":{"type":"Point","coordinates":[-77.3890791090013,38.4458329360032]},"properties":{"ID":"139188","NAME":"TAP139188","CITY":"STAFFORD","STATE":"VA","COUNTY":"STAFFORD","TYPE":"TAP","STATUS":"IN SERVICE","LATITUDE":38.445832936000045,"LONGITUDE":-77.389079108999965,"LINES":3,"MAX_VOLT":230,"MIN_VOLT":230,"SOURCE":"IMAGERY","SOURCEDATE":1408406400000,"VAL_METHOD":"IMAGERY/OTHER","VAL_DATE":1439510400000}},{"type":"Feature","geometry":{"type":"Point","coordinates":[-77.4375916450013,38.0915631930032]},"properties":{"ID":"139189","NAME":"TAP139189","CITY":"WOODFORD","STATE":"VA","COUNTY":"CAROLINE","TYPE":"TAP","STATUS":"IN SERVICE","LATITUDE":38.09156319300007,"LONGITUDE":-77.437591644999941,"LINES":3,"MAX_VOLT":115,"MIN_VOLT":115,"SOURCE":"IMAGERY","SOURCEDATE":1408406400000,"VAL_METHOD":"IMAGERY/OTHER","VAL_DATE":1439510400000}},{"type":"Feature","geometry":{"type":"Point","coordinates":[-77.5102451440013,38.0114944090032]},"properties":{"ID":"139190","NAME":"TAP139190","CITY":"RUTHER GLEN","STATE":"VA","COUNTY":"CAROLINE","TYPE":"TAP","STATUS":"IN SERVICE","LATITUDE":38.011494409000079,"LONGITUDE":-77.510245143999953,"LINES":3,"MAX_VOLT":115,"MIN_VOLT":115,"SOURCE":"IMAGERY","SOURCEDATE":1408406400000,"VAL_METHOD":"IMAGERY/OTHER","VAL_DATE":1439510400000}},{"type":"Feature","geometry":{"type":"Point","coordinates":[-77.7826495850013,38.2377988650032]},"properties":{"ID":"139191","NAME":"TAP139191","CITY":"SPOTSYLVANIA","STATE":"VA","COUNTY":"SPOTSYLVANIA","TYPE":"TAP","STATUS":"IN SERVICE","LATITUDE":38.237798865000059,"LONGITUDE":-77.782649584999945,"LINES":3,"MAX_VOLT":115,"MIN_VOLT":115,"SOURCE":"IMAGERY","SOURCEDATE":1408492800000,"VAL_METHOD":"IMAGERY/OTHER","VAL_DATE":1439510400000}},{"type":"Feature","geometry":{"type":"Point","coordinates":[-77.5172627440013,38.0670975620032]},"properties":{"ID":"139192","NAME":"TAP139192","CITY":"WOODFORD","STATE":"VA","COUNTY":"CAROLINE","TYPE":"TAP","STATUS":"IN SERVICE","LATITUDE":38.067097562000072,"LONGITUDE":-77.517262743999936,"LINES":3,"MAX_VOLT":115,"MIN_VOLT":115,"SOURCE":"IMAGERY","SOURCEDATE":1408492800000,"VAL_METHOD":"IMAGERY/OTHER","VAL_DATE":1439510400000}},{"type":"Feature","geometry":{"type":"Point","coordinates":[-77.4412172980013,37.8465008310032]},"properties":{"ID":"139193","NAME":"TAP139193","CITY":"DOSWELL","STATE":"VA","COUNTY":"HANOVER","TYPE":"TAP","STATUS":"IN SERVICE","LATITUDE":37.846500831000071,"LONGITUDE":-77.44121729799997,"LINES":3,"MAX_VOLT":115,"MIN_VOLT":115,"SOURCE":"IMAGERY","SOURCEDATE":1407974400000,"VAL_METHOD":"IMAGERY/OTHER","VAL_DATE":1439510400000}},{"type":"Feature","geometry":{"type":"Point","coordinates":[-77.5771601810013,38.5902941090032]},"properties":{"ID":"139194","NAME":"TAP139194","CITY":"CATLETT","STATE":"VA","COUNTY":"FAUQUIER","TYPE":"TAP","STATUS":"IN SERVICE","LATITUDE":38.59029410900007,"LONGITUDE":-77.577160180999954,"LINES":3,"MAX_VOLT":115,"MIN_VOLT":115,"SOURCE":"IMAGERY","SOURCEDATE":1408579200000,"VAL_METHOD":"IMAGERY/OTHER","VAL_DATE":1439510400000}},{"type":"Feature","geometry":{"type":"Point","coordinates":[-77.3761780490013,38.7674146900032]},"properties":{"ID":"139195","NAME":"TAP139195","CITY":"CLIFTON","STATE":"VA","COUNTY":"FAIRFAX","TYPE":"TAP","STATUS":"IN SERVICE","LATITUDE":38.767414690000066,"LONGITUDE":-77.376178048999975,"LINES":3,"MAX_VOLT":230,"MIN_VOLT":230,"SOURCE":"IMAGERY","SOURCEDATE":1408665600000,"VAL_METHOD":"IMAGERY/OTHER","VAL_DATE":1439510400000}},{"type":"Feature","geometry":{"type":"Point","coordinates":[-77.3017999150012,38.6415710890031]},"properties":{"ID":"139196","NAME":"TAP139196","CITY":"WOODBRIDGE","STATE":"VA","COUNTY":"PRINCE WILLIAM","TYPE":"TAP","STATUS":"IN SERVICE","LATITUDE":38.641571089000024,"LONGITUDE":-77.301799914999947,"LINES":3,"MAX_VOLT":115,"MIN_VOLT":115,"SOURCE":"IMAGERY","SOURCEDATE":1408665600000,"VAL_METHOD":"IMAGERY/OTHER","VAL_DATE":1439510400000}},{"type":"Feature","geometry":{"type":"Point","coordinates":[-77.3017832590013,38.6414192800032]},"properties":{"ID":"139197","NAME":"TAP139197","CITY":"WOODBRIDGE","STATE":"VA","COUNTY":"PRINCE WILLIAM","TYPE":"TAP","STATUS":"IN SERVICE","LATITUDE":38.641419280000036,"LONGITUDE":-77.30178325899999,"LINES":3,"MAX_VOLT":115,"MIN_VOLT":115,"SOURCE":"IMAGERY","SOURCEDATE":1408665600000,"VAL_METHOD":"IMAGERY/OTHER","VAL_DATE":1439510400000}},{"type":"Feature","geometry":{"type":"Point","coordinates":[-77.3195166210012,38.6090458420032]},"properties":{"ID":"139198","NAME":"TAP139198","CITY":"WOODBRIDGE","STATE":"VA","COUNTY":"PRINCE WILLIAM","TYPE":"TAP","STATUS":"IN SERVICE","LATITUDE":38.609045842000057,"LONGITUDE":-77.319516620999934,"LINES":3,"MAX_VOLT":115,"MIN_VOLT":115,"SOURCE":"IMAGERY","SOURCEDATE":1408665600000,"VAL_METHOD":"IMAGERY/OTHER","VAL_DATE":1439510400000}},{"type":"Feature","geometry":{"type":"Point","coordinates":[-77.3193329780013,38.6091023410032]},"properties":{"ID":"139199","NAME":"TAP139199","CITY":"WOODBRIDGE","STATE":"VA","COUNTY":"PRINCE WILLIAM","TYPE":"TAP","STATUS":"IN SERVICE","LATITUDE":38.609102341000039,"LONGITUDE":-77.319332977999977,"LINES":3,"MAX_VOLT":115,"MIN_VOLT":115,"SOURCE":"IMAGERY","SOURCEDATE":1408665600000,"VAL_METHOD":"IMAGERY/OTHER","VAL_DATE":1439510400000}},{"type":"Feature","geometry":{"type":"Point","coordinates":[-77.3089293980013,38.6266107010032]},"properties":{"ID":"139200","NAME":"TAP139200","CITY":"WOODBRIDGE","STATE":"VA","COUNTY":"PRINCE WILLIAM","TYPE":"TAP","STATUS":"IN SERVICE","LATITUDE":38.626610701000061,"LONGITUDE":-77.308929397999975,"LINES":3,"MAX_VOLT":115,"MIN_VOLT":115,"SOURCE":"IMAGERY","SOURCEDATE":1408665600000,"VAL_METHOD":"IMAGERY/OTHER","VAL_DATE":1439510400000}},{"type":"Feature","geometry":{"type":"Point","coordinates":[-77.3088934560013,38.6264603090032]},"properties":{"ID":"139201","NAME":"TAP139201","CITY":"WOODBRIDGE","STATE":"VA","COUNTY":"PRINCE WILLIAM","TYPE":"TAP","STATUS":"IN SERVICE","LATITUDE":38.626460309000038,"LONGITUDE":-77.308893455999964,"LINES":3,"MAX_VOLT":115,"MIN_VOLT":115,"SOURCE":"IMAGERY","SOURCEDATE":1408665600000,"VAL_METHOD":"IMAGERY/OTHER","VAL_DATE":1439510400000}},{"type":"Feature","geometry":{"type":"Point","coordinates":[-77.3101279450013,38.6267131950032]},"properties":{"ID":"139202","NAME":"TAP139202","CITY":"WOODBRIDGE","STATE":"VA","COUNTY":"PRINCE WILLIAM","TYPE":"TAP","STATUS":"IN SERVICE","LATITUDE":38.626713195000036,"LONGITUDE":-77.310127944999977,"LINES":3,"MAX_VOLT":115,"MIN_VOLT":115,"SOURCE":"IMAGERY","SOURCEDATE":1408665600000,"VAL_METHOD":"IMAGERY/OTHER","VAL_DATE":1439510400000}},{"type":"Feature","geometry":{"type":"Point","coordinates":[-77.3238759660012,38.5325172380032]},"properties":{"ID":"139203","NAME":"TAP139203","CITY":"TRIANGLE","STATE":"VA","COUNTY":"PRINCE WILLIAM","TYPE":"TAP","STATUS":"IN SERVICE","LATITUDE":38.532517238000025,"LONGITUDE":-77.323875965999946,"LINES":3,"MAX_VOLT":115,"MIN_VOLT":115,"SOURCE":"IMAGERY","SOURCEDATE":1409011200000,"VAL_METHOD":"IMAGERY/OTHER","VAL_DATE":1439510400000}},{"type":"Feature","geometry":{"type":"Point","coordinates":[-77.3066073430012,38.5865275230032]},"properties":{"ID":"139204","NAME":"TAP139204","CITY":"DUMFRIES","STATE":"VA","COUNTY":"PRINCE WILLIAM","TYPE":"TAP","STATUS":"IN SERVICE","LATITUDE":38.586527523000029,"LONGITUDE":-77.306607342999939,"LINES":3,"MAX_VOLT":230,"MIN_VOLT":230,"SOURCE":"IMAGERY","SOURCEDATE":1409011200000,"VAL_METHOD":"IMAGERY/OTHER","VAL_DATE":1439510400000}},{"type":"Feature","geometry":{"type":"Point","coordinates":[-77.3697722110012,38.6460743180032]},"properties":{"ID":"139205","NAME":"TAP139205","CITY":"WOODBRIDGE","STATE":"VA","COUNTY":"PRINCE WILLIAM","TYPE":"TAP","STATUS":"IN SERVICE","LATITUDE":38.646074318000046,"LONGITUDE":-77.36977221099994,"LINES":3,"MAX_VOLT":115,"MIN_VOLT":115,"SOURCE":"IMAGERY","SOURCEDATE":1409011200000,"VAL_METHOD":"IMAGERY/OTHER","VAL_DATE":1439510400000}},{"type":"Feature","geometry":{"type":"Point","coordinates":[-77.3486552290013,38.6529518330032]},"properties":{"ID":"139206","NAME":"TAP139206","CITY":"WOODBRIDGE","STATE":"VA","COUNTY":"PRINCE WILLIAM","TYPE":"TAP","STATUS":"IN SERVICE","LATITUDE":38.652951833000031,"LONGITUDE":-77.348655228999974,"LINES":3,"MAX_VOLT":115,"MIN_VOLT":115,"SOURCE":"IMAGERY","SOURCEDATE":1409011200000,"VAL_METHOD":"IMAGERY/OTHER","VAL_DATE":1439510400000}},{"type":"Feature","geometry":{"type":"Point","coordinates":[-77.4610103080013,38.6316577870032]},"properties":{"ID":"139207","NAME":"TAP139207","CITY":"NOKESVILLE","STATE":"VA","COUNTY":"PRINCE WILLIAM","TYPE":"TAP","STATUS":"IN SERVICE","LATITUDE":38.631657787000051,"LONGITUDE":-77.46101030799997,"LINES":3,"MAX_VOLT":115,"MIN_VOLT":115,"SOURCE":"IMAGERY","SOURCEDATE":1409011200000,"VAL_METHOD":"IMAGERY/OTHER","VAL_DATE":1439510400000}},{"type":"Feature","geometry":{"type":"Point","coordinates":[-77.4710147300013,38.8756250040031]},"properties":{"ID":"139208","NAME":"TAP139208","CITY":"CENTREVILLE","STATE":"VA","COUNTY":"FAIRFAX","TYPE":"TAP","STATUS":"IN SERVICE","LATITUDE":38.875625004000028,"LONGITUDE":-77.471014729999979,"LINES":3,"MAX_VOLT":230,"MIN_VOLT":230,"SOURCE":"IMAGERY","SOURCEDATE":1409011200000,"VAL_METHOD":"IMAGERY/OTHER","VAL_DATE":1439510400000}},{"type":"Feature","geometry":{"type":"Point","coordinates":[-77.5091682100013,38.8583741610032]},"properties":{"ID":"139209","NAME":"TAP139209","CITY":"CENTREVILLE","STATE":"VA","COUNTY":"FAIRFAX","TYPE":"TAP","STATUS":"IN SERVICE","LATITUDE":38.858374161000029,"LONGITUDE":-77.509168209999984,"LINES":3,"MAX_VOLT":230,"MIN_VOLT":230,"SOURCE":"IMAGERY, https://www.dominionenergy.com/library/domcom/media/about-us/electric-projects/power-line-projects/elklick/elklick-community-mailer-5-9-16.pdf?la=en","SOURCEDATE":1409011200000,"VAL_METHOD":"IMAGERY/OTHER","VAL_DATE":1551657600000}},{"type":"Feature","geometry":{"type":"Point","coordinates":[-77.5021422440013,38.8542163980032]},"properties":{"ID":"139210","NAME":"TAP139210","CITY":"CHURCH HILL","STATE":"VA","COUNTY":"FAIRFAX","TYPE":"TAP","STATUS":"IN SERVICE","LATITUDE":38.854216398000062,"LONGITUDE":-77.50214224399997,"LINES":3,"MAX_VOLT":230,"MIN_VOLT":230,"SOURCE":"IMAGERY","SOURCEDATE":1409097600000,"VAL_METHOD":"IMAGERY/OTHER","VAL_DATE":1439510400000}},{"type":"Feature","geometry":{"type":"Point","coordinates":[-77.4667542000013,38.8319800780032]},"properties":{"ID":"139211","NAME":"TAP139211","CITY":"CENTREVILLE","STATE":"VA","COUNTY":"FAIRFAX","TYPE":"TAP","STATUS":"IN SERVICE","LATITUDE":38.831980078000072,"LONGITUDE":-77.466754199999968,"LINES":3,"MAX_VOLT":230,"MIN_VOLT":230,"SOURCE":"IMAGERY","SOURCEDATE":1409097600000,"VAL_METHOD":"IMAGERY/OTHER","VAL_DATE":1439510400000}},{"type":"Feature","geometry":{"type":"Point","coordinates":[-77.4361154360013,38.8115314880032]},"properties":{"ID":"139212","NAME":"TAP139212","CITY":"CENTREVILLE","STATE":"VA","COUNTY":"FAIRFAX","TYPE":"TAP","STATUS":"IN SERVICE","LATITUDE":38.811531488000071,"LONGITUDE":-77.436115435999966,"LINES":3,"MAX_VOLT":230,"MIN_VOLT":230,"SOURCE":"IMAGERY","SOURCEDATE":1409097600000,"VAL_METHOD":"IMAGERY/OTHER","VAL_DATE":1439510400000}},{"type":"Feature","geometry":{"type":"Point","coordinates":[-77.4360469080013,38.8115067420032]},"properties":{"ID":"139213","NAME":"TAP139213","CITY":"CENTREVILLE","STATE":"VA","COUNTY":"FAIRFAX","TYPE":"TAP","STATUS":"IN SERVICE","LATITUDE":38.811506742000063,"LONGITUDE":-77.43604690799998,"LINES":3,"MAX_VOLT":230,"MIN_VOLT":230,"SOURCE":"IMAGERY","SOURCEDATE":1409097600000,"VAL_METHOD":"IMAGERY/OTHER","VAL_DATE":1439510400000}},{"type":"Feature","geometry":{"type":"Point","coordinates":[-77.5067818630013,38.7464888680032]},"properties":{"ID":"139216","NAME":"TAP139216","CITY":"MANASSAS","STATE":"VA","COUNTY":"MANASSAS","TYPE":"TAP","STATUS":"IN SERVICE","LATITUDE":38.746488868000029,"LONGITUDE":-77.506781862999958,"LINES":3,"MAX_VOLT":115,"MIN_VOLT":115,"SOURCE":"IMAGERY","SOURCEDATE":1409788800000,"VAL_METHOD":"IMAGERY/OTHER","VAL_DATE":1439510400000}},{"type":"Feature","geometry":{"type":"Point","coordinates":[-77.5100624150012,38.7468768160032]},"properties":{"ID":"139217","NAME":"TAP139217","CITY":"MANASSAS","STATE":"VA","COUNTY":"MANASSAS","TYPE":"TAP","STATUS":"IN SERVICE","LATITUDE":38.746876816000054,"LONGITUDE":-77.510062414999936,"LINES":3,"MAX_VOLT":115,"MIN_VOLT":115,"SOURCE":"IMAGERY","SOURCEDATE":1409788800000,"VAL_METHOD":"IMAGERY/OTHER","VAL_DATE":1439510400000}},{"type":"Feature","geometry":{"type":"Point","coordinates":[-77.5100755600013,38.7467028000032]},"properties":{"ID":"139218","NAME":"TAP139218","CITY":"MANASSAS","STATE":"VA","COUNTY":"MANASSAS","TYPE":"TAP","STATUS":"IN SERVICE","LATITUDE":38.746702800000037,"LONGITUDE":-77.510075559999962,"LINES":3,"MAX_VOLT":115,"MIN_VOLT":115,"SOURCE":"IMAGERY","SOURCEDATE":1409788800000,"VAL_METHOD":"IMAGERY/OTHER","VAL_DATE":1439510400000}},{"type":"Feature","geometry":{"type":"Point","coordinates":[-77.5129279990012,38.7570470210032]},"properties":{"ID":"139219","NAME":"TAP139219","CITY":"MANASSAS","STATE":"VA","COUNTY":"PRINCE WILLIAM","TYPE":"TAP","STATUS":"IN SERVICE","LATITUDE":38.757047021000062,"LONGITUDE":-77.512927998999942,"LINES":3,"MAX_VOLT":115,"MIN_VOLT":115,"SOURCE":"IMAGERY","SOURCEDATE":1409788800000,"VAL_METHOD":"IMAGERY/OTHER","VAL_DATE":1439510400000}},{"type":"Feature","geometry":{"type":"Point","coordinates":[-77.5292425980012,38.7664997790032]},"properties":{"ID":"139220","NAME":"TAP139220","CITY":"MANASSAS","STATE":"VA","COUNTY":"PRINCE WILLIAM","TYPE":"TAP","STATUS":"IN SERVICE","LATITUDE":38.766499779000071,"LONGITUDE":-77.529242597999939,"LINES":3,"MAX_VOLT":115,"MIN_VOLT":115,"SOURCE":"IMAGERY","SOURCEDATE":1409788800000,"VAL_METHOD":"IMAGERY/OTHER","VAL_DATE":1439510400000}},{"type":"Feature","geometry":{"type":"Point","coordinates":[-77.5302268610013,38.7774679000032]},"properties":{"ID":"139222","NAME":"TAP139222","CITY":"MANASSAS","STATE":"VA","COUNTY":"PRINCE WILLIAM","TYPE":"TAP","STATUS":"IN SERVICE","LATITUDE":38.777467900000033,"LONGITUDE":-77.53022686099996,"LINES":3,"MAX_VOLT":115,"MIN_VOLT":115,"SOURCE":"IMAGERY","SOURCEDATE":1409788800000,"VAL_METHOD":"IMAGERY/OTHER","VAL_DATE":1439510400000}},{"type":"Feature","geometry":{"type":"Point","coordinates":[-77.5344715210013,38.7952579750032]},"properties":{"ID":"139223","NAME":"TAP139223","CITY":"MANASSAS","STATE":"VA","COUNTY":"PRINCE WILLIAM","TYPE":"TAP","STATUS":"IN SERVICE","LATITUDE":38.795257975000027,"LONGITUDE":-77.534471520999944,"LINES":3,"MAX_VOLT":115,"MIN_VOLT":115,"SOURCE":"IMAGERY","SOURCEDATE":1409788800000,"VAL_METHOD":"IMAGERY/OTHER","VAL_DATE":1439510400000}},{"type":"Feature","geometry":{"type":"Point","coordinates":[-77.5807002720013,38.7843812070032]},"properties":{"ID":"139225","NAME":"TAP139225","CITY":"BRISTOW","STATE":"VA","COUNTY":"PRINCE WILLIAM","TYPE":"TAP","STATUS":"IN SERVICE","LATITUDE":38.784381207000024,"LONGITUDE":-77.580700271999945,"LINES":3,"MAX_VOLT":230,"MIN_VOLT":230,"SOURCE":"IMAGERY","SOURCEDATE":1409875200000,"VAL_METHOD":"IMAGERY/OTHER","VAL_DATE":1439510400000}},{"type":"Feature","geometry":{"type":"Point","coordinates":[-77.5927620640013,38.7776117150031]},"properties":{"ID":"139226","NAME":"TAP139226","CITY":"BRISTOW","STATE":"VA","COUNTY":"PRINCE WILLIAM","TYPE":"TAP","STATUS":"IN SERVICE","LATITUDE":38.777611715000035,"LONGITUDE":-77.592762063999942,"LINES":3,"MAX_VOLT":230,"MIN_VOLT":230,"SOURCE":"IMAGERY","SOURCEDATE":1409875200000,"VAL_METHOD":"IMAGERY/OTHER","VAL_DATE":1439510400000}},{"type":"Feature","geometry":{"type":"Point","coordinates":[-77.5239217650013,38.7760408940032]},"properties":{"ID":"139227","NAME":"TAP139227","CITY":"MANASSAS","STATE":"VA","COUNTY":"PRINCE WILLIAM","TYPE":"TAP","STATUS":"IN SERVICE","LATITUDE":38.776040894000062,"LONGITUDE":-77.523921764999955,"LINES":3,"MAX_VOLT":115,"MIN_VOLT":115,"SOURCE":"IMAGERY","SOURCEDATE":1409875200000,"VAL_METHOD":"IMAGERY/OTHER","VAL_DATE":1439510400000}},{"type":"Feature","geometry":{"type":"Point","coordinates":[-77.4802822620013,38.7679548640032]},"properties":{"ID":"139228","NAME":"TAP139228","CITY":"MANASSAS","STATE":"VA","COUNTY":"MANASSAS","TYPE":"TAP","STATUS":"IN SERVICE","LATITUDE":38.767954864000046,"LONGITUDE":-77.480282261999946,"LINES":3,"MAX_VOLT":115,"MIN_VOLT":115,"SOURCE":"IMAGERY","SOURCEDATE":1409875200000,"VAL_METHOD":"IMAGERY/OTHER","VAL_DATE":1439510400000}},{"type":"Feature","geometry":{"type":"Point","coordinates":[-77.4618573420013,38.8031087660032]},"properties":{"ID":"139229","NAME":"TAP139229","CITY":"SALTVILLE","STATE":"VA","COUNTY":"FAIRFAX","TYPE":"TAP","STATUS":"IN SERVICE","LATITUDE":38.803108766000037,"LONGITUDE":-77.461857341999973,"LINES":3,"MAX_VOLT":115,"MIN_VOLT":115,"SOURCE":"IMAGERY","SOURCEDATE":1410134400000,"VAL_METHOD":"IMAGERY/OTHER","VAL_DATE":1439510400000}},{"type":"Feature","geometry":{"type":"Point","coordinates":[-77.4616917360013,38.8031624920032]},"properties":{"ID":"139230","NAME":"TAP139230","CITY":"CENTREVILLE","STATE":"VA","COUNTY":"FAIRFAX","TYPE":"TAP","STATUS":"IN SERVICE","LATITUDE":38.80316249200007,"LONGITUDE":-77.461691735999977,"LINES":3,"MAX_VOLT":115,"MIN_VOLT":115,"SOURCE":"IMAGERY","SOURCEDATE":1410134400000,"VAL_METHOD":"IMAGERY/OTHER","VAL_DATE":1439510400000}},{"type":"Feature","geometry":{"type":"Point","coordinates":[-77.4737034320013,38.7961517530032]},"properties":{"ID":"139231","NAME":"TAP139231","CITY":"MANASSAS","STATE":"VA","COUNTY":"PRINCE WILLIAM","TYPE":"TAP","STATUS":"IN SERVICE","LATITUDE":38.796151753000061,"LONGITUDE":-77.473703431999979,"LINES":3,"MAX_VOLT":115,"MIN_VOLT":115,"SOURCE":"IMAGERY","SOURCEDATE":1410134400000,"VAL_METHOD":"IMAGERY/OTHER","VAL_DATE":1439510400000}},{"type":"Feature","geometry":{"type":"Point","coordinates":[-77.4745004140013,38.7951391320031]},"properties":{"ID":"139232","NAME":"TAP139232","CITY":"MANASSAS","STATE":"VA","COUNTY":"PRINCE WILLIAM","TYPE":"TAP","STATUS":"IN SERVICE","LATITUDE":38.795139132000031,"LONGITUDE":-77.474500413999976,"LINES":3,"MAX_VOLT":115,"MIN_VOLT":115,"SOURCE":"IMAGERY","SOURCEDATE":1410134400000,"VAL_METHOD":"IMAGERY/OTHER","VAL_DATE":1439510400000}},{"type":"Feature","geometry":{"type":"Point","coordinates":[-77.4979846430012,38.7873590280032]},"properties":{"ID":"139233","NAME":"TAP139233","CITY":"MANASSAS","STATE":"VA","COUNTY":"PRINCE WILLIAM","TYPE":"TAP","STATUS":"IN SERVICE","LATITUDE":38.787359028000026,"LONGITUDE":-77.497984642999938,"LINES":3,"MAX_VOLT":115,"MIN_VOLT":115,"SOURCE":"IMAGERY","SOURCEDATE":1410134400000,"VAL_METHOD":"IMAGERY/OTHER","VAL_DATE":1439510400000}},{"type":"Feature","geometry":{"type":"Point","coordinates":[-77.5079992600013,38.7828945490032]},"properties":{"ID":"139234","NAME":"TAP139234","CITY":"MANASSAS","STATE":"VA","COUNTY":"PRINCE WILLIAM","TYPE":"TAP","STATUS":"IN SERVICE","LATITUDE":38.782894549000048,"LONGITUDE":-77.507999259999963,"LINES":3,"MAX_VOLT":115,"MIN_VOLT":115,"SOURCE":"IMAGERY","SOURCEDATE":1410134400000,"VAL_METHOD":"IMAGERY/OTHER","VAL_DATE":1439510400000}},{"type":"Feature","geometry":{"type":"Point","coordinates":[-77.6255067920013,38.9336871430032]},"properties":{"ID":"139235","NAME":"TAP139235","CITY":"ALDIE","STATE":"VA","COUNTY":"LOUDOUN","TYPE":"TAP","STATUS":"IN SERVICE","LATITUDE":38.933687143000043,"LONGITUDE":-77.625506791999953,"LINES":3,"MAX_VOLT":115,"MIN_VOLT":115,"SOURCE":"IMAGERY","SOURCEDATE":1410134400000,"VAL_METHOD":"IMAGERY/OTHER","VAL_DATE":1439510400000}},{"type":"Feature","geometry":{"type":"Point","coordinates":[-77.4409640190013,38.6569476510032]},"properties":{"ID":"139236","NAME":"TAP139236","CITY":"MANASSAS","STATE":"VA","COUNTY":"PRINCE WILLIAM","TYPE":"TAP","STATUS":"IN SERVICE","LATITUDE":38.656947651000053,"LONGITUDE":-77.440964018999978,"LINES":3,"MAX_VOLT":115,"MIN_VOLT":115,"SOURCE":"IMAGERY","SOURCEDATE":1410134400000,"VAL_METHOD":"IMAGERY/OTHER","VAL_DATE":1439510400000}},{"type":"Feature","geometry":{"type":"Point","coordinates":[-77.5152945110013,38.7994913290032]},"properties":{"ID":"139237","NAME":"TAP139237","CITY":"MANASSAS","STATE":"VA","COUNTY":"PRINCE WILLIAM","TYPE":"TAP","STATUS":"IN SERVICE","LATITUDE":38.799491329000034,"LONGITUDE":-77.515294510999979,"LINES":3,"MAX_VOLT":115,"MIN_VOLT":115,"SOURCE":"IMAGERY","SOURCEDATE":1410220800000,"VAL_METHOD":"IMAGERY/OTHER","VAL_DATE":1439510400000}},{"type":"Feature","geometry":{"type":"Point","coordinates":[-77.5052998910012,39.1121815830032]},"properties":{"ID":"139243","NAME":"TAP139243","CITY":"LEESBURG","STATE":"VA","COUNTY":"LOUDOUN","TYPE":"TAP","STATUS":"IN SERVICE","LATITUDE":39.112181583000051,"LONGITUDE":-77.505299890999936,"LINES":3,"MAX_VOLT":230,"MIN_VOLT":230,"SOURCE":"IMAGERY","SOURCEDATE":1452038400000,"VAL_METHOD":"IMAGERY","VAL_DATE":1452038400000}},{"type":"Feature","geometry":{"type":"Point","coordinates":[-77.5920635590012,38.7315530330032]},"properties":{"ID":"139245","NAME":"UNKNOWN139245","CITY":"NOKESVILLE","STATE":"VA","COUNTY":"PRINCE WILLIAM","TYPE":"SUBSTATION","STATUS":"IN SERVICE","LATITUDE":38.731553033000068,"LONGITUDE":-77.592063558999939,"LINES":-999999,"MAX_VOLT":-999999,"MIN_VOLT":-999999,"SOURCE":"OpenStreetMap","SOURCEDATE":1470268800000,"VAL_METHOD":"IMAGERY","VAL_DATE":1494460800000}},{"type":"Feature","geometry":{"type":"Point","coordinates":[-77.5567958210013,39.1083081210031]},"properties":{"ID":"139256","NAME":"LEESBURG","CITY":"LEESBURG","STATE":"VA","COUNTY":"LOUDOUN","TYPE":"SUBSTATION","STATUS":"IN SERVICE","LATITUDE":39.10830812100005,"LONGITUDE":-77.55679582099998,"LINES":1,"MAX_VOLT":-999999,"MIN_VOLT":-999999,"SOURCE":"OpenStreetMap","SOURCEDATE":1470268800000,"VAL_METHOD":"IMAGERY/OTHER","VAL_DATE":1588291200000}},{"type":"Feature","geometry":{"type":"Point","coordinates":[-77.4324027500013,37.9089613100032]},"properties":{"ID":"139258","NAME":"UNKNOWN139258","CITY":"RUTHER GLEN","STATE":"VA","COUNTY":"CAROLINE","TYPE":"SUBSTATION","STATUS":"IN SERVICE","LATITUDE":37.908961310000052,"LONGITUDE":-77.432402749999937,"LINES":-999999,"MAX_VOLT":-999999,"MIN_VOLT":-999999,"SOURCE":"OpenStreetMap","SOURCEDATE":1470268800000,"VAL_METHOD":"IMAGERY/OTHER","VAL_DATE":1494460800000}},{"type":"Feature","geometry":{"type":"Point","coordinates":[-78.0082229920013,39.1599048370031]},"properties":{"ID":"139259","NAME":"TAP139259","CITY":"BERRYVILLE","STATE":"VA","COUNTY":"CLARKE","TYPE":"TAP","STATUS":"IN SERVICE","LATITUDE":39.159904837000056,"LONGITUDE":-78.008222991999958,"LINES":3,"MAX_VOLT":138,"MIN_VOLT":138,"SOURCE":"IMAGERY","SOURCEDATE":1426636800000,"VAL_METHOD":"IMAGERY/OTHER","VAL_DATE":1439510400000}},{"type":"Feature","geometry":{"type":"Point","coordinates":[-77.2302140620013,38.2870833500032]},"properties":{"ID":"139313","NAME":"TAP139313","CITY":"KING GEORGE","STATE":"VA","COUNTY":"KING GEORGE","TYPE":"TAP","STATUS":"IN SERVICE","LATITUDE":38.287083350000046,"LONGITUDE":-77.230214061999959,"LINES":3,"MAX_VOLT":230,"MIN_VOLT":230,"SOURCE":"IMAGERY","SOURCEDATE":1408492800000,"VAL_METHOD":"IMAGERY/OTHER","VAL_DATE":1439510400000}},{"type":"Feature","geometry":{"type":"Point","coordinates":[-77.1495918850012,38.7630162410032]},"properties":{"ID":"139314","NAME":"TAP139314","CITY":"ALEXANDRIA","STATE":"VA","COUNTY":"FAIRFAX","TYPE":"TAP","STATUS":"IN SERVICE","LATITUDE":38.763016241000059,"LONGITUDE":-77.14959188499995,"LINES":3,"MAX_VOLT":230,"MIN_VOLT":230,"SOURCE":"IMAGERY","SOURCEDATE":1409184000000,"VAL_METHOD":"IMAGERY/OTHER","VAL_DATE":1511827200000}},{"type":"Feature","geometry":{"type":"Point","coordinates":[-77.0875619210013,38.8865476930032]},"properties":{"ID":"139336","NAME":"UNKNOWN139336","CITY":"ARLINGTON","STATE":"VA","COUNTY":"ARLINGTON","TYPE":"SUBSTATION","STATUS":"IN SERVICE","LATITUDE":38.886547693000068,"LONGITUDE":-77.087561920999974,"LINES":-999999,"MAX_VOLT":-999999,"MIN_VOLT":-999999,"SOURCE":"OpenStreetMap","SOURCEDATE":1470268800000,"VAL_METHOD":"IMAGERY/OTHER","VAL_DATE":1494460800000}},{"type":"Feature","geometry":{"type":"Point","coordinates":[-77.0740030350013,38.8425492570031]},"properties":{"ID":"139338","NAME":"UNKNOWN139338","CITY":"ALEXANDRIA","STATE":"VA","COUNTY":"ALEXANDRIA","TYPE":"SUBSTATION","STATUS":"IN SERVICE","LATITUDE":38.84254925700003,"LONGITUDE":-77.074003034999976,"LINES":-999999,"MAX_VOLT":-999999,"MIN_VOLT":-999999,"SOURCE":"OpenStreetMap","SOURCEDATE":1470268800000,"VAL_METHOD":"IMAGERY/OTHER","VAL_DATE":1494460800000}},{"type":"Feature","geometry":{"type":"Point","coordinates":[-77.1871859330012,38.7983317530032]},"properties":{"ID":"139346","NAME":"UNKNOWN139346","CITY":"SPRINGFIELD","STATE":"VA","COUNTY":"FAIRFAX","TYPE":"SUBSTATION","STATUS":"IN SERVICE","LATITUDE":38.79833175300007,"LONGITUDE":-77.187185932999967,"LINES":-999999,"MAX_VOLT":-999999,"MIN_VOLT":-999999,"SOURCE":"OpenStreetMap","SOURCEDATE":1470268800000,"VAL_METHOD":"IMAGERY/OTHER","VAL_DATE":1494460800000}},{"type":"Feature","geometry":{"type":"Point","coordinates":[-75.5981117810011,37.8757819780033]},"properties":{"ID":"139355","NAME":"TAP139355","CITY":"HALLWOOD","STATE":"VA","COUNTY":"ACCOMACK","TYPE":"TAP","STATUS":"IN SERVICE","LATITUDE":37.875781978000077,"LONGITUDE":-75.598111780999943,"LINES":3,"MAX_VOLT":69,"MIN_VOLT":69,"SOURCE":"IMAGERY","SOURCEDATE":1426636800000,"VAL_METHOD":"IMAGERY/OTHER","VAL_DATE":1439510400000}},{"type":"Feature","geometry":{"type":"Point","coordinates":[-75.5062950800011,37.9277687550032]},"properties":{"ID":"139356","NAME":"TAP139356","CITY":"WALLOPS ISLAND","STATE":"VA","COUNTY":"ACCOMACK","TYPE":"TAP","STATUS":"IN SERVICE","LATITUDE":37.927768755000045,"LONGITUDE":-75.506295079999973,"LINES":3,"MAX_VOLT":69,"MIN_VOLT":69,"SOURCE":"IMAGERY","SOURCEDATE":1426723200000,"VAL_METHOD":"IMAGERY/OTHER","VAL_DATE":1439510400000}},{"type":"Feature","geometry":{"type":"Point","coordinates":[-79.0484052750014,38.0243841240032]},"properties":{"ID":"139775","NAME":"TAP139775","CITY":"STUARTS DRAFT","STATE":"VA","COUNTY":"AUGUSTA","TYPE":"TAP","STATUS":"IN SERVICE","LATITUDE":38.024384124000051,"LONGITUDE":-79.048405274999936,"LINES":3,"MAX_VOLT":115,"MIN_VOLT":115,"SOURCE":"IMAGERY","SOURCEDATE":1426464000000,"VAL_METHOD":"IMAGERY/OTHER","VAL_DATE":1439510400000}},{"type":"Feature","geometry":{"type":"Point","coordinates":[-79.0062509820014,38.0822133550031]},"properties":{"ID":"139776","NAME":"TAP139776","CITY":"FISHERSVILLE","STATE":"VA","COUNTY":"AUGUSTA","TYPE":"TAP","STATUS":"IN SERVICE","LATITUDE":38.082213355000079,"LONGITUDE":-79.006250981999983,"LINES":3,"MAX_VOLT":115,"MIN_VOLT":115,"SOURCE":"IMAGERY","SOURCEDATE":1426464000000,"VAL_METHOD":"IMAGERY/OTHER","VAL_DATE":1439510400000}},{"type":"Feature","geometry":{"type":"Point","coordinates":[-78.8849162620014,38.3815222940031]},"properties":{"ID":"139777","NAME":"TAP139777","CITY":"HARRISONBURG","STATE":"VA","COUNTY":"ROCKINGHAM","TYPE":"TAP","STATUS":"IN SERVICE","LATITUDE":38.381522294000035,"LONGITUDE":-78.884916261999933,"LINES":3,"MAX_VOLT":115,"MIN_VOLT":115,"SOURCE":"IMAGERY","SOURCEDATE":1426550400000,"VAL_METHOD":"IMAGERY/OTHER","VAL_DATE":1439510400000}},{"type":"Feature","geometry":{"type":"Point","coordinates":[-78.9334039650014,37.9156225040032]},"properties":{"ID":"139854","NAME":"UNKNOWN139854","CITY":"ROSELAND","STATE":"VA","COUNTY":"NELSON","TYPE":"SUBSTATION","STATUS":"IN SERVICE","LATITUDE":37.915622504000055,"LONGITUDE":-78.933403964999968,"LINES":1,"MAX_VOLT":-999999,"MIN_VOLT":-999999,"SOURCE":"OpenStreetMap","SOURCEDATE":1470268800000,"VAL_METHOD":"IMAGERY/OTHER","VAL_DATE":1494460800000}},{"type":"Feature","geometry":{"type":"Point","coordinates":[-78.8825962540014,38.4122590410031]},"properties":{"ID":"139855","NAME":"UNKNOWN139855","CITY":"HARRISONBURG","STATE":"VA","COUNTY":"HARRISONBURG","TYPE":"SUBSTATION","STATUS":"IN SERVICE","LATITUDE":38.412259041000027,"LONGITUDE":-78.882596253999964,"LINES":4,"MAX_VOLT":-999999,"MIN_VOLT":-999999,"SOURCE":"OpenStreetMap","SOURCEDATE":1470268800000,"VAL_METHOD":"IMAGERY/OTHER","VAL_DATE":1494460800000}},{"type":"Feature","geometry":{"type":"Point","coordinates":[-78.7093334000014,38.0249079780031]},"properties":{"ID":"140468","NAME":"TAP140468","CITY":"CHARLOTTESVILLE","STATE":"VA","COUNTY":"ALBEMARLE","TYPE":"TAP","STATUS":"IN SERVICE","LATITUDE":38.024907978000044,"LONGITUDE":-78.709333399999934,"LINES":3,"MAX_VOLT":115,"MIN_VOLT":115,"SOURCE":"IMAGERY","SOURCEDATE":1426464000000,"VAL_METHOD":"IMAGERY/OTHER","VAL_DATE":1439510400000}},{"type":"Feature","geometry":{"type":"Point","coordinates":[-78.6982913910013,38.0851005020032]},"properties":{"ID":"140469","NAME":"TAP140469","CITY":"CROZET","STATE":"VA","COUNTY":"ALBEMARLE","TYPE":"TAP","STATUS":"IN SERVICE","LATITUDE":38.085100502000046,"LONGITUDE":-78.698291390999941,"LINES":3,"MAX_VOLT":230,"MIN_VOLT":230,"SOURCE":"IMAGERY","SOURCEDATE":1426464000000,"VAL_METHOD":"IMAGERY/OTHER","VAL_DATE":1439510400000}},{"type":"Feature","geometry":{"type":"Point","coordinates":[-78.6984340390014,38.0852709980032]},"properties":{"ID":"140470","NAME":"TAP140470","CITY":"CROZET","STATE":"VA","COUNTY":"ALBEMARLE","TYPE":"TAP","STATUS":"IN SERVICE","LATITUDE":38.085270998000055,"LONGITUDE":-78.698434038999949,"LINES":3,"MAX_VOLT":230,"MIN_VOLT":230,"SOURCE":"IMAGERY","SOURCEDATE":1426464000000,"VAL_METHOD":"IMAGERY/OTHER","VAL_DATE":1439510400000}},{"type":"Feature","geometry":{"type":"Point","coordinates":[-78.5301521930013,38.0712541010032]},"properties":{"ID":"140471","NAME":"TAP140471","CITY":"CHARLOTTESVILLE","STATE":"VA","COUNTY":"ALBEMARLE","TYPE":"TAP","STATUS":"IN SERVICE","LATITUDE":38.071254101000079,"LONGITUDE":-78.530152192999935,"LINES":3,"MAX_VOLT":230,"MIN_VOLT":230,"SOURCE":"IMAGERY","SOURCEDATE":1426464000000,"VAL_METHOD":"IMAGERY/OTHER","VAL_DATE":1439510400000}},{"type":"Feature","geometry":{"type":"Point","coordinates":[-78.5303473080014,38.0713635560031]},"properties":{"ID":"140472","NAME":"TAP140472","CITY":"CHARLOTTESVILLE","STATE":"VA","COUNTY":"ALBEMARLE","TYPE":"TAP","STATUS":"IN SERVICE","LATITUDE":38.071363556000051,"LONGITUDE":-78.530347307999989,"LINES":3,"MAX_VOLT":230,"MIN_VOLT":230,"SOURCE":"IMAGERY","SOURCEDATE":1426464000000,"VAL_METHOD":"IMAGERY/OTHER","VAL_DATE":1439510400000}},{"type":"Feature","geometry":{"type":"Point","coordinates":[-78.6272055110013,37.9664573890032]},"properties":{"ID":"140473","NAME":"TAP140473","CITY":"NORTH GARDEN","STATE":"VA","COUNTY":"ALBEMARLE","TYPE":"TAP","STATUS":"IN SERVICE","LATITUDE":37.966457389000027,"LONGITUDE":-78.627205510999943,"LINES":3,"MAX_VOLT":115,"MIN_VOLT":115,"SOURCE":"IMAGERY","SOURCEDATE":1426464000000,"VAL_METHOD":"IMAGERY/OTHER","VAL_DATE":1439510400000}},{"type":"Feature","geometry":{"type":"Point","coordinates":[-78.7820177260013,38.6281523460031]},"properties":{"ID":"140474","NAME":"TAP140474","CITY":"TIMBERVILLE","STATE":"VA","COUNTY":"ROCKINGHAM","TYPE":"TAP","STATUS":"IN SERVICE","LATITUDE":38.628152346000036,"LONGITUDE":-78.782017725999935,"LINES":3,"MAX_VOLT":-999999,"MIN_VOLT":-999999,"SOURCE":"IMAGERY","SOURCEDATE":1426636800000,"VAL_METHOD":"IMAGERY/OTHER","VAL_DATE":1439510400000}},{"type":"Feature","geometry":{"type":"Point","coordinates":[-78.6099152510014,38.7115168890031]},"properties":{"ID":"140475","NAME":"TAP140475","CITY":"NEW MARKET","STATE":"VA","COUNTY":"SHENANDOAH","TYPE":"TAP","STATUS":"IN SERVICE","LATITUDE":38.711516889000052,"LONGITUDE":-78.609915250999961,"LINES":3,"MAX_VOLT":115,"MIN_VOLT":115,"SOURCE":"IMAGERY","SOURCEDATE":1426636800000,"VAL_METHOD":"IMAGERY/OTHER","VAL_DATE":1439510400000}},{"type":"Feature","geometry":{"type":"Point","coordinates":[-78.6538267770013,38.3846809110031]},"properties":{"ID":"140493","NAME":"UNKNOWN140493","CITY":"ELKTON","STATE":"VA","COUNTY":"ROCKINGHAM","TYPE":"SUBSTATION","STATUS":"IN SERVICE","LATITUDE":38.384680911000032,"LONGITUDE":-78.653826776999949,"LINES":-999999,"MAX_VOLT":-999999,"MIN_VOLT":-999999,"SOURCE":"OpenStreetMap","SOURCEDATE":1470268800000,"VAL_METHOD":"IMAGERY/OTHER","VAL_DATE":1494460800000}},{"type":"Feature","geometry":{"type":"Point","coordinates":[-78.6509488910014,38.3873789670032]},"properties":{"ID":"140494","NAME":"UNKNOWN140494","CITY":"ELKTON","STATE":"VA","COUNTY":"ROCKINGHAM","TYPE":"SUBSTATION","STATUS":"IN SERVICE","LATITUDE":38.387378967000075,"LONGITUDE":-78.650948890999985,"LINES":-999999,"MAX_VOLT":-999999,"MIN_VOLT":-999999,"SOURCE":"OpenStreetMap","SOURCEDATE":1470268800000,"VAL_METHOD":"IMAGERY/OTHER","VAL_DATE":1494460800000}},{"type":"Feature","geometry":{"type":"Point","coordinates":[-78.4961873300013,38.0314306630031]},"properties":{"ID":"140497","NAME":"UNKNOWN140497","CITY":"CHARLOTTESVILLE","STATE":"VA","COUNTY":"CHARLOTTESVILLE","TYPE":"SUBSTATION","STATUS":"IN SERVICE","LATITUDE":38.031430663000037,"LONGITUDE":-78.496187329999941,"LINES":-999999,"MAX_VOLT":-999999,"MIN_VOLT":-999999,"SOURCE":"OpenStreetMap","SOURCEDATE":1470268800000,"VAL_METHOD":"IMAGERY/OTHER","VAL_DATE":1494460800000}},{"type":"Feature","geometry":{"type":"Point","coordinates":[-78.3252632030013,38.0650305260032]},"properties":{"ID":"140498","NAME":"TAP140498","CITY":"KESWICK","STATE":"VA","COUNTY":"ALBEMARLE","TYPE":"TAP","STATUS":"IN SERVICE","LATITUDE":38.065030526000044,"LONGITUDE":-78.325263202999963,"LINES":3,"MAX_VOLT":230,"MIN_VOLT":230,"SOURCE":"IMAGERY","SOURCEDATE":1426550400000,"VAL_METHOD":"IMAGERY/OTHER","VAL_DATE":1439510400000}},{"type":"Feature","geometry":{"type":"Point","coordinates":[-78.4160227720013,38.1189256010032]},"properties":{"ID":"140499","NAME":"TAP140499","CITY":"CHARLOTTESVILLE","STATE":"VA","COUNTY":"ALBEMARLE","TYPE":"TAP","STATUS":"IN SERVICE","LATITUDE":38.118925601000058,"LONGITUDE":-78.416022771999963,"LINES":3,"MAX_VOLT":230,"MIN_VOLT":230,"SOURCE":"IMAGERY","SOURCEDATE":1426550400000,"VAL_METHOD":"IMAGERY/OTHER","VAL_DATE":1439510400000}},{"type":"Feature","geometry":{"type":"Point","coordinates":[-78.2222106490013,38.9419292380032]},"properties":{"ID":"140501","NAME":"TAP140501","CITY":"FRONT ROYAL","STATE":"VA","COUNTY":"WARREN","TYPE":"TAP","STATUS":"IN SERVICE","LATITUDE":38.941929238000057,"LONGITUDE":-78.222210648999976,"LINES":3,"MAX_VOLT":138,"MIN_VOLT":138,"SOURCE":"IMAGERY","SOURCEDATE":1426636800000,"VAL_METHOD":"IMAGERY/OTHER","VAL_DATE":1439510400000}},{"type":"Feature","geometry":{"type":"Point","coordinates":[-78.1734007590013,38.4606439500032]},"properties":{"ID":"140512","NAME":"UNKNOWN140512","CITY":"REVA","STATE":"VA","COUNTY":"MADISON","TYPE":"SUBSTATION","STATUS":"IN SERVICE","LATITUDE":38.460643950000076,"LONGITUDE":-78.173400758999946,"LINES":2,"MAX_VOLT":-999999,"MIN_VOLT":-999999,"SOURCE":"OpenStreetMap","SOURCEDATE":1470268800000,"VAL_METHOD":"IMAGERY/OTHER","VAL_DATE":1494460800000}},{"type":"Feature","geometry":{"type":"Point","coordinates":[-78.1879218200013,39.1261406590031]},"properties":{"ID":"140514","NAME":"HP HOOD CT","CITY":"WINCHESTER","STATE":"VA","COUNTY":"FREDERICK","TYPE":"SUBSTATION","STATUS":"IN SERVICE","LATITUDE":39.126140659000043,"LONGITUDE":-78.187921819999985,"LINES":-999999,"MAX_VOLT":-999999,"MIN_VOLT":-999999,"SOURCE":"OpenStreetMap, EIA 860","SOURCEDATE":1470268800000,"VAL_METHOD":"IMAGERY/OTHER","VAL_DATE":1622505600000}},{"type":"Feature","geometry":{"type":"Point","coordinates":[-77.9399426190013,38.3276607800031]},"properties":{"ID":"140638","NAME":"TAP140638","CITY":"CULPEPER","STATE":"VA","COUNTY":"ORANGE","TYPE":"TAP","STATUS":"IN SERVICE","LATITUDE":38.327660780000031,"LONGITUDE":-77.939942618999964,"LINES":3,"MAX_VOLT":115,"MIN_VOLT":115,"SOURCE":"IMAGERY","SOURCEDATE":1408492800000,"VAL_METHOD":"IMAGERY/OTHER","VAL_DATE":1439510400000}},{"type":"Feature","geometry":{"type":"Point","coordinates":[-78.1046856660013,38.2374096200032]},"properties":{"ID":"140639","NAME":"TAP140639","CITY":"ORANGE","STATE":"VA","COUNTY":"ORANGE","TYPE":"TAP","STATUS":"IN SERVICE","LATITUDE":38.237409620000051,"LONGITUDE":-78.104685665999966,"LINES":3,"MAX_VOLT":115,"MIN_VOLT":115,"SOURCE":"IMAGERY","SOURCEDATE":1408492800000,"VAL_METHOD":"IMAGERY/OTHER","VAL_DATE":1439510400000}},{"type":"Feature","geometry":{"type":"Point","coordinates":[-77.8110890480013,38.2543437000032]},"properties":{"ID":"140640","NAME":"TAP140640","CITY":"LOCUST GROVE","STATE":"VA","COUNTY":"ORANGE","TYPE":"TAP","STATUS":"IN SERVICE","LATITUDE":38.254343700000049,"LONGITUDE":-77.811089047999985,"LINES":3,"MAX_VOLT":115,"MIN_VOLT":115,"SOURCE":"IMAGERY","SOURCEDATE":1408492800000,"VAL_METHOD":"IMAGERY/OTHER","VAL_DATE":1439510400000}},{"type":"Feature","geometry":{"type":"Point","coordinates":[-78.0282461600013,38.0101726720032]},"properties":{"ID":"140641","NAME":"TAP140641","CITY":"LOUISA","STATE":"VA","COUNTY":"LOUISA","TYPE":"TAP","STATUS":"IN SERVICE","LATITUDE":38.010172672000067,"LONGITUDE":-78.028246159999981,"LINES":3,"MAX_VOLT":230,"MIN_VOLT":230,"SOURCE":"IMAGERY","SOURCEDATE":1408060800000,"VAL_METHOD":"IMAGERY/OTHER","VAL_DATE":1439510400000}},{"type":"Feature","geometry":{"type":"Point","coordinates":[-78.0928281120013,37.8953187550032]},"properties":{"ID":"140642","NAME":"TAP140642","CITY":"KENTS STORE","STATE":"VA","COUNTY":"FLUVANNA","TYPE":"TAP","STATUS":"IN SERVICE","LATITUDE":37.895318755000062,"LONGITUDE":-78.09282811199995,"LINES":3,"MAX_VOLT":-999999,"MIN_VOLT":-999999,"SOURCE":"IMAGERY","SOURCEDATE":1408060800000,"VAL_METHOD":"IMAGERY/OTHER","VAL_DATE":1439510400000}},{"type":"Feature","geometry":{"type":"Point","coordinates":[-77.7836274250013,38.3135616130032]},"properties":{"ID":"140643","NAME":"TAP140643","CITY":"LOCUST GROVE","STATE":"VA","COUNTY":"ORANGE","TYPE":"TAP","STATUS":"IN SERVICE","LATITUDE":38.313561613000047,"LONGITUDE":-77.783627424999963,"LINES":3,"MAX_VOLT":115,"MIN_VOLT":115,"SOURCE":"IMAGERY","SOURCEDATE":1408579200000,"VAL_METHOD":"IMAGERY/OTHER","VAL_DATE":1439510400000}},{"type":"Feature","geometry":{"type":"Point","coordinates":[-77.9899488870013,38.4686493380032]},"properties":{"ID":"140644","NAME":"TAP140644","CITY":"CULPEPER","STATE":"VA","COUNTY":"CULPEPER","TYPE":"TAP","STATUS":"IN SERVICE","LATITUDE":38.468649338000034,"LONGITUDE":-77.989948886999969,"LINES":3,"MAX_VOLT":115,"MIN_VOLT":115,"SOURCE":"IMAGERY","SOURCEDATE":1410134400000,"VAL_METHOD":"IMAGERY/OTHER","VAL_DATE":1439510400000}},{"type":"Feature","geometry":{"type":"Point","coordinates":[-77.9758351530013,38.3619804440032]},"properties":{"ID":"140645","NAME":"TAP140645","CITY":"CULPEPER","STATE":"VA","COUNTY":"CULPEPER","TYPE":"TAP","STATUS":"IN SERVICE","LATITUDE":38.361980444000039,"LONGITUDE":-77.975835152999935,"LINES":3,"MAX_VOLT":115,"MIN_VOLT":115,"SOURCE":"IMAGERY","SOURCEDATE":1410134400000,"VAL_METHOD":"IMAGERY/OTHER","VAL_DATE":1439510400000}},{"type":"Feature","geometry":{"type":"Point","coordinates":[-75.5021051690011,37.9348023370033]},"properties":{"ID":"144353","NAME":"WATTSVILLE","CITY":"NEW CHURCH","STATE":"VA","COUNTY":"ACCOMACK","TYPE":"SUBSTATION","STATUS":"IN SERVICE","LATITUDE":37.934802337000065,"LONGITUDE":-75.502105168999947,"LINES":5,"MAX_VOLT":138,"MIN_VOLT":69,"SOURCE":"IMAGERY, http://www.pjm.com/system-map/default.html","SOURCEDATE":1426636800000,"VAL_METHOD":"IMAGERY","VAL_DATE":1426723200000}},{"type":"Feature","geometry":{"type":"Point","coordinates":[-75.3781541650011,37.9342122360033]},"properties":{"ID":"144354","NAME":"WALLOPS ISLAND","CITY":"CHINCOTEAGUE ISLAND","STATE":"VA","COUNTY":"ACCOMACK","TYPE":"SUBSTATION","STATUS":"IN SERVICE","LATITUDE":37.934212236000064,"LONGITUDE":-75.378154164999955,"LINES":2,"MAX_VOLT":69,"MIN_VOLT":69,"SOURCE":"IMAGERY, http://www.pjm.com/system-map/default.html","SOURCEDATE":1426723200000,"VAL_METHOD":"IMAGERY","VAL_DATE":1426723200000}},{"type":"Feature","geometry":{"type":"Point","coordinates":[-76.9986337990012,38.1844051670032]},"properties":{"ID":"146170","NAME":"WESTMORELAND","CITY":"COLONIAL BEACH","STATE":"VA","COUNTY":"WESTMORELAND","TYPE":"SUBSTATION","STATUS":"IN SERVICE","LATITUDE":38.184405167000079,"LONGITUDE":-76.998633798999947,"LINES":2,"MAX_VOLT":230,"MIN_VOLT":230,"SOURCE":"IMAGERY, http://www.pjm.com/system-map/default.html","SOURCEDATE":1408492800000,"VAL_METHOD":"IMAGERY","VAL_DATE":1427846400000}},{"type":"Feature","geometry":{"type":"Point","coordinates":[-77.0420678560013,38.8208916460032]},"properties":{"ID":"146171","NAME":"POTOMAC RIVER","CITY":"ALEXANDRIA","STATE":"VA","COUNTY":"ALEXANDRIA","TYPE":"SUBSTATION","STATUS":"IN SERVICE","LATITUDE":38.820891646000064,"LONGITUDE":-77.04206785599996,"LINES":1,"MAX_VOLT":230,"MIN_VOLT":230,"SOURCE":"IMAGERY, http://www.pjm.com/system-map/default.html","SOURCEDATE":1409011200000,"VAL_METHOD":"IMAGERY","VAL_DATE":1427846400000}},{"type":"Feature","geometry":{"type":"Point","coordinates":[-77.0494664930012,38.8684243540032]},"properties":{"ID":"146172","NAME":"PENTAGON","CITY":"ARLINGTON","STATE":"VA","COUNTY":"ARLINGTON","TYPE":"SUBSTATION","STATUS":"IN SERVICE","LATITUDE":38.868424354000069,"LONGITUDE":-77.049466492999954,"LINES":2,"MAX_VOLT":-999999,"MIN_VOLT":-999999,"SOURCE":"IMAGERY, http://www.pjm.com/system-map/default.html","SOURCEDATE":1409011200000,"VAL_METHOD":"IMAGERY","VAL_DATE":1427846400000}},{"type":"Feature","geometry":{"type":"Point","coordinates":[-77.0408249880012,38.8005645440032]},"properties":{"ID":"146176","NAME":"UNKNOWN146176","CITY":"ALEXANDRIA","STATE":"VA","COUNTY":"ALEXANDRIA","TYPE":"SUBSTATION","STATUS":"IN SERVICE","LATITUDE":38.800564544000054,"LONGITUDE":-77.04082498799994,"LINES":-999999,"MAX_VOLT":-999999,"MIN_VOLT":-999999,"SOURCE":"OpenStreetMap","SOURCEDATE":1470268800000,"VAL_METHOD":"IMAGERY/OTHER","VAL_DATE":1494547200000}},{"type":"Feature","geometry":{"type":"Point","coordinates":[-77.0548479410012,38.7970780000032]},"properties":{"ID":"146199","NAME":"JEFFERSON STREET","CITY":"ALEXANDRIA","STATE":"VA","COUNTY":"ALEXANDRIA","TYPE":"SUBSTATION","STATUS":"IN SERVICE","LATITUDE":38.797078000000056,"LONGITUDE":-77.054847940999935,"LINES":3,"MAX_VOLT":230,"MIN_VOLT":230,"SOURCE":"IMAGERY, OpenStreetMap","SOURCEDATE":1409011200000,"VAL_METHOD":"IMAGERY","VAL_DATE":1409011200000}},{"type":"Feature","geometry":{"type":"Point","coordinates":[-77.0546159440012,38.8416476840032]},"properties":{"ID":"146200","NAME":"GLEBE","CITY":"ARLINGTON","STATE":"VA","COUNTY":"ARLINGTON","TYPE":"SUBSTATION","STATUS":"IN SERVICE","LATITUDE":38.841647684000066,"LONGITUDE":-77.054615943999977,"LINES":5,"MAX_VOLT":230,"MIN_VOLT":-999999,"SOURCE":"IMAGERY, OpenStreetMap","SOURCEDATE":1409011200000,"VAL_METHOD":"IMAGERY","VAL_DATE":1409011200000}},{"type":"Feature","geometry":{"type":"Point","coordinates":[-77.0508684090013,38.8402826450032]},"properties":{"ID":"146201","NAME":"POTOMAC YARD","CITY":"ALEXANDRIA","STATE":"VA","COUNTY":"ALEXANDRIA","TYPE":"SUBSTATION","STATUS":"IN SERVICE","LATITUDE":38.840282645000059,"LONGITUDE":-77.050868408999975,"LINES":4,"MAX_VOLT":230,"MIN_VOLT":230,"SOURCE":"IMAGERY, OpenStreetMap","SOURCEDATE":1409011200000,"VAL_METHOD":"IMAGERY","VAL_DATE":1409011200000}},{"type":"Feature","geometry":{"type":"Point","coordinates":[-77.0485777640012,38.8694201580032]},"properties":{"ID":"146202","NAME":"PENTAGON","CITY":"ARLINGTON","STATE":"VA","COUNTY":"ARLINGTON","TYPE":"SUBSTATION","STATUS":"IN SERVICE","LATITUDE":38.869420158000025,"LONGITUDE":-77.048577763999958,"LINES":-999999,"MAX_VOLT":-999999,"MIN_VOLT":-999999,"SOURCE":"IMAGERY, OpenStreetMap","SOURCEDATE":1409011200000,"VAL_METHOD":"IMAGERY","VAL_DATE":1409011200000}},{"type":"Feature","geometry":{"type":"Point","coordinates":[-77.4777026460013,37.5808835500032]},"properties":{"ID":"146330","NAME":"TAP146330","CITY":"RICHMOND","STATE":"VA","COUNTY":"HENRICO","TYPE":"TAP","STATUS":"IN SERVICE","LATITUDE":37.580883550000067,"LONGITUDE":-77.477702645999955,"LINES":3,"MAX_VOLT":115,"MIN_VOLT":115,"SOURCE":"IMAGERY","SOURCEDATE":1470096000000,"VAL_METHOD":"IMAGERY","VAL_DATE":1470096000000}},{"type":"Feature","geometry":{"type":"Point","coordinates":[-77.5046685340013,37.4086216640032]},"properties":{"ID":"146331","NAME":"IRON BRIDGE","CITY":"RICHMOND","STATE":"VA","COUNTY":"CHESTERFIELD","TYPE":"SUBSTATION","STATUS":"IN SERVICE","LATITUDE":37.408621664000066,"LONGITUDE":-77.504668533999961,"LINES":4,"MAX_VOLT":230,"MIN_VOLT":230,"SOURCE":"IMAGERY, http://www.pjm.com/system-map/default.html","SOURCEDATE":1407110400000,"VAL_METHOD":"IMAGERY","VAL_DATE":1427846400000}},{"type":"Feature","geometry":{"type":"Point","coordinates":[-77.5415569730013,37.6304681930032]},"properties":{"ID":"146332","NAME":"NORTHWEST","CITY":"HENRICO","STATE":"VA","COUNTY":"HENRICO","TYPE":"SUBSTATION","STATUS":"IN SERVICE","LATITUDE":37.63046819300007,"LONGITUDE":-77.541556972999956,"LINES":6,"MAX_VOLT":230,"MIN_VOLT":115,"SOURCE":"IMAGERY, http://www.pjm.com/system-map/default.html","SOURCEDATE":1407110400000,"VAL_METHOD":"IMAGERY","VAL_DATE":1427846400000}},{"type":"Feature","geometry":{"type":"Point","coordinates":[-77.5323323970013,37.5020796550032]},"properties":{"ID":"146333","NAME":"SOUTHWEST","CITY":"RICHMOND","STATE":"VA","COUNTY":"CHESTERFIELD","TYPE":"SUBSTATION","STATUS":"IN SERVICE","LATITUDE":37.502079655000045,"LONGITUDE":-77.532332396999948,"LINES":6,"MAX_VOLT":230,"MIN_VOLT":115,"SOURCE":"IMAGERY, http://www.pjm.com/system-map/default.html","SOURCEDATE":1407110400000,"VAL_METHOD":"IMAGERY","VAL_DATE":1427846400000}},{"type":"Feature","geometry":{"type":"Point","coordinates":[-77.4781843810013,37.4980397860032]},"properties":{"ID":"146334","NAME":"PLAZA","CITY":"RICHMOND","STATE":"VA","COUNTY":"RICHMOND","TYPE":"SUBSTATION","STATUS":"IN SERVICE","LATITUDE":37.498039786000049,"LONGITUDE":-77.478184380999949,"LINES":3,"MAX_VOLT":230,"MIN_VOLT":115,"SOURCE":"IMAGERY, http://www.pjm.com/system-map/default.html","SOURCEDATE":1407110400000,"VAL_METHOD":"IMAGERY","VAL_DATE":1427846400000}},{"type":"Feature","geometry":{"type":"Point","coordinates":[-77.5219100550013,37.6704302940032]},"properties":{"ID":"146335","NAME":"MOUNTAIN ROAD","CITY":"GLEN ALLEN","STATE":"VA","COUNTY":"HENRICO","TYPE":"SUBSTATION","STATUS":"IN SERVICE","LATITUDE":37.670430294000028,"LONGITUDE":-77.521910054999978,"LINES":4,"MAX_VOLT":230,"MIN_VOLT":230,"SOURCE":"IMAGERY, http://www.pjm.com/system-map/default.html","SOURCEDATE":1407110400000,"VAL_METHOD":"IMAGERY","VAL_DATE":1427846400000}},{"type":"Feature","geometry":{"type":"Point","coordinates":[-77.4847114670013,37.6977958000032]},"properties":{"ID":"146336","NAME":"ELMONT","CITY":"GLEN ALLEN","STATE":"VA","COUNTY":"HANOVER","TYPE":"SUBSTATION","STATUS":"IN SERVICE","LATITUDE":37.697795800000051,"LONGITUDE":-77.484711466999954,"LINES":13,"MAX_VOLT":500,"MIN_VOLT":-999999,"SOURCE":"IMAGERY, http://www.pjm.com/system-map/default.html","SOURCEDATE":1407974400000,"VAL_METHOD":"IMAGERY","VAL_DATE":1427846400000}},{"type":"Feature","geometry":{"type":"Point","coordinates":[-77.4775503600013,37.5799393800032]},"properties":{"ID":"146337","NAME":"ACCA","CITY":"RICHMOND","STATE":"VA","COUNTY":"HENRICO","TYPE":"SUBSTATION","STATUS":"IN SERVICE","LATITUDE":37.579939380000042,"LONGITUDE":-77.477550359999952,"LINES":5,"MAX_VOLT":115,"MIN_VOLT":-999999,"SOURCE":"IMAGERY, http://www.pjm.com/system-map/default.html","SOURCEDATE":1407196800000,"VAL_METHOD":"IMAGERY","VAL_DATE":1427846400000}},{"type":"Feature","geometry":{"type":"Point","coordinates":[-77.4832448260013,38.3044224100032]},"properties":{"ID":"146338","NAME":"FREDERICKSBURG","CITY":"FREDERICKSBURG","STATE":"VA","COUNTY":"FREDERICKSBURG","TYPE":"SUBSTATION","STATUS":"IN SERVICE","LATITUDE":38.304422410000029,"LONGITUDE":-77.483244825999975,"LINES":5,"MAX_VOLT":230,"MIN_VOLT":115,"SOURCE":"IMAGERY, http://www.pjm.com/system-map/default.html","SOURCEDATE":1408406400000,"VAL_METHOD":"IMAGERY","VAL_DATE":1427846400000}},{"type":"Feature","geometry":{"type":"Point","coordinates":[-77.5175886050013,38.0668472090032]},"properties":{"ID":"146339","NAME":"LADYSMITH CT","CITY":"WOODFORD","STATE":"VA","COUNTY":"CAROLINE","TYPE":"SUBSTATION","STATUS":"IN SERVICE","LATITUDE":38.066847209000059,"LONGITUDE":-77.517588604999958,"LINES":1,"MAX_VOLT":115,"MIN_VOLT":115,"SOURCE":"IMAGERY, http://www.pjm.com/system-map/default.html","SOURCEDATE":1408406400000,"VAL_METHOD":"IMAGERY","VAL_DATE":1427846400000}},{"type":"Feature","geometry":{"type":"Point","coordinates":[-77.5068732200013,38.8585938640032]},"properties":{"ID":"146340","NAME":"PLEASANT VALLEY","CITY":"CENTREVILLE","STATE":"VA","COUNTY":"FAIRFAX","TYPE":"SUBSTATION","STATUS":"IN SERVICE","LATITUDE":38.858593864000056,"LONGITUDE":-77.506873219999989,"LINES":1,"MAX_VOLT":230,"MIN_VOLT":230,"SOURCE":"IMAGERY, http://www.pjm.com/system-map/default.html","SOURCEDATE":1409011200000,"VAL_METHOD":"IMAGERY","VAL_DATE":1427846400000}},{"type":"Feature","geometry":{"type":"Point","coordinates":[-77.4704109420013,38.8750955740032]},"properties":{"ID":"146341","NAME":"CUB-RUN DP","CITY":"CENTREVILLE","STATE":"VA","COUNTY":"FAIRFAX","TYPE":"SUBSTATION","STATUS":"IN SERVICE","LATITUDE":38.875095574000056,"LONGITUDE":-77.470410941999944,"LINES":1,"MAX_VOLT":230,"MIN_VOLT":230,"SOURCE":"IMAGERY, http://www.pjm.com/system-map/default.html","SOURCEDATE":1409011200000,"VAL_METHOD":"IMAGERY","VAL_DATE":1427846400000}},{"type":"Feature","geometry":{"type":"Point","coordinates":[-77.5490421040013,38.9635579260032]},"properties":{"ID":"146342","NAME":"BRAMBLETON","CITY":"ALDIE","STATE":"VA","COUNTY":"LOUDOUN","TYPE":"SUBSTATION","STATUS":"IN SERVICE","LATITUDE":38.963557926000078,"LONGITUDE":-77.549042103999966,"LINES":9,"MAX_VOLT":500,"MIN_VOLT":230,"SOURCE":"IMAGERY, http://www.pjm.com/system-map/default.html","SOURCEDATE":1409097600000,"VAL_METHOD":"IMAGERY","VAL_DATE":1427846400000}},{"type":"Feature","geometry":{"type":"Point","coordinates":[-77.5294322930012,39.0771671130032]},"properties":{"ID":"146343","NAME":"PLEASANT VIEW","CITY":"LEESBURG","STATE":"VA","COUNTY":"LOUDOUN","TYPE":"SUBSTATION","STATUS":"IN SERVICE","LATITUDE":39.07716711300003,"LONGITUDE":-77.529432292999957,"LINES":1,"MAX_VOLT":-999999,"MIN_VOLT":-999999,"SOURCE":"IMAGERY, http://www.pjm.com/system-map/default.html","SOURCEDATE":1409097600000,"VAL_METHOD":"IMAGERY","VAL_DATE":1427846400000}},{"type":"Feature","geometry":{"type":"Point","coordinates":[-77.5288222020013,39.0759081710032]},"properties":{"ID":"146344","NAME":"PLEASANT VIEW","CITY":"LEESBURG","STATE":"VA","COUNTY":"LOUDOUN","TYPE":"SUBSTATION","STATUS":"IN SERVICE","LATITUDE":39.075908171000037,"LONGITUDE":-77.528822201999958,"LINES":4,"MAX_VOLT":230,"MIN_VOLT":230,"SOURCE":"IMAGERY, http://www.pjm.com/system-map/default.html","SOURCEDATE":1409097600000,"VAL_METHOD":"IMAGERY","VAL_DATE":1427846400000}},{"type":"Feature","geometry":{"type":"Point","coordinates":[-77.5030117780013,38.7440477470032]},"properties":{"ID":"146345","NAME":"CANNON BRANCH","CITY":"MANASSAS","STATE":"VA","COUNTY":"MANASSAS","TYPE":"SUBSTATION","STATUS":"IN SERVICE","LATITUDE":38.744047747000025,"LONGITUDE":-77.503011777999973,"LINES":6,"MAX_VOLT":230,"MIN_VOLT":115,"SOURCE":"IMAGERY, http://www.pjm.com/system-map/default.html","SOURCEDATE":1409097600000,"VAL_METHOD":"IMAGERY","VAL_DATE":1427846400000}},{"type":"Feature","geometry":{"type":"Point","coordinates":[-77.4795976290012,39.0040504210032]},"properties":{"ID":"146346","NAME":"GREENWAY","CITY":"ASHBURN","STATE":"VA","COUNTY":"LOUDOUN","TYPE":"SUBSTATION","STATUS":"IN SERVICE","LATITUDE":39.004050421000045,"LONGITUDE":-77.479597628999954,"LINES":4,"MAX_VOLT":230,"MIN_VOLT":-999999,"SOURCE":"IMAGERY, http://www.pjm.com/system-map/default.html","SOURCEDATE":1409184000000,"VAL_METHOD":"IMAGERY","VAL_DATE":1427846400000}},{"type":"Feature","geometry":{"type":"Point","coordinates":[-77.4897341390013,38.4556796330032]},"properties":{"ID":"146347","NAME":"GARRISONVILLE","CITY":"STAFFORD","STATE":"VA","COUNTY":"STAFFORD","TYPE":"SUBSTATION","STATUS":"IN SERVICE","LATITUDE":38.455679633000045,"LONGITUDE":-77.48973413899995,"LINES":2,"MAX_VOLT":-999999,"MIN_VOLT":-999999,"SOURCE":"IMAGERY, http://www.pjm.com/system-map/default.html","SOURCEDATE":1409184000000,"VAL_METHOD":"IMAGERY","VAL_DATE":1427846400000}},{"type":"Feature","geometry":{"type":"Point","coordinates":[-77.4983704930013,39.0513922730032]},"properties":{"ID":"146348","NAME":"ASHBURN","CITY":"ASHBURN","STATE":"VA","COUNTY":"LOUDOUN","TYPE":"SUBSTATION","STATUS":"IN SERVICE","LATITUDE":39.051392273000033,"LONGITUDE":-77.498370492999982,"LINES":5,"MAX_VOLT":230,"MIN_VOLT":-999999,"SOURCE":"IMAGERY, http://www.pjm.com/system-map/default.html","SOURCEDATE":1409702400000,"VAL_METHOD":"IMAGERY","VAL_DATE":1427846400000}},{"type":"Feature","geometry":{"type":"Point","coordinates":[-77.5453139840013,37.5277557310032]},"properties":{"ID":"146350","NAME":"TAP146350","CITY":"RICHMOND","STATE":"VA","COUNTY":"CHESTERFIELD","TYPE":"TAP","STATUS":"IN SERVICE","LATITUDE":37.52775573100007,"LONGITUDE":-77.545313983999961,"LINES":3,"MAX_VOLT":115,"MIN_VOLT":115,"SOURCE":"IMAGERY","SOURCEDATE":1407369600000,"VAL_METHOD":"IMAGERY/OTHER","VAL_DATE":1439510400000}},{"type":"Feature","geometry":{"type":"Point","coordinates":[-77.5386073330013,39.0628988920032]},"properties":{"ID":"146357","NAME":"TAP146357","CITY":"LEESBURG","STATE":"VA","COUNTY":"LOUDOUN","TYPE":"TAP","STATUS":"IN SERVICE","LATITUDE":39.062898892000078,"LONGITUDE":-77.538607332999959,"LINES":3,"MAX_VOLT":230,"MIN_VOLT":230,"SOURCE":"IMAGERY","SOURCEDATE":1495497600000,"VAL_METHOD":"IMAGERY","VAL_DATE":1495497600000}},{"type":"Feature","geometry":{"type":"Point","coordinates":[-77.4803905230013,39.0022241430032]},"properties":{"ID":"146358","NAME":"UNKNOWN146358","CITY":"ASHBURN","STATE":"VA","COUNTY":"LOUDOUN","TYPE":"SUBSTATION","STATUS":"IN SERVICE","LATITUDE":39.002224143000035,"LONGITUDE":-77.480390522999983,"LINES":2,"MAX_VOLT":230,"MIN_VOLT":230,"SOURCE":"IMAGERY","SOURCEDATE":1495497600000,"VAL_METHOD":"IMAGERY","VAL_DATE":1495497600000}},{"type":"Feature","geometry":{"type":"Point","coordinates":[-77.5399670000012,39.0649140000032]},"properties":{"ID":"146359","NAME":"UNKNOWN146359","CITY":"LEESBURG","STATE":"VA","COUNTY":"LOUDOUN","TYPE":"SUBSTATION","STATUS":"IN SERVICE","LATITUDE":39.064914000000044,"LONGITUDE":-77.539966999999933,"LINES":1,"MAX_VOLT":230,"MIN_VOLT":230,"SOURCE":"IMAGERY","SOURCEDATE":1495584000000,"VAL_METHOD":"IMAGERY","VAL_DATE":1495584000000}},{"type":"Feature","geometry":{"type":"Point","coordinates":[-77.4803850000013,39.0160460000032]},"properties":{"ID":"146360","NAME":"UNKNOWN146360","CITY":"ASHBURN","STATE":"VA","COUNTY":"LOUDOUN","TYPE":"SUBSTATION","STATUS":"IN SERVICE","LATITUDE":39.016046000000074,"LONGITUDE":-77.480384999999956,"LINES":2,"MAX_VOLT":-999999,"MIN_VOLT":-999999,"SOURCE":"IMAGERY","SOURCEDATE":1495584000000,"VAL_METHOD":"IMAGERY","VAL_DATE":1495584000000}},{"type":"Feature","geometry":{"type":"Point","coordinates":[-77.4719940000012,38.9988810000032]},"properties":{"ID":"146361","NAME":"UNKNOWN146361","CITY":"ASHBURN","STATE":"VA","COUNTY":"LOUDOUN","TYPE":"SUBSTATION","STATUS":"IN SERVICE","LATITUDE":38.99888100000004,"LONGITUDE":-77.471993999999938,"LINES":4,"MAX_VOLT":230,"MIN_VOLT":230,"SOURCE":"IMAGERY","SOURCEDATE":1495584000000,"VAL_METHOD":"IMAGERY","VAL_DATE":1495584000000}},{"type":"Feature","geometry":{"type":"Point","coordinates":[-77.4759139840013,38.2502859040032]},"properties":{"ID":"146362","NAME":"MINE ROAD","CITY":"FREDERICKSBURG","STATE":"VA","COUNTY":"SPOTSYLVANIA","TYPE":"SUBSTATION","STATUS":"IN SERVICE","LATITUDE":38.250285904000066,"LONGITUDE":-77.475913983999988,"LINES":4,"MAX_VOLT":115,"MIN_VOLT":115,"SOURCE":"IMAGERY, OpenStreetMap","SOURCEDATE":1408406400000,"VAL_METHOD":"IMAGERY","VAL_DATE":1408406400000}},{"type":"Feature","geometry":{"type":"Point","coordinates":[-77.5130674530013,38.0732688570032]},"properties":{"ID":"146363","NAME":"LADYSMITH CT","CITY":"WOODFORD","STATE":"VA","COUNTY":"CAROLINE","TYPE":"SUBSTATION","STATUS":"IN SERVICE","LATITUDE":38.073268857000073,"LONGITUDE":-77.513067452999962,"LINES":4,"MAX_VOLT":230,"MIN_VOLT":115,"SOURCE":"IMAGERY, OpenStreetMap","SOURCEDATE":1408406400000,"VAL_METHOD":"IMAGERY","VAL_DATE":1408406400000}},{"type":"Feature","geometry":{"type":"Point","coordinates":[-77.5305796180013,38.7781142850032]},"properties":{"ID":"146364","NAME":"NOVEC PARADISE","CITY":"MANASSAS","STATE":"VA","COUNTY":"PRINCE WILLIAM","TYPE":"SUBSTATION","STATUS":"IN SERVICE","LATITUDE":38.778114285000072,"LONGITUDE":-77.530579617999933,"LINES":1,"MAX_VOLT":115,"MIN_VOLT":115,"SOURCE":"IMAGERY, OpenStreetMap","SOURCEDATE":1409788800000,"VAL_METHOD":"IMAGERY","VAL_DATE":1409788800000}},{"type":"Feature","geometry":{"type":"Point","coordinates":[-77.5750591250013,37.5739108420032]},"properties":{"ID":"146365","NAME":"TAP146365","CITY":"HENRICO","STATE":"VA","COUNTY":"HENRICO","TYPE":"TAP","STATUS":"IN SERVICE","LATITUDE":37.573910842000032,"LONGITUDE":-77.575059124999939,"LINES":3,"MAX_VOLT":230,"MIN_VOLT":230,"SOURCE":"IMAGERY","SOURCEDATE":1470096000000,"VAL_METHOD":"IMAGERY","VAL_DATE":1470096000000}},{"type":"Feature","geometry":{"type":"Point","coordinates":[-77.5749080500013,37.5740835200032]},"properties":{"ID":"146366","NAME":"TAP146366","CITY":"HENRICO","STATE":"VA","COUNTY":"HENRICO","TYPE":"TAP","STATUS":"IN SERVICE","LATITUDE":37.574083520000045,"LONGITUDE":-77.574908049999976,"LINES":3,"MAX_VOLT":230,"MIN_VOLT":230,"SOURCE":"IMAGERY","SOURCEDATE":1470096000000,"VAL_METHOD":"IMAGERY","VAL_DATE":1470096000000}},{"type":"Feature","geometry":{"type":"Point","coordinates":[-77.5751678970013,37.5744277020032]},"properties":{"ID":"146367","NAME":"RIVER ROAD","CITY":"HENRICO","STATE":"VA","COUNTY":"HENRICO","TYPE":"SUBSTATION","STATUS":"IN SERVICE","LATITUDE":37.574427702000037,"LONGITUDE":-77.575167896999972,"LINES":4,"MAX_VOLT":230,"MIN_VOLT":115,"SOURCE":"IMAGERY, http://www.pjm.com/system-map/default.html","SOURCEDATE":1407110400000,"VAL_METHOD":"IMAGERY","VAL_DATE":1427846400000}},{"type":"Feature","geometry":{"type":"Point","coordinates":[-77.6236330400013,37.6596242530032]},"properties":{"ID":"146368","NAME":"SHORT PUMP","CITY":"HENRICO","STATE":"VA","COUNTY":"HENRICO","TYPE":"SUBSTATION","STATUS":"IN SERVICE","LATITUDE":37.659624253000061,"LONGITUDE":-77.623633039999959,"LINES":2,"MAX_VOLT":230,"MIN_VOLT":230,"SOURCE":"IMAGERY, http://www.pjm.com/system-map/default.html","SOURCEDATE":1407974400000,"VAL_METHOD":"IMAGERY","VAL_DATE":1427846400000}},{"type":"Feature","geometry":{"type":"Point","coordinates":[-77.5765780610013,37.4444304470032]},"properties":{"ID":"146369","NAME":"HULL STREET ROAD","CITY":"RICHMOND","STATE":"VA","COUNTY":"CHESTERFIELD","TYPE":"SUBSTATION","STATUS":"IN SERVICE","LATITUDE":37.444430447000059,"LONGITUDE":-77.576578060999964,"LINES":4,"MAX_VOLT":230,"MIN_VOLT":230,"SOURCE":"IMAGERY, http://www.pjm.com/system-map/default.html","SOURCEDATE":1407715200000,"VAL_METHOD":"IMAGERY","VAL_DATE":1427846400000}},{"type":"Feature","geometry":{"type":"Point","coordinates":[-77.6289929650013,37.5072665060032]},"properties":{"ID":"146370","NAME":"TRABUE","CITY":"MIDLOTHIAN","STATE":"VA","COUNTY":"CHESTERFIELD","TYPE":"SUBSTATION","STATUS":"IN SERVICE","LATITUDE":37.507266506000065,"LONGITUDE":-77.628992964999952,"LINES":2,"MAX_VOLT":230,"MIN_VOLT":230,"SOURCE":"IMAGERY, http://www.pjm.com/system-map/default.html","SOURCEDATE":1407715200000,"VAL_METHOD":"IMAGERY","VAL_DATE":1427846400000}},{"type":"Feature","geometry":{"type":"Point","coordinates":[-77.5502763650013,38.0466527920032]},"properties":{"ID":"146371","NAME":"LADYSMITH","CITY":"WOODFORD","STATE":"VA","COUNTY":"CAROLINE","TYPE":"SUBSTATION","STATUS":"IN SERVICE","LATITUDE":38.046652792000032,"LONGITUDE":-77.550276364999945,"LINES":5,"MAX_VOLT":500,"MIN_VOLT":230,"SOURCE":"IMAGERY, http://www.pjm.com/system-map/default.html","SOURCEDATE":1408406400000,"VAL_METHOD":"IMAGERY","VAL_DATE":1427846400000}},{"type":"Feature","geometry":{"type":"Point","coordinates":[-77.6659126220013,38.2478853040032]},"properties":{"ID":"146372","NAME":"TODDS TAVERN DP","CITY":"SPOTSYLVANIA","STATE":"VA","COUNTY":"SPOTSYLVANIA","TYPE":"SUBSTATION","STATUS":"IN SERVICE","LATITUDE":38.247885304000079,"LONGITUDE":-77.665912621999951,"LINES":2,"MAX_VOLT":115,"MIN_VOLT":115,"SOURCE":"IMAGERY, http://www.pjm.com/system-map/default.html","SOURCEDATE":1408492800000,"VAL_METHOD":"IMAGERY","VAL_DATE":1427846400000}},{"type":"Feature","geometry":{"type":"Point","coordinates":[-77.5861483700013,38.2432564590032]},"properties":{"ID":"146373","NAME":"NI RIVER DP","CITY":"SPOTSYLVANIA","STATE":"VA","COUNTY":"SPOTSYLVANIA","TYPE":"SUBSTATION","STATUS":"IN SERVICE","LATITUDE":38.243256459000065,"LONGITUDE":-77.586148369999989,"LINES":2,"MAX_VOLT":115,"MIN_VOLT":115,"SOURCE":"IMAGERY, http://www.pjm.com/system-map/default.html","SOURCEDATE":1408492800000,"VAL_METHOD":"IMAGERY","VAL_DATE":1427846400000}},{"type":"Feature","geometry":{"type":"Point","coordinates":[-77.5892623750013,38.2622526440032]},"properties":{"ID":"146374","NAME":"CHANCELLOR","CITY":"FREDERICKSBURG","STATE":"VA","COUNTY":"SPOTSYLVANIA","TYPE":"SUBSTATION","STATUS":"IN SERVICE","LATITUDE":38.262252644000057,"LONGITUDE":-77.589262374999976,"LINES":3,"MAX_VOLT":500,"MIN_VOLT":115,"SOURCE":"IMAGERY, http://www.pjm.com/system-map/default.html","SOURCEDATE":1408492800000,"VAL_METHOD":"IMAGERY","VAL_DATE":1427846400000}},{"type":"Feature","geometry":{"type":"Point","coordinates":[-77.5955412400013,38.5631207440032]},"properties":{"ID":"146375","NAME":"BRISTERS","CITY":"CATLETT","STATE":"VA","COUNTY":"FAUQUIER","TYPE":"SUBSTATION","STATUS":"IN SERVICE","LATITUDE":38.563120744000059,"LONGITUDE":-77.595541239999989,"LINES":5,"MAX_VOLT":500,"MIN_VOLT":115,"SOURCE":"IMAGERY, http://www.pjm.com/system-map/default.html","SOURCEDATE":1408579200000,"VAL_METHOD":"IMAGERY","VAL_DATE":1427846400000}},{"type":"Feature","geometry":{"type":"Point","coordinates":[-77.5651720730013,38.7908452860032]},"properties":{"ID":"146376","NAME":"GAINESVILLE","CITY":"MANASSAS","STATE":"VA","COUNTY":"PRINCE WILLIAM","TYPE":"SUBSTATION","STATUS":"IN SERVICE","LATITUDE":38.790845286000035,"LONGITUDE":-77.565172072999985,"LINES":7,"MAX_VOLT":230,"MIN_VOLT":115,"SOURCE":"IMAGERY, http://www.pjm.com/system-map/default.html","SOURCEDATE":1409011200000,"VAL_METHOD":"IMAGERY","VAL_DATE":1427846400000}},{"type":"Feature","geometry":{"type":"Point","coordinates":[-77.5682030640013,38.8949685970032]},"properties":{"ID":"146377","NAME":"MOSBY","CITY":"ALDIE","STATE":"VA","COUNTY":"LOUDOUN","TYPE":"SUBSTATION","STATUS":"IN SERVICE","LATITUDE":38.894968597000059,"LONGITUDE":-77.568203063999988,"LINES":15,"MAX_VOLT":500,"MIN_VOLT":115,"SOURCE":"IMAGERY, http://www.pjm.com/system-map/default.html, https://www.dominionenergy.com/library/domcom/media/about-us/electric-projects/power-line-projects/brambleton-mosby/brambleton-mosby-aerial-map.pdf","SOURCEDATE":1409011200000,"VAL_METHOD":"IMAGERY","VAL_DATE":1551657600000}},{"type":"Feature","geometry":{"type":"Point","coordinates":[-77.6254089460013,38.9339132920032]},"properties":{"ID":"146378","NAME":"NEW ROAD","CITY":"ALDIE","STATE":"VA","COUNTY":"LOUDOUN","TYPE":"SUBSTATION","STATUS":"IN SERVICE","LATITUDE":38.933913292000057,"LONGITUDE":-77.625408945999936,"LINES":2,"MAX_VOLT":115,"MIN_VOLT":115,"SOURCE":"IMAGERY, http://www.pjm.com/system-map/default.html","SOURCEDATE":1409097600000,"VAL_METHOD":"IMAGERY","VAL_DATE":1427846400000}},{"type":"Feature","geometry":{"type":"Point","coordinates":[-77.6326794680012,39.2954315970032]},"properties":{"ID":"146379","NAME":"LOVETTSVILLE","CITY":"LOVETTSVILLE","STATE":"VA","COUNTY":"LOUDOUN","TYPE":"SUBSTATION","STATUS":"IN SERVICE","LATITUDE":39.295431597000061,"LONGITUDE":-77.632679467999935,"LINES":2,"MAX_VOLT":138,"MIN_VOLT":138,"SOURCE":"IMAGERY, http://www.pjm.com/system-map/default.html","SOURCEDATE":1410134400000,"VAL_METHOD":"IMAGERY","VAL_DATE":1427846400000}},{"type":"Feature","geometry":{"type":"Point","coordinates":[-77.6371986270013,37.4730407500032]},"properties":{"ID":"146380","NAME":"TAP146380","CITY":"MIDLOTHIAN","STATE":"VA","COUNTY":"CHESTERFIELD","TYPE":"TAP","STATUS":"IN SERVICE","LATITUDE":37.473040750000052,"LONGITUDE":-77.637198626999975,"LINES":2,"MAX_VOLT":230,"MIN_VOLT":230,"SOURCE":"IMAGERY","SOURCEDATE":1407801600000,"VAL_METHOD":"IMAGERY/OTHER","VAL_DATE":1439510400000}},{"type":"Feature","geometry":{"type":"Point","coordinates":[-77.6364963130013,37.4724802660032]},"properties":{"ID":"146381","NAME":"TAP146381","CITY":"MIDLOTHIAN","STATE":"VA","COUNTY":"CHESTERFIELD","TYPE":"TAP","STATUS":"IN SERVICE","LATITUDE":37.472480266000048,"LONGITUDE":-77.636496312999952,"LINES":3,"MAX_VOLT":230,"MIN_VOLT":230,"SOURCE":"IMAGERY","SOURCEDATE":1407801600000,"VAL_METHOD":"IMAGERY/OTHER","VAL_DATE":1553126400000}},{"type":"Feature","geometry":{"type":"Point","coordinates":[-77.6364116500013,37.4725189490032]},"properties":{"ID":"146382","NAME":"TAP146382","CITY":"MIDLOTHIAN","STATE":"VA","COUNTY":"CHESTERFIELD","TYPE":"TAP","STATUS":"IN SERVICE","LATITUDE":37.472518949000062,"LONGITUDE":-77.636411649999957,"LINES":3,"MAX_VOLT":230,"MIN_VOLT":230,"SOURCE":"IMAGERY","SOURCEDATE":1407801600000,"VAL_METHOD":"IMAGERY/OTHER","VAL_DATE":1439510400000}},{"type":"Feature","geometry":{"type":"Point","coordinates":[-77.5678133930012,38.8547242930032]},"properties":{"ID":"146384","NAME":"TAP146384","CITY":"CATHARPIN","STATE":"VA","COUNTY":"PRINCE WILLIAM","TYPE":"TAP","STATUS":"IN SERVICE","LATITUDE":38.854724293000061,"LONGITUDE":-77.567813392999938,"LINES":3,"MAX_VOLT":115,"MIN_VOLT":115,"SOURCE":"IMAGERY","SOURCEDATE":1409011200000,"VAL_METHOD":"IMAGERY/OTHER","VAL_DATE":1494892800000}},{"type":"Feature","geometry":{"type":"Point","coordinates":[-77.5777907380013,38.5912934830032]},"properties":{"ID":"146387","NAME":"SOWEGO DP","CITY":"CATLETT","STATE":"VA","COUNTY":"FAUQUIER","TYPE":"SUBSTATION","STATUS":"IN SERVICE","LATITUDE":38.591293483000072,"LONGITUDE":-77.577790737999976,"LINES":2,"MAX_VOLT":115,"MIN_VOLT":115,"SOURCE":"IMAGERY, OpenStreetMap","SOURCEDATE":1408579200000,"VAL_METHOD":"IMAGERY","VAL_DATE":1408579200000}},{"type":"Feature","geometry":{"type":"Point","coordinates":[-79.7404935020014,36.6825973970032]},"properties":{"ID":"146388","NAME":"STOCKTON","CITY":"AXTON","STATE":"VA","COUNTY":"HENRY","TYPE":"SUBSTATION","STATUS":"IN SERVICE","LATITUDE":36.682597397000052,"LONGITUDE":-79.740493501999936,"LINES":2,"MAX_VOLT":-999999,"MIN_VOLT":-999999,"SOURCE":"IMAGERY, http://www.pjm.com/system-map/default.html","SOURCEDATE":1404777600000,"VAL_METHOD":"IMAGERY","VAL_DATE":1427846400000}},{"type":"Feature","geometry":{"type":"Point","coordinates":[-79.7983952880014,37.3854883060032]},"properties":{"ID":"146405","NAME":"BLUE RIDGE","CITY":"BLUE RIDGE","STATE":"VA","COUNTY":"BOTETOURT","TYPE":"SUBSTATION","STATUS":"IN SERVICE","LATITUDE":37.38548830600007,"LONGITUDE":-79.798395287999938,"LINES":1,"MAX_VOLT":-999999,"MIN_VOLT":-999999,"SOURCE":"IMAGERY, OpenStreetMap","SOURCEDATE":1426032000000,"VAL_METHOD":"IMAGERY","VAL_DATE":1426032000000}},{"type":"Feature","geometry":{"type":"Point","coordinates":[-79.8583845530015,36.6283616510031]},"properties":{"ID":"146406","NAME":"TAP146406","CITY":"RIDGEWAY","STATE":"VA","COUNTY":"HENRY","TYPE":"TAP","STATUS":"IN SERVICE","LATITUDE":36.628361651000034,"LONGITUDE":-79.858384552999951,"LINES":3,"MAX_VOLT":-999999,"MIN_VOLT":-999999,"SOURCE":"IMAGERY","SOURCEDATE":1470096000000,"VAL_METHOD":"IMAGERY","VAL_DATE":1470096000000}},{"type":"Feature","geometry":{"type":"Point","coordinates":[-79.8919913940014,37.7765285160031]},"properties":{"ID":"146407","NAME":"LOWMOOR","CITY":"COVINGTON","STATE":"VA","COUNTY":"ALLEGHANY","TYPE":"SUBSTATION","STATUS":"IN SERVICE","LATITUDE":37.776528516000042,"LONGITUDE":-79.891991393999945,"LINES":5,"MAX_VOLT":230,"MIN_VOLT":138,"SOURCE":"IMAGERY, http://www.pjm.com/system-map/default.html","SOURCEDATE":1404259200000,"VAL_METHOD":"IMAGERY","VAL_DATE":1426032000000}},{"type":"Feature","geometry":{"type":"Point","coordinates":[-79.8386541960014,36.5864185880032]},"properties":{"ID":"146408","NAME":"RIDGEWAY","CITY":"RIDGEWAY","STATE":"VA","COUNTY":"HENRY","TYPE":"SUBSTATION","STATUS":"IN SERVICE","LATITUDE":36.586418588000072,"LONGITUDE":-79.838654195999936,"LINES":4,"MAX_VOLT":138,"MIN_VOLT":-999999,"SOURCE":"IMAGERY, http://www.pjm.com/system-map/default.html","SOURCEDATE":1404864000000,"VAL_METHOD":"IMAGERY","VAL_DATE":1427846400000}},{"type":"Feature","geometry":{"type":"Point","coordinates":[-79.8657213710015,37.0506777610031]},"properties":{"ID":"146409","NAME":"BLAINE","CITY":"ROCKY MOUNT","STATE":"VA","COUNTY":"FRANKLIN","TYPE":"SUBSTATION","STATUS":"IN SERVICE","LATITUDE":37.050677761000031,"LONGITUDE":-79.86572137099995,"LINES":3,"MAX_VOLT":138,"MIN_VOLT":138,"SOURCE":"IMAGERY","SOURCEDATE":1425513600000,"VAL_METHOD":"IMAGERY","VAL_DATE":1425513600000}},{"type":"Feature","geometry":{"type":"Point","coordinates":[-79.8629550550015,37.2682992460031]},"properties":{"ID":"146410","NAME":"VINTON","CITY":"VINTON","STATE":"VA","COUNTY":"ROANOKE","TYPE":"SUBSTATION","STATUS":"IN SERVICE","LATITUDE":37.268299246000026,"LONGITUDE":-79.862955054999986,"LINES":2,"MAX_VOLT":138,"MIN_VOLT":138,"SOURCE":"IMAGERY, http://www.pjm.com/system-map/default.html","SOURCEDATE":1425513600000,"VAL_METHOD":"IMAGERY","VAL_DATE":1425513600000}},{"type":"Feature","geometry":{"type":"Point","coordinates":[-79.8241048960014,37.8124017750032]},"properties":{"ID":"146411","NAME":"CLIFTON FORGE","CITY":"CLIFTON FORGE","STATE":"VA","COUNTY":"ALLEGHANY","TYPE":"SUBSTATION","STATUS":"IN SERVICE","LATITUDE":37.812401775000069,"LONGITUDE":-79.824104895999938,"LINES":4,"MAX_VOLT":230,"MIN_VOLT":138,"SOURCE":"IMAGERY, http://www.pjm.com/system-map/default.html","SOURCEDATE":1426032000000,"VAL_METHOD":"IMAGERY","VAL_DATE":1426032000000}},{"type":"Feature","geometry":{"type":"Point","coordinates":[-79.8701186420015,37.3330842660032]},"properties":{"ID":"146412","NAME":"BONSACK","CITY":"ROANOKE","STATE":"VA","COUNTY":"BOTETOURT","TYPE":"SUBSTATION","STATUS":"IN SERVICE","LATITUDE":37.333084266000071,"LONGITUDE":-79.870118641999966,"LINES":2,"MAX_VOLT":138,"MIN_VOLT":138,"SOURCE":"IMAGERY, http://www.pjm.com/system-map/default.html","SOURCEDATE":1426032000000,"VAL_METHOD":"IMAGERY","VAL_DATE":1426032000000}},{"type":"Feature","geometry":{"type":"Point","coordinates":[-79.8727791210015,37.3495012690031]},"properties":{"ID":"146413","NAME":"TAP146413","CITY":"ROANOKE","STATE":"VA","COUNTY":"BOTETOURT","TYPE":"TAP","STATUS":"IN SERVICE","LATITUDE":37.349501269000029,"LONGITUDE":-79.872779120999951,"LINES":3,"MAX_VOLT":-999999,"MIN_VOLT":-999999,"SOURCE":"IMAGERY","SOURCEDATE":1426032000000,"VAL_METHOD":"IMAGERY/OTHER","VAL_DATE":1439510400000}},{"type":"Feature","geometry":{"type":"Point","coordinates":[-79.8576560120015,36.7305446600032]},"properties":{"ID":"146414","NAME":"UNKNOWN146414","CITY":"MARTINSVILLE","STATE":"VA","COUNTY":"HENRY","TYPE":"SUBSTATION","STATUS":"IN SERVICE","LATITUDE":36.730544660000078,"LONGITUDE":-79.85765601199995,"LINES":2,"MAX_VOLT":-999999,"MIN_VOLT":-999999,"SOURCE":"OpenStreetMap","SOURCEDATE":1470268800000,"VAL_METHOD":"IMAGERY","VAL_DATE":1494460800000}},{"type":"Feature","geometry":{"type":"Point","coordinates":[-79.8769032440015,37.7873304810031]},"properties":{"ID":"146415","NAME":"UNKNOWN146415","CITY":"LOW MOOR","STATE":"VA","COUNTY":"ALLEGHANY","TYPE":"SUBSTATION","STATUS":"IN SERVICE","LATITUDE":37.787330481000026,"LONGITUDE":-79.876903243999948,"LINES":-999999,"MAX_VOLT":-999999,"MIN_VOLT":-999999,"SOURCE":"OpenStreetMap","SOURCEDATE":1470268800000,"VAL_METHOD":"IMAGERY/OTHER","VAL_DATE":1494460800000}},{"type":"Feature","geometry":{"type":"Point","coordinates":[-79.8086739340014,37.6561714330031]},"properties":{"ID":"146424","NAME":"UNKNOWN146424","CITY":"EAGLE ROCK","STATE":"VA","COUNTY":"BOTETOURT","TYPE":"SUBSTATION","STATUS":"IN SERVICE","LATITUDE":37.656171433000054,"LONGITUDE":-79.808673933999955,"LINES":-999999,"MAX_VOLT":-999999,"MIN_VOLT":-999999,"SOURCE":"OpenStreetMap","SOURCEDATE":1470268800000,"VAL_METHOD":"IMAGERY/OTHER","VAL_DATE":1494460800000}},{"type":"Feature","geometry":{"type":"Point","coordinates":[-79.8262420000015,37.9936770000031]},"properties":{"ID":"146425","NAME":"UNKNOWN146425","CITY":"HOT SPRINGS","STATE":"VA","COUNTY":"BATH","TYPE":"SUBSTATION","STATUS":"IN SERVICE","LATITUDE":37.993677000000048,"LONGITUDE":-79.826241999999979,"LINES":1,"MAX_VOLT":-999999,"MIN_VOLT":-999999,"SOURCE":"IMAGERY","SOURCEDATE":1495584000000,"VAL_METHOD":"IMAGERY","VAL_DATE":1495584000000}},{"type":"Feature","geometry":{"type":"Point","coordinates":[-79.8473383800015,37.3783846940031]},"properties":{"ID":"146434","NAME":"LAKE FOREST","CITY":"TROUTVILLE","STATE":"VA","COUNTY":"BOTETOURT","TYPE":"SUBSTATION","STATUS":"IN SERVICE","LATITUDE":37.378384694000033,"LONGITUDE":-79.84733837999994,"LINES":2,"MAX_VOLT":138,"MIN_VOLT":138,"SOURCE":"IMAGERY, OpenStreetMap","SOURCEDATE":1426032000000,"VAL_METHOD":"IMAGERY","VAL_DATE":1426032000000}},{"type":"Feature","geometry":{"type":"Point","coordinates":[-78.3570742870014,37.8797846210032]},"properties":{"ID":"146598","NAME":"TAP146598","CITY":"PALMYRA","STATE":"VA","COUNTY":"FLUVANNA","TYPE":"TAP","STATUS":"IN SERVICE","LATITUDE":37.879784621000056,"LONGITUDE":-78.357074286999989,"LINES":3,"MAX_VOLT":230,"MIN_VOLT":230,"SOURCE":"IMAGERY","SOURCEDATE":1470096000000,"VAL_METHOD":"IMAGERY","VAL_DATE":1470096000000}},{"type":"Feature","geometry":{"type":"Point","coordinates":[-78.3741453200014,37.8686496570032]},"properties":{"ID":"146599","NAME":"CUNNINGHAM","CITY":"SCOTTSVILLE","STATE":"VA","COUNTY":"FLUVANNA","TYPE":"SUBSTATION","STATUS":"IN SERVICE","LATITUDE":37.868649657000049,"LONGITUDE":-78.374145319999968,"LINES":4,"MAX_VOLT":500,"MIN_VOLT":500,"SOURCE":"IMAGERY, http://www.pjm.com/system-map/default.html","SOURCEDATE":1407974400000,"VAL_METHOD":"IMAGERY","VAL_DATE":1444003200000}},{"type":"Feature","geometry":{"type":"Point","coordinates":[-78.3794277230013,37.8673576100032]},"properties":{"ID":"146600","NAME":"FLUVANNA P.S.","CITY":"SCOTTSVILLE","STATE":"VA","COUNTY":"FLUVANNA","TYPE":"SUBSTATION","STATUS":"IN SERVICE","LATITUDE":37.867357610000056,"LONGITUDE":-78.379427722999935,"LINES":3,"MAX_VOLT":500,"MIN_VOLT":500,"SOURCE":"IMAGERY, http://www.pjm.com/system-map/default.html","SOURCEDATE":1407974400000,"VAL_METHOD":"IMAGERY","VAL_DATE":1444003200000}},{"type":"Feature","geometry":{"type":"Point","coordinates":[-78.2686163900013,38.3486335170032]},"properties":{"ID":"146601","NAME":"PRATT'S","CITY":"MADISON","STATE":"VA","COUNTY":"MADISON","TYPE":"SUBSTATION","STATUS":"IN SERVICE","LATITUDE":38.348633517000053,"LONGITUDE":-78.268616389999977,"LINES":3,"MAX_VOLT":115,"MIN_VOLT":-999999,"SOURCE":"IMAGERY, http://www.pjm.com/system-map/default.html","SOURCEDATE":1408492800000,"VAL_METHOD":"IMAGERY","VAL_DATE":1426636800000}},{"type":"Feature","geometry":{"type":"Point","coordinates":[-78.4578222140014,38.0415928500031]},"properties":{"ID":"146602","NAME":"CHARLOTTESVILLE","CITY":"CHARLOTTESVILLE","STATE":"VA","COUNTY":"CHARLOTTESVILLE","TYPE":"SUBSTATION","STATUS":"IN SERVICE","LATITUDE":38.041592850000029,"LONGITUDE":-78.457822213999975,"LINES":5,"MAX_VOLT":230,"MIN_VOLT":230,"SOURCE":"IMAGERY, http://www.pjm.com/system-map/default.html","SOURCEDATE":1426464000000,"VAL_METHOD":"IMAGERY","VAL_DATE":1426550400000}},{"type":"Feature","geometry":{"type":"Point","coordinates":[-78.5093286370014,37.7954685670032]},"properties":{"ID":"146603","NAME":"SCOTTSVILLE","CITY":"SCOTTSVILLE","STATE":"VA","COUNTY":"ALBEMARLE","TYPE":"SUBSTATION","STATUS":"IN SERVICE","LATITUDE":37.795468567000057,"LONGITUDE":-78.509328636999953,"LINES":1,"MAX_VOLT":-999999,"MIN_VOLT":-999999,"SOURCE":"IMAGERY, http://www.pjm.com/system-map/default.html","SOURCEDATE":1426464000000,"VAL_METHOD":"IMAGERY","VAL_DATE":1426550400000}},{"type":"Feature","geometry":{"type":"Point","coordinates":[-78.5360772040014,38.8340461470031]},"properties":{"ID":"146604","NAME":"EDINBURG","CITY":"EDINBURG","STATE":"VA","COUNTY":"SHENANDOAH","TYPE":"SUBSTATION","STATUS":"IN SERVICE","LATITUDE":38.834046147000038,"LONGITUDE":-78.53607720399998,"LINES":2,"MAX_VOLT":138,"MIN_VOLT":115,"SOURCE":"IMAGERY, http://www.pjm.com/system-map/default.html","SOURCEDATE":1426550400000,"VAL_METHOD":"IMAGERY","VAL_DATE":1426636800000}},{"type":"Feature","geometry":{"type":"Point","coordinates":[-78.3587138180013,39.0016433640032]},"properties":{"ID":"146605","NAME":"STRASBURG","CITY":"STRASBURG","STATE":"VA","COUNTY":"SHENANDOAH","TYPE":"SUBSTATION","STATUS":"IN SERVICE","LATITUDE":39.001643364000074,"LONGITUDE":-78.358713817999956,"LINES":3,"MAX_VOLT":138,"MIN_VOLT":-999999,"SOURCE":"IMAGERY, http://www.pjm.com/system-map/default.html","SOURCEDATE":1426550400000,"VAL_METHOD":"IMAGERY","VAL_DATE":1426636800000}},{"type":"Feature","geometry":{"type":"Point","coordinates":[-78.4520535650014,38.6696022960031]},"properties":{"ID":"146606","NAME":"PAGE","CITY":"LURAY","STATE":"VA","COUNTY":"PAGE","TYPE":"SUBSTATION","STATUS":"IN SERVICE","LATITUDE":38.669602296000051,"LONGITUDE":-78.452053564999972,"LINES":4,"MAX_VOLT":138,"MIN_VOLT":-999999,"SOURCE":"IMAGERY, http://www.pjm.com/system-map/default.html","SOURCEDATE":1426636800000,"VAL_METHOD":"IMAGERY","VAL_DATE":1426636800000}},{"type":"Feature","geometry":{"type":"Point","coordinates":[-78.6203240040013,38.5269271280032]},"properties":{"ID":"146607","NAME":"NORTH SHENANDOAH","CITY":"SHENANDOAH","STATE":"VA","COUNTY":"PAGE","TYPE":"SUBSTATION","STATUS":"IN SERVICE","LATITUDE":38.526927128000068,"LONGITUDE":-78.62032400399994,"LINES":4,"MAX_VOLT":138,"MIN_VOLT":-999999,"SOURCE":"IMAGERY, http://www.pjm.com/system-map/default.html","SOURCEDATE":1426636800000,"VAL_METHOD":"IMAGERY","VAL_DATE":1426636800000}},{"type":"Feature","geometry":{"type":"Point","coordinates":[-78.3687323370014,37.7991762660032]},"properties":{"ID":"146608","NAME":"TAP146608","CITY":"SCOTTSVILLE","STATE":"VA","COUNTY":"FLUVANNA","TYPE":"TAP","STATUS":"IN SERVICE","LATITUDE":37.799176266000075,"LONGITUDE":-78.368732336999983,"LINES":3,"MAX_VOLT":115,"MIN_VOLT":115,"SOURCE":"IMAGERY","SOURCEDATE":1408060800000,"VAL_METHOD":"IMAGERY/OTHER","VAL_DATE":1439510400000}},{"type":"Feature","geometry":{"type":"Point","coordinates":[-78.4485535530014,37.4260362680032]},"properties":{"ID":"146610","NAME":"UNKNOWN146610","CITY":"DILLWYN","STATE":"VA","COUNTY":"BUCKINGHAM","TYPE":"SUBSTATION","STATUS":"IN SERVICE","LATITUDE":37.426036268000075,"LONGITUDE":-78.448553552999954,"LINES":-999999,"MAX_VOLT":-999999,"MIN_VOLT":-999999,"SOURCE":"OpenStreetMap","SOURCEDATE":1470268800000,"VAL_METHOD":"IMAGERY/OTHER","VAL_DATE":1494460800000}},{"type":"Feature","geometry":{"type":"Point","coordinates":[-78.2843213210013,37.6970896610032]},"properties":{"ID":"146618","NAME":"BEAR GARDEN","CITY":"NEW CANTON","STATE":"VA","COUNTY":"BUCKINGHAM","TYPE":"SUBSTATION","STATUS":"IN SERVICE","LATITUDE":37.697089661000064,"LONGITUDE":-78.284321320999936,"LINES":3,"MAX_VOLT":230,"MIN_VOLT":230,"SOURCE":"IMAGERY, OpenStreetMap","SOURCEDATE":1408060800000,"VAL_METHOD":"IMAGERY","VAL_DATE":1408060800000}},{"type":"Feature","geometry":{"type":"Point","coordinates":[-78.3683466190014,37.7995375210032]},"properties":{"ID":"146619","NAME":"KIDDS STORE","CITY":"SCOTTSVILLE","STATE":"VA","COUNTY":"FLUVANNA","TYPE":"SUBSTATION","STATUS":"IN SERVICE","LATITUDE":37.799537521000047,"LONGITUDE":-78.368346618999965,"LINES":1,"MAX_VOLT":115,"MIN_VOLT":115,"SOURCE":"IMAGERY, OpenStreetMap","SOURCEDATE":1408060800000,"VAL_METHOD":"IMAGERY","VAL_DATE":1408060800000}},{"type":"Feature","geometry":{"type":"Point","coordinates":[-78.6267805790014,37.9667642460031]},"properties":{"ID":"146620","NAME":"RED HILL","CITY":"NORTH GARDEN","STATE":"VA","COUNTY":"ALBEMARLE","TYPE":"SUBSTATION","STATUS":"IN SERVICE","LATITUDE":37.966764246000025,"LONGITUDE":-78.626780578999956,"LINES":1,"MAX_VOLT":115,"MIN_VOLT":115,"SOURCE":"IMAGERY, OpenStreetMap","SOURCEDATE":1426464000000,"VAL_METHOD":"IMAGERY","VAL_DATE":1426464000000}},{"type":"Feature","geometry":{"type":"Point","coordinates":[-78.5259884870013,38.0212616420032]},"properties":{"ID":"146621","NAME":"SHERWOOD","CITY":"CHARLOTTESVILLE","STATE":"VA","COUNTY":"ALBEMARLE","TYPE":"SUBSTATION","STATUS":"IN SERVICE","LATITUDE":38.02126164200007,"LONGITUDE":-78.52598848699995,"LINES":2,"MAX_VOLT":115,"MIN_VOLT":115,"SOURCE":"IMAGERY, OpenStreetMap","SOURCEDATE":1426464000000,"VAL_METHOD":"IMAGERY","VAL_DATE":1426464000000}},{"type":"Feature","geometry":{"type":"Point","coordinates":[-78.4153793660014,38.1185758210031]},"properties":{"ID":"146622","NAME":"PROFFIT","CITY":"CHARLOTTESVILLE","STATE":"VA","COUNTY":"ALBEMARLE","TYPE":"SUBSTATION","STATUS":"IN SERVICE","LATITUDE":38.118575821000036,"LONGITUDE":-78.415379365999968,"LINES":2,"MAX_VOLT":230,"MIN_VOLT":230,"SOURCE":"IMAGERY, OpenStreetMap","SOURCEDATE":1426550400000,"VAL_METHOD":"IMAGERY","VAL_DATE":1426550400000}},{"type":"Feature","geometry":{"type":"Point","coordinates":[-78.4337731940014,38.1273399700031]},"properties":{"ID":"146623","NAME":"HOLLYMEAD","CITY":"CHARLOTTESVILLE","STATE":"VA","COUNTY":"ALBEMARLE","TYPE":"SUBSTATION","STATUS":"IN SERVICE","LATITUDE":38.127339970000037,"LONGITUDE":-78.433773193999968,"LINES":1,"MAX_VOLT":230,"MIN_VOLT":230,"SOURCE":"IMAGERY, OpenStreetMap","SOURCEDATE":1426550400000,"VAL_METHOD":"IMAGERY","VAL_DATE":1426550400000}},{"type":"Feature","geometry":{"type":"Point","coordinates":[-79.2909303280014,37.4257530090032]},"properties":{"ID":"146690","NAME":"IVY HILL","CITY":"LYNCHBURG","STATE":"VA","COUNTY":"BEDFORD","TYPE":"SUBSTATION","STATUS":"IN SERVICE","LATITUDE":37.425753009000061,"LONGITUDE":-79.290930327999945,"LINES":2,"MAX_VOLT":138,"MIN_VOLT":138,"SOURCE":"IMAGERY, http://www.pjm.com/system-map/default.html","SOURCEDATE":1404259200000,"VAL_METHOD":"IMAGERY","VAL_DATE":1426204800000}},{"type":"Feature","geometry":{"type":"Point","coordinates":[-79.2530561370015,37.0542268310032]},"properties":{"ID":"146691","NAME":"OTTER RIVER","CITY":"HURT","STATE":"VA","COUNTY":"PITTSYLVANIA","TYPE":"SUBSTATION","STATUS":"IN SERVICE","LATITUDE":37.054226831000051,"LONGITUDE":-79.253056136999987,"LINES":1,"MAX_VOLT":115,"MIN_VOLT":115,"SOURCE":"IMAGERY, http://www.pjm.com/system-map/default.html","SOURCEDATE":1405296000000,"VAL_METHOD":"IMAGERY","VAL_DATE":1426204800000}},{"type":"Feature","geometry":{"type":"Point","coordinates":[-79.2784426370014,37.1300637310032]},"properties":{"ID":"146692","NAME":"ALTAVISTA","CITY":"ALTAVISTA","STATE":"VA","COUNTY":"CAMPBELL","TYPE":"SUBSTATION","STATUS":"IN SERVICE","LATITUDE":37.130063731000064,"LONGITUDE":-79.278442636999955,"LINES":6,"MAX_VOLT":138,"MIN_VOLT":115,"SOURCE":"IMAGERY, http://www.pjm.com/system-map/default.html","SOURCEDATE":1426118400000,"VAL_METHOD":"IMAGERY","VAL_DATE":1426204800000}},{"type":"Feature","geometry":{"type":"Point","coordinates":[-79.2804126120014,37.1429554780032]},"properties":{"ID":"146693","NAME":"OTTER","CITY":"ALTAVISTA","STATE":"VA","COUNTY":"CAMPBELL","TYPE":"SUBSTATION","STATUS":"IN SERVICE","LATITUDE":37.142955478000033,"LONGITUDE":-79.280412611999964,"LINES":1,"MAX_VOLT":138,"MIN_VOLT":138,"SOURCE":"IMAGERY, http://www.pjm.com/system-map/default.html","SOURCEDATE":1426118400000,"VAL_METHOD":"IMAGERY","VAL_DATE":1427846400000}},{"type":"Feature","geometry":{"type":"Point","coordinates":[-79.3020092410014,37.2401723570032]},"properties":{"ID":"146694","NAME":"EVINGTON","CITY":"EVINGTON","STATE":"VA","COUNTY":"CAMPBELL","TYPE":"SUBSTATION","STATUS":"IN SERVICE","LATITUDE":37.240172357000063,"LONGITUDE":-79.302009240999951,"LINES":1,"MAX_VOLT":115,"MIN_VOLT":115,"SOURCE":"IMAGERY, http://www.pjm.com/system-map/default.html","SOURCEDATE":1426118400000,"VAL_METHOD":"IMAGERY","VAL_DATE":1427846400000}},{"type":"Feature","geometry":{"type":"Point","coordinates":[-79.3516429730014,37.5201172130031]},"properties":{"ID":"146695","NAME":"SKIMMER","CITY":"BIG ISLAND","STATE":"VA","COUNTY":"BEDFORD","TYPE":"SUBSTATION","STATUS":"IN SERVICE","LATITUDE":37.520117213000049,"LONGITUDE":-79.351642972999969,"LINES":4,"MAX_VOLT":115,"MIN_VOLT":69,"SOURCE":"IMAGERY, http://www.pjm.com/system-map/default.html","SOURCEDATE":1426118400000,"VAL_METHOD":"IMAGERY","VAL_DATE":1426204800000}},{"type":"Feature","geometry":{"type":"Point","coordinates":[-79.3087995830014,37.3291087090031]},"properties":{"ID":"146696","NAME":"NEW LONDON","CITY":"FOREST","STATE":"VA","COUNTY":"BEDFORD","TYPE":"SUBSTATION","STATUS":"IN SERVICE","LATITUDE":37.329108709000025,"LONGITUDE":-79.308799582999939,"LINES":3,"MAX_VOLT":138,"MIN_VOLT":138,"SOURCE":"IMAGERY, http://www.pjm.com/system-map/default.html","SOURCEDATE":1426118400000,"VAL_METHOD":"IMAGERY","VAL_DATE":1426204800000}},{"type":"Feature","geometry":{"type":"Point","coordinates":[-79.2587109590015,37.3229981210032]},"properties":{"ID":"146697","NAME":"BRUSH TAVERN","CITY":"LYNCHBURG","STATE":"VA","COUNTY":"CAMPBELL","TYPE":"SUBSTATION","STATUS":"IN SERVICE","LATITUDE":37.322998121000069,"LONGITUDE":-79.258710958999984,"LINES":1,"MAX_VOLT":138,"MIN_VOLT":138,"SOURCE":"IMAGERY, http://www.pjm.com/system-map/default.html","SOURCEDATE":1426118400000,"VAL_METHOD":"IMAGERY","VAL_DATE":1426204800000}},{"type":"Feature","geometry":{"type":"Point","coordinates":[-79.2291321860014,37.4329536480032]},"properties":{"ID":"146698","NAME":"BOONSBORO","CITY":"LYNCHBURG","STATE":"VA","COUNTY":"LYNCHBURG","TYPE":"SUBSTATION","STATUS":"IN SERVICE","LATITUDE":37.43295364800008,"LONGITUDE":-79.229132185999958,"LINES":2,"MAX_VOLT":138,"MIN_VOLT":138,"SOURCE":"IMAGERY, http://www.pjm.com/system-map/default.html","SOURCEDATE":1426118400000,"VAL_METHOD":"IMAGERY","VAL_DATE":1426204800000}},{"type":"Feature","geometry":{"type":"Point","coordinates":[-79.1891300360014,37.4622218120032]},"properties":{"ID":"146699","NAME":"REUSENS","CITY":"LYNCHBURG","STATE":"VA","COUNTY":"LYNCHBURG","TYPE":"SUBSTATION","STATUS":"IN SERVICE","LATITUDE":37.462221812000053,"LONGITUDE":-79.189130035999938,"LINES":10,"MAX_VOLT":138,"MIN_VOLT":-999999,"SOURCE":"IMAGERY, http://www.pjm.com/system-map/default.html","SOURCEDATE":1426118400000,"VAL_METHOD":"IMAGERY","VAL_DATE":1426204800000}},{"type":"Feature","geometry":{"type":"Point","coordinates":[-79.2931055450014,37.3634507680032]},"properties":{"ID":"146700","NAME":"FOREST","CITY":"FOREST","STATE":"VA","COUNTY":"BEDFORD","TYPE":"SUBSTATION","STATUS":"IN SERVICE","LATITUDE":37.363450768000064,"LONGITUDE":-79.293105544999946,"LINES":2,"MAX_VOLT":138,"MIN_VOLT":138,"SOURCE":"IMAGERY, http://www.pjm.com/system-map/default.html","SOURCEDATE":1426118400000,"VAL_METHOD":"IMAGERY","VAL_DATE":1427846400000}},{"type":"Feature","geometry":{"type":"Point","coordinates":[-79.2044378810014,37.3736395720032]},"properties":{"ID":"146701","NAME":"BROOKVILLE","CITY":"LYNCHBURG","STATE":"VA","COUNTY":"LYNCHBURG","TYPE":"SUBSTATION","STATUS":"IN SERVICE","LATITUDE":37.373639572000059,"LONGITUDE":-79.20443788099999,"LINES":2,"MAX_VOLT":138,"MIN_VOLT":138,"SOURCE":"IMAGERY, http://www.pjm.com/system-map/default.html","SOURCEDATE":1426118400000,"VAL_METHOD":"IMAGERY","VAL_DATE":1426204800000}},{"type":"Feature","geometry":{"type":"Point","coordinates":[-79.2361967050014,37.3956263070032]},"properties":{"ID":"146702","NAME":"GRAVES MILL","CITY":"LYNCHBURG","STATE":"VA","COUNTY":"BEDFORD","TYPE":"SUBSTATION","STATUS":"IN SERVICE","LATITUDE":37.395626307000043,"LONGITUDE":-79.236196704999941,"LINES":2,"MAX_VOLT":138,"MIN_VOLT":138,"SOURCE":"IMAGERY, http://www.pjm.com/system-map/default.html","SOURCEDATE":1426118400000,"VAL_METHOD":"IMAGERY","VAL_DATE":1426204800000}},{"type":"Feature","geometry":{"type":"Point","coordinates":[-79.3067240450014,37.8705063970031]},"properties":{"ID":"146703","NAME":"FAIRFIELD","CITY":"FAIRFIELD","STATE":"VA","COUNTY":"ROCKBRIDGE","TYPE":"SUBSTATION","STATUS":"IN SERVICE","LATITUDE":37.870506397000042,"LONGITUDE":-79.306724044999953,"LINES":1,"MAX_VOLT":115,"MIN_VOLT":115,"SOURCE":"IMAGERY, http://www.pjm.com/system-map/default.html","SOURCEDATE":1426118400000,"VAL_METHOD":"IMAGERY","VAL_DATE":1426204800000}},{"type":"Feature","geometry":{"type":"Point","coordinates":[-79.2221158890014,37.0801539010032]},"properties":{"ID":"146711","NAME":"TAP146711","CITY":"HURT","STATE":"VA","COUNTY":"PITTSYLVANIA","TYPE":"TAP","STATUS":"IN SERVICE","LATITUDE":37.080153901000074,"LONGITUDE":-79.222115888999951,"LINES":3,"MAX_VOLT":115,"MIN_VOLT":115,"SOURCE":"IMAGERY","SOURCEDATE":1405296000000,"VAL_METHOD":"IMAGERY/OTHER","VAL_DATE":1439510400000}},{"type":"Feature","geometry":{"type":"Point","coordinates":[-79.3056625690014,37.0075824420032]},"properties":{"ID":"146712","NAME":"TAP146712","CITY":"GRETNA","STATE":"VA","COUNTY":"PITTSYLVANIA","TYPE":"TAP","STATUS":"IN SERVICE","LATITUDE":37.007582442000057,"LONGITUDE":-79.305662568999935,"LINES":3,"MAX_VOLT":115,"MIN_VOLT":115,"SOURCE":"IMAGERY","SOURCEDATE":1405036800000,"VAL_METHOD":"IMAGERY/OTHER","VAL_DATE":1439510400000}},{"type":"Feature","geometry":{"type":"Point","coordinates":[-79.2798041840014,37.1429382510031]},"properties":{"ID":"146713","NAME":"TAP146713","CITY":"ALTAVISTA","STATE":"VA","COUNTY":"CAMPBELL","TYPE":"TAP","STATUS":"IN SERVICE","LATITUDE":37.142938251000032,"LONGITUDE":-79.279804183999943,"LINES":3,"MAX_VOLT":138,"MIN_VOLT":138,"SOURCE":"IMAGERY","SOURCEDATE":1426118400000,"VAL_METHOD":"IMAGERY/OTHER","VAL_DATE":1439510400000}},{"type":"Feature","geometry":{"type":"Point","coordinates":[-79.3022281520014,37.2398582680031]},"properties":{"ID":"146714","NAME":"TAP146714","CITY":"EVINGTON","STATE":"VA","COUNTY":"CAMPBELL","TYPE":"TAP","STATUS":"IN SERVICE","LATITUDE":37.239858268000035,"LONGITUDE":-79.302228151999941,"LINES":3,"MAX_VOLT":115,"MIN_VOLT":115,"SOURCE":"IMAGERY","SOURCEDATE":1426118400000,"VAL_METHOD":"IMAGERY/OTHER","VAL_DATE":1439510400000}},{"type":"Feature","geometry":{"type":"Point","coordinates":[-79.2759872140014,37.1037022970032]},"properties":{"ID":"146715","NAME":"TAP146715","CITY":"HURT","STATE":"VA","COUNTY":"PITTSYLVANIA","TYPE":"TAP","STATUS":"IN SERVICE","LATITUDE":37.103702297000041,"LONGITUDE":-79.27598721399994,"LINES":3,"MAX_VOLT":115,"MIN_VOLT":115,"SOURCE":"IMAGERY","SOURCEDATE":1426118400000,"VAL_METHOD":"IMAGERY/OTHER","VAL_DATE":1439510400000}},{"type":"Feature","geometry":{"type":"Point","coordinates":[-79.2692146870015,37.1130841720032]},"properties":{"ID":"146717","NAME":"TAP146717","CITY":"HURT","STATE":"VA","COUNTY":"PITTSYLVANIA","TYPE":"TAP","STATUS":"IN SERVICE","LATITUDE":37.113084172000072,"LONGITUDE":-79.269214686999987,"LINES":3,"MAX_VOLT":115,"MIN_VOLT":115,"SOURCE":"IMAGERY","SOURCEDATE":1426204800000,"VAL_METHOD":"IMAGERY/OTHER","VAL_DATE":1439510400000}},{"type":"Feature","geometry":{"type":"Point","coordinates":[-79.3136942790014,36.6046439620032]},"properties":{"ID":"146718","NAME":"UNKNOWN146718","CITY":"RINGGOLD","STATE":"VA","COUNTY":"PITTSYLVANIA","TYPE":"SUBSTATION","STATUS":"IN SERVICE","LATITUDE":36.604643962000068,"LONGITUDE":-79.313694278999947,"LINES":2,"MAX_VOLT":-999999,"MIN_VOLT":-999999,"SOURCE":"OpenStreetMap","SOURCEDATE":1470268800000,"VAL_METHOD":"IMAGERY","VAL_DATE":1494460800000}},{"type":"Feature","geometry":{"type":"Point","coordinates":[-79.2282552320014,37.5102506630032]},"properties":{"ID":"146724","NAME":"UNKNOWN146724","CITY":"MONROE","STATE":"VA","COUNTY":"AMHERST","TYPE":"SUBSTATION","STATUS":"IN SERVICE","LATITUDE":37.510250663000079,"LONGITUDE":-79.228255231999981,"LINES":-999999,"MAX_VOLT":-999999,"MIN_VOLT":-999999,"SOURCE":"OpenStreetMap","SOURCEDATE":1470268800000,"VAL_METHOD":"IMAGERY/OTHER","VAL_DATE":1494460800000}},{"type":"Feature","geometry":{"type":"Point","coordinates":[-79.2165220000014,38.1378000000031]},"properties":{"ID":"146727","NAME":"UNKNOWN146727","CITY":"SWOOPE","STATE":"VA","COUNTY":"AUGUSTA","TYPE":"SUBSTATION","STATUS":"IN SERVICE","LATITUDE":38.137800000000027,"LONGITUDE":-79.216521999999941,"LINES":-999999,"MAX_VOLT":-999999,"MIN_VOLT":-999999,"SOURCE":"IMAGERY","SOURCEDATE":1495584000000,"VAL_METHOD":"IMAGERY","VAL_DATE":1495584000000}},{"type":"Feature","geometry":{"type":"Point","coordinates":[-79.3479461950014,36.6036838940031]},"properties":{"ID":"146728","NAME":"EAST DANVILLE","CITY":"DANVILLE","STATE":"VA","COUNTY":"PITTSYLVANIA","TYPE":"SUBSTATION","STATUS":"IN SERVICE","LATITUDE":36.603683894000028,"LONGITUDE":-79.347946194999963,"LINES":8,"MAX_VOLT":230,"MIN_VOLT":-999999,"SOURCE":"IMAGERY, OpenStreetMap","SOURCEDATE":1404777600000,"VAL_METHOD":"IMAGERY","VAL_DATE":1404864000000}},{"type":"Feature","geometry":{"type":"Point","coordinates":[-77.2885167610013,38.7237860530032]},"properties":{"ID":"146768","NAME":"OX","CITY":"FAIRFAX STATION","STATE":"VA","COUNTY":"FAIRFAX","TYPE":"SUBSTATION","STATUS":"IN SERVICE","LATITUDE":38.723786053000026,"LONGITUDE":-77.288516760999983,"LINES":9,"MAX_VOLT":500,"MIN_VOLT":230,"SOURCE":"IMAGERY, http://www.pjm.com/system-map/default.html","SOURCEDATE":1408579200000,"VAL_METHOD":"IMAGERY","VAL_DATE":1427846400000}},{"type":"Feature","geometry":{"type":"Point","coordinates":[-77.3037244980012,38.9316648310031]},"properties":{"ID":"146769","NAME":"CLARK","CITY":"VIENNA","STATE":"VA","COUNTY":"FAIRFAX","TYPE":"SUBSTATION","STATUS":"IN SERVICE","LATITUDE":38.931664831000035,"LONGITUDE":-77.303724497999951,"LINES":2,"MAX_VOLT":230,"MIN_VOLT":230,"SOURCE":"IMAGERY, http://www.pjm.com/system-map/default.html","SOURCEDATE":1408665600000,"VAL_METHOD":"IMAGERY","VAL_DATE":1427846400000}},{"type":"Feature","geometry":{"type":"Point","coordinates":[-77.3023077720012,38.6415711130032]},"properties":{"ID":"146770","NAME":"NOVEC SMOKETOWN","CITY":"WOODBRIDGE","STATE":"VA","COUNTY":"PRINCE WILLIAM","TYPE":"SUBSTATION","STATUS":"IN SERVICE","LATITUDE":38.641571113000055,"LONGITUDE":-77.302307771999949,"LINES":4,"MAX_VOLT":230,"MIN_VOLT":115,"SOURCE":"IMAGERY, http://www.pjm.com/system-map/default.html, https://www.dominionenergy.com/about-us/electric-projects/power-line-projects/smoketown","SOURCEDATE":1408665600000,"VAL_METHOD":"IMAGERY","VAL_DATE":1551657600000}},{"type":"Feature","geometry":{"type":"Point","coordinates":[-77.3059351020013,38.5873061830032]},"properties":{"ID":"146771","NAME":"DUMFRIES","CITY":"DUMFRIES","STATE":"VA","COUNTY":"PRINCE WILLIAM","TYPE":"SUBSTATION","STATUS":"IN SERVICE","LATITUDE":38.587306183000067,"LONGITUDE":-77.305935101999978,"LINES":1,"MAX_VOLT":230,"MIN_VOLT":230,"SOURCE":"IMAGERY, http://www.pjm.com/system-map/default.html","SOURCEDATE":1408665600000,"VAL_METHOD":"IMAGERY","VAL_DATE":1427846400000}},{"type":"Feature","geometry":{"type":"Point","coordinates":[-77.3190423630012,38.6089021710032]},"properties":{"ID":"146772","NAME":"NOVEC COUNTRY CLUB","CITY":"WOODBRIDGE","STATE":"VA","COUNTY":"PRINCE WILLIAM","TYPE":"SUBSTATION","STATUS":"IN SERVICE","LATITUDE":38.608902171000068,"LONGITUDE":-77.319042362999937,"LINES":2,"MAX_VOLT":115,"MIN_VOLT":115,"SOURCE":"IMAGERY, http://www.pjm.com/system-map/default.html","SOURCEDATE":1408665600000,"VAL_METHOD":"IMAGERY","VAL_DATE":1551657600000}},{"type":"Feature","geometry":{"type":"Point","coordinates":[-77.3105012090012,38.6270811740032]},"properties":{"ID":"146773","NAME":"NOVEC GARBAR","CITY":"WOODBRIDGE","STATE":"VA","COUNTY":"PRINCE WILLIAM","TYPE":"SUBSTATION","STATUS":"IN SERVICE","LATITUDE":38.627081174000068,"LONGITUDE":-77.310501208999938,"LINES":1,"MAX_VOLT":115,"MIN_VOLT":115,"SOURCE":"IMAGERY, http://www.pjm.com/system-map/default.html","SOURCEDATE":1408665600000,"VAL_METHOD":"IMAGERY","VAL_DATE":1551657600000}},{"type":"Feature","geometry":{"type":"Point","coordinates":[-77.3988067630013,38.7812087310032]},"properties":{"ID":"146774","NAME":"CLIFTON","CITY":"CLIFTON","STATE":"VA","COUNTY":"FAIRFAX","TYPE":"SUBSTATION","STATUS":"IN SERVICE","LATITUDE":38.781208731000049,"LONGITUDE":-77.398806762999982,"LINES":7,"MAX_VOLT":500,"MIN_VOLT":230,"SOURCE":"IMAGERY, http://www.pjm.com/system-map/default.html","SOURCEDATE":1408665600000,"VAL_METHOD":"IMAGERY","VAL_DATE":1427846400000}},{"type":"Feature","geometry":{"type":"Point","coordinates":[-77.4657469210013,38.8320334370032]},"properties":{"ID":"146775","NAME":"JOHNSON DP","CITY":"CENTREVILLE","STATE":"VA","COUNTY":"FAIRFAX","TYPE":"SUBSTATION","STATUS":"IN SERVICE","LATITUDE":38.832033437000064,"LONGITUDE":-77.465746920999948,"LINES":1,"MAX_VOLT":230,"MIN_VOLT":230,"SOURCE":"IMAGERY, http://www.pjm.com/system-map/default.html","SOURCEDATE":1409097600000,"VAL_METHOD":"IMAGERY","VAL_DATE":1427846400000}},{"type":"Feature","geometry":{"type":"Point","coordinates":[-77.4448668830013,38.8179318690032]},"properties":{"ID":"146776","NAME":"BULL RUN","CITY":"CENTREVILLE","STATE":"VA","COUNTY":"FAIRFAX","TYPE":"SUBSTATION","STATUS":"IN SERVICE","LATITUDE":38.817931869000063,"LONGITUDE":-77.444866882999975,"LINES":6,"MAX_VOLT":230,"MIN_VOLT":115,"SOURCE":"IMAGERY, http://www.pjm.com/system-map/default.html","SOURCEDATE":1409097600000,"VAL_METHOD":"IMAGERY","VAL_DATE":1427846400000}},{"type":"Feature","geometry":{"type":"Point","coordinates":[-77.4577184990013,38.7527631890032]},"properties":{"ID":"146777","NAME":"BATTERY HEIGHTS DP","CITY":"MANASSAS","STATE":"VA","COUNTY":"MANASSAS","TYPE":"SUBSTATION","STATUS":"IN SERVICE","LATITUDE":38.752763189000063,"LONGITUDE":-77.457718498999952,"LINES":2,"MAX_VOLT":230,"MIN_VOLT":230,"SOURCE":"IMAGERY, https://www.pjm.com/-/media/committees-groups/committees/teac/20181213/20181213-reliability-analysis-update.ashx","SOURCEDATE":1409097600000,"VAL_METHOD":"IMAGERY","VAL_DATE":1552521600000}},{"type":"Feature","geometry":{"type":"Point","coordinates":[-77.3456186100013,38.9529135910032]},"properties":{"ID":"146778","NAME":"RESTON","CITY":"RESTON","STATE":"VA","COUNTY":"FAIRFAX","TYPE":"SUBSTATION","STATUS":"IN SERVICE","LATITUDE":38.952913591000026,"LONGITUDE":-77.345618609999974,"LINES":7,"MAX_VOLT":230,"MIN_VOLT":230,"SOURCE":"IMAGERY, http://www.pjm.com/system-map/default.html","SOURCEDATE":1409097600000,"VAL_METHOD":"IMAGERY","VAL_DATE":1427846400000}},{"type":"Feature","geometry":{"type":"Point","coordinates":[-77.3283639290013,38.9481196710032]},"properties":{"ID":"146779","NAME":"HUNTER","CITY":"RESTON","STATE":"VA","COUNTY":"FAIRFAX","TYPE":"SUBSTATION","STATUS":"IN SERVICE","LATITUDE":38.948119671000029,"LONGITUDE":-77.328363928999977,"LINES":-999999,"MAX_VOLT":-999999,"MIN_VOLT":-999999,"SOURCE":"IMAGERY, http://www.pjm.com/system-map/default.html","SOURCEDATE":1409097600000,"VAL_METHOD":"IMAGERY","VAL_DATE":1427846400000}},{"type":"Feature","geometry":{"type":"Point","coordinates":[-77.4317595450013,38.9453762340032]},"properties":{"ID":"146780","NAME":"DULLES","CITY":"HERNDON","STATE":"VA","COUNTY":"FAIRFAX","TYPE":"SUBSTATION","STATUS":"IN SERVICE","LATITUDE":38.945376234000037,"LONGITUDE":-77.431759544999977,"LINES":2,"MAX_VOLT":230,"MIN_VOLT":230,"SOURCE":"IMAGERY, http://www.pjm.com/system-map/default.html","SOURCEDATE":1409184000000,"VAL_METHOD":"IMAGERY","VAL_DATE":1427846400000}},{"type":"Feature","geometry":{"type":"Point","coordinates":[-77.4283929050013,38.9197720440032]},"properties":{"ID":"146781","NAME":"SULLY","CITY":"HERNDON","STATE":"VA","COUNTY":"FAIRFAX","TYPE":"SUBSTATION","STATUS":"IN SERVICE","LATITUDE":38.919772044000069,"LONGITUDE":-77.428392904999953,"LINES":2,"MAX_VOLT":230,"MIN_VOLT":230,"SOURCE":"IMAGERY, http://www.pjm.com/system-map/default.html","SOURCEDATE":1409184000000,"VAL_METHOD":"IMAGERY","VAL_DATE":1427846400000}},{"type":"Feature","geometry":{"type":"Point","coordinates":[-77.4115852260013,38.8936558040032]},"properties":{"ID":"146782","NAME":"WALNEY","CITY":"FAIRFAX","STATE":"VA","COUNTY":"FAIRFAX","TYPE":"SUBSTATION","STATUS":"IN SERVICE","LATITUDE":38.893655804000048,"LONGITUDE":-77.411585225999943,"LINES":2,"MAX_VOLT":230,"MIN_VOLT":230,"SOURCE":"IMAGERY, http://www.pjm.com/system-map/default.html","SOURCEDATE":1409184000000,"VAL_METHOD":"IMAGERY","VAL_DATE":1427846400000}},{"type":"Feature","geometry":{"type":"Point","coordinates":[-77.4207695390012,38.9946811350032]},"properties":{"ID":"146783","NAME":"STERLING PARK","CITY":"STERLING","STATE":"VA","COUNTY":"LOUDOUN","TYPE":"SUBSTATION","STATUS":"IN SERVICE","LATITUDE":38.994681135000064,"LONGITUDE":-77.420769538999934,"LINES":2,"MAX_VOLT":230,"MIN_VOLT":230,"SOURCE":"IMAGERY, http://www.pjm.com/system-map/default.html","SOURCEDATE":1409184000000,"VAL_METHOD":"IMAGERY","VAL_DATE":1427846400000}},{"type":"Feature","geometry":{"type":"Point","coordinates":[-77.4564008970013,39.0261584300032]},"properties":{"ID":"146784","NAME":"BEAUMEADE","CITY":"ASHBURN","STATE":"VA","COUNTY":"LOUDOUN","TYPE":"SUBSTATION","STATUS":"IN SERVICE","LATITUDE":39.026158430000066,"LONGITUDE":-77.45640089699998,"LINES":7,"MAX_VOLT":230,"MIN_VOLT":-999999,"SOURCE":"IMAGERY","SOURCEDATE":1409184000000,"VAL_METHOD":"IMAGERY","VAL_DATE":1427846400000}},{"type":"Feature","geometry":{"type":"Point","coordinates":[-77.4371327150013,39.0245576670032]},"properties":{"ID":"146785","NAME":"BECO","CITY":"STERLING","STATE":"VA","COUNTY":"LOUDOUN","TYPE":"SUBSTATION","STATUS":"IN SERVICE","LATITUDE":39.024557667000067,"LONGITUDE":-77.437132714999962,"LINES":3,"MAX_VOLT":230,"MIN_VOLT":230,"SOURCE":"IMAGERY, http://www.pjm.com/system-map/default.html","SOURCEDATE":1409184000000,"VAL_METHOD":"IMAGERY","VAL_DATE":1427846400000}},{"type":"Feature","geometry":{"type":"Point","coordinates":[-77.3615586540012,38.9793978770032]},"properties":{"ID":"146786","NAME":"DRANESVILLE","CITY":"RESTON","STATE":"VA","COUNTY":"FAIRFAX","TYPE":"SUBSTATION","STATUS":"IN SERVICE","LATITUDE":38.979397877000054,"LONGITUDE":-77.361558653999964,"LINES":2,"MAX_VOLT":230,"MIN_VOLT":230,"SOURCE":"IMAGERY, http://www.pjm.com/system-map/default.html","SOURCEDATE":1409184000000,"VAL_METHOD":"IMAGERY","VAL_DATE":1427846400000}},{"type":"Feature","geometry":{"type":"Point","coordinates":[-77.2963791940012,38.7982307030032]},"properties":{"ID":"146787","NAME":"SIDEBURN","CITY":"FAIRFAX","STATE":"VA","COUNTY":"FAIRFAX","TYPE":"SUBSTATION","STATUS":"IN SERVICE","LATITUDE":38.798230703000058,"LONGITUDE":-77.29637919399994,"LINES":1,"MAX_VOLT":230,"MIN_VOLT":230,"SOURCE":"IMAGERY, http://www.pjm.com/system-map/default.html","SOURCEDATE":1409184000000,"VAL_METHOD":"IMAGERY","VAL_DATE":1427846400000}},{"type":"Feature","geometry":{"type":"Point","coordinates":[-77.3866386600013,38.8111985490032]},"properties":{"ID":"146790","NAME":"UNKNOWN146790","CITY":"CLIFTON","STATE":"VA","COUNTY":"FAIRFAX","TYPE":"SUBSTATION","STATUS":"IN SERVICE","LATITUDE":38.811198549000039,"LONGITUDE":-77.38663865999996,"LINES":-999999,"MAX_VOLT":-999999,"MIN_VOLT":-999999,"SOURCE":"OpenStreetMap","SOURCEDATE":1470268800000,"VAL_METHOD":"IMAGERY/OTHER","VAL_DATE":1494460800000}},{"type":"Feature","geometry":{"type":"Point","coordinates":[-77.3790756700013,38.9660766700032]},"properties":{"ID":"146791","NAME":"HEMDON","CITY":"HERNDON","STATE":"VA","COUNTY":"FAIRFAX","TYPE":"SUBSTATION","STATUS":"IN SERVICE","LATITUDE":38.966076670000064,"LONGITUDE":-77.379075669999963,"LINES":-999999,"MAX_VOLT":-999999,"MIN_VOLT":-999999,"SOURCE":"OpenStreetMap","SOURCEDATE":1470268800000,"VAL_METHOD":"IMAGERY/OTHER","VAL_DATE":1494460800000}},{"type":"Feature","geometry":{"type":"Point","coordinates":[-77.2712703150013,38.9071824570032]},"properties":{"ID":"146796","NAME":"CLARK","CITY":"VIENNA","STATE":"VA","COUNTY":"FAIRFAX","TYPE":"SUBSTATION","STATUS":"IN SERVICE","LATITUDE":38.907182457000033,"LONGITUDE":-77.271270314999981,"LINES":3,"MAX_VOLT":230,"MIN_VOLT":230,"SOURCE":"IMAGERY, OpenStreetMap","SOURCEDATE":1408665600000,"VAL_METHOD":"IMAGERY","VAL_DATE":1408665600000}},{"type":"Feature","geometry":{"type":"Point","coordinates":[-77.2948684860013,38.6924313780032]},"properties":{"ID":"146797","NAME":"LAKERIDGE","CITY":"WOODBRIDGE","STATE":"VA","COUNTY":"PRINCE WILLIAM","TYPE":"SUBSTATION","STATUS":"IN SERVICE","LATITUDE":38.692431378000038,"LONGITUDE":-77.294868485999984,"LINES":4,"MAX_VOLT":230,"MIN_VOLT":230,"SOURCE":"IMAGERY, OpenStreetMap","SOURCEDATE":1408665600000,"VAL_METHOD":"IMAGERY","VAL_DATE":1408665600000}},{"type":"Feature","geometry":{"type":"Point","coordinates":[-77.2825090970012,38.6547450170032]},"properties":{"ID":"146798","NAME":"WOODBRIDGE","CITY":"WOODBRIDGE","STATE":"VA","COUNTY":"PRINCE WILLIAM","TYPE":"SUBSTATION","STATUS":"IN SERVICE","LATITUDE":38.654745017000039,"LONGITUDE":-77.282509096999945,"LINES":4,"MAX_VOLT":230,"MIN_VOLT":230,"SOURCE":"IMAGERY, OpenStreetMap","SOURCEDATE":1409011200000,"VAL_METHOD":"IMAGERY","VAL_DATE":1409011200000}},{"type":"Feature","geometry":{"type":"Point","coordinates":[-77.3483491000012,38.6526697300032]},"properties":{"ID":"146799","NAME":"LINDENDALE D.P.","CITY":"WOODBRIDGE","STATE":"VA","COUNTY":"PRINCE WILLIAM","TYPE":"SUBSTATION","STATUS":"IN SERVICE","LATITUDE":38.652669730000071,"LONGITUDE":-77.34834909999995,"LINES":2,"MAX_VOLT":115,"MIN_VOLT":115,"SOURCE":"IMAGERY, OpenStreetMap","SOURCEDATE":1409011200000,"VAL_METHOD":"IMAGERY","VAL_DATE":1409011200000}},{"type":"Feature","geometry":{"type":"Point","coordinates":[-77.4607468670013,38.6325008240032]},"properties":{"ID":"146800","NAME":"INDEPENDENT HILL D.P.","CITY":"NOKESVILLE","STATE":"VA","COUNTY":"PRINCE WILLIAM","TYPE":"SUBSTATION","STATUS":"IN SERVICE","LATITUDE":38.632500824000033,"LONGITUDE":-77.460746866999955,"LINES":2,"MAX_VOLT":115,"MIN_VOLT":115,"SOURCE":"IMAGERY, OpenStreetMap","SOURCEDATE":1409011200000,"VAL_METHOD":"IMAGERY","VAL_DATE":1409011200000}},{"type":"Feature","geometry":{"type":"Point","coordinates":[-77.4605004920012,39.0234063850032]},"properties":{"ID":"146801","NAME":"NIVO","CITY":"ASHBURN","STATE":"VA","COUNTY":"LOUDOUN","TYPE":"SUBSTATION","STATUS":"IN SERVICE","LATITUDE":39.023406385000044,"LONGITUDE":-77.460500491999937,"LINES":2,"MAX_VOLT":-999999,"MIN_VOLT":-999999,"SOURCE":"IMAGERY, OpenStreetMap","SOURCEDATE":1409184000000,"VAL_METHOD":"IMAGERY","VAL_DATE":1409184000000}},{"type":"Feature","geometry":{"type":"Point","coordinates":[-78.9298496660014,36.7430506760032]},"properties":{"ID":"146903","NAME":"SINAI","CITY":"SOUTH BOSTON","STATE":"VA","COUNTY":"HALIFAX","TYPE":"SUBSTATION","STATUS":"IN SERVICE","LATITUDE":36.743050676000053,"LONGITUDE":-78.929849665999939,"LINES":2,"MAX_VOLT":115,"MIN_VOLT":115,"SOURCE":"IMAGERY, http://www.pjm.com/system-map/default.html","SOURCEDATE":1405296000000,"VAL_METHOD":"IMAGERY","VAL_DATE":1427846400000}},{"type":"Feature","geometry":{"type":"Point","coordinates":[-78.9238208170014,36.7806928710032]},"properties":{"ID":"146904","NAME":"HALIFAX","CITY":"HALIFAX","STATE":"VA","COUNTY":"HALIFAX","TYPE":"SUBSTATION","STATUS":"IN SERVICE","LATITUDE":36.780692871000042,"LONGITUDE":-78.923820816999978,"LINES":6,"MAX_VOLT":230,"MIN_VOLT":115,"SOURCE":"IMAGERY, http://www.pjm.com/system-map/default.html","SOURCEDATE":1405036800000,"VAL_METHOD":"IMAGERY","VAL_DATE":1427846400000}},{"type":"Feature","geometry":{"type":"Point","coordinates":[-78.9130108700014,36.7002951460032]},"properties":{"ID":"146905","NAME":"SOUTH BOSTON","CITY":"SOUTH BOSTON","STATE":"VA","COUNTY":"HALIFAX","TYPE":"SUBSTATION","STATUS":"IN SERVICE","LATITUDE":36.70029514600003,"LONGITUDE":-78.913010869999937,"LINES":2,"MAX_VOLT":115,"MIN_VOLT":115,"SOURCE":"IMAGERY, http://www.pjm.com/system-map/default.html","SOURCEDATE":1405036800000,"VAL_METHOD":"IMAGERY","VAL_DATE":1427846400000}},{"type":"Feature","geometry":{"type":"Point","coordinates":[-78.8764144230014,36.6977129860032]},"properties":{"ID":"146906","NAME":"REEDY CREEK","CITY":"SOUTH BOSTON","STATE":"VA","COUNTY":"HALIFAX","TYPE":"SUBSTATION","STATUS":"IN SERVICE","LATITUDE":36.697712986000056,"LONGITUDE":-78.876414422999972,"LINES":3,"MAX_VOLT":115,"MIN_VOLT":115,"SOURCE":"IMAGERY, http://www.pjm.com/system-map/default.html","SOURCEDATE":1405036800000,"VAL_METHOD":"IMAGERY","VAL_DATE":1427846400000}},{"type":"Feature","geometry":{"type":"Point","coordinates":[-78.9200933510014,36.6719655910032]},"properties":{"ID":"146907","NAME":"WELCO","CITY":"SOUTH BOSTON","STATE":"VA","COUNTY":"HALIFAX","TYPE":"SUBSTATION","STATUS":"IN SERVICE","LATITUDE":36.67196559100006,"LONGITUDE":-78.920093350999935,"LINES":1,"MAX_VOLT":115,"MIN_VOLT":115,"SOURCE":"IMAGERY, http://www.pjm.com/system-map/default.html","SOURCEDATE":1405036800000,"VAL_METHOD":"IMAGERY","VAL_DATE":1427846400000}},{"type":"Feature","geometry":{"type":"Point","coordinates":[-78.9119868260014,37.5111294960032]},"properties":{"ID":"146908","NAME":"RIVERVILLE","CITY":"GLADSTONE","STATE":"VA","COUNTY":"AMHERST","TYPE":"SUBSTATION","STATUS":"IN SERVICE","LATITUDE":37.511129496000081,"LONGITUDE":-78.911986825999975,"LINES":1,"MAX_VOLT":138,"MIN_VOLT":138,"SOURCE":"IMAGERY, http://www.pjm.com/system-map/default.html","SOURCEDATE":1426118400000,"VAL_METHOD":"IMAGERY","VAL_DATE":1426204800000}},{"type":"Feature","geometry":{"type":"Point","coordinates":[-78.8822805010014,38.4113241560031]},"properties":{"ID":"146909","NAME":"HARRISONBURG","CITY":"HARRISONBURG","STATE":"VA","COUNTY":"ROCKINGHAM","TYPE":"SUBSTATION","STATUS":"IN SERVICE","LATITUDE":38.411324156000035,"LONGITUDE":-78.882280500999968,"LINES":11,"MAX_VOLT":230,"MIN_VOLT":-999999,"SOURCE":"IMAGERY, http://www.pjm.com/system-map/default.html","SOURCEDATE":1426204800000,"VAL_METHOD":"IMAGERY","VAL_DATE":1426636800000}},{"type":"Feature","geometry":{"type":"Point","coordinates":[-78.9281521470014,38.4098401650031]},"properties":{"ID":"146910","NAME":"DAYTON","CITY":"HARRISONBURG","STATE":"VA","COUNTY":"ROCKINGHAM","TYPE":"SUBSTATION","STATUS":"IN SERVICE","LATITUDE":38.409840165000048,"LONGITUDE":-78.928152146999935,"LINES":2,"MAX_VOLT":230,"MIN_VOLT":230,"SOURCE":"IMAGERY, http://www.pjm.com/system-map/default.html","SOURCEDATE":1426204800000,"VAL_METHOD":"IMAGERY","VAL_DATE":1426636800000}},{"type":"Feature","geometry":{"type":"Point","coordinates":[-78.9059083490014,38.2828937060031]},"properties":{"ID":"146911","NAME":"WEYERS CAVE","CITY":"WEYERS CAVE","STATE":"VA","COUNTY":"AUGUSTA","TYPE":"SUBSTATION","STATUS":"IN SERVICE","LATITUDE":38.282893706000038,"LONGITUDE":-78.905908348999958,"LINES":2,"MAX_VOLT":115,"MIN_VOLT":115,"SOURCE":"IMAGERY, http://www.pjm.com/system-map/default.html","SOURCEDATE":1426464000000,"VAL_METHOD":"IMAGERY","VAL_DATE":1426550400000}},{"type":"Feature","geometry":{"type":"Point","coordinates":[-78.8854804500014,38.3814437930031]},"properties":{"ID":"146912","NAME":"PEACH GROVE D.P.","CITY":"HARRISONBURG","STATE":"VA","COUNTY":"ROCKINGHAM","TYPE":"SUBSTATION","STATUS":"IN SERVICE","LATITUDE":38.381443793000074,"LONGITUDE":-78.885480449999989,"LINES":1,"MAX_VOLT":115,"MIN_VOLT":115,"SOURCE":"IMAGERY, http://www.pjm.com/system-map/default.html","SOURCEDATE":1426550400000,"VAL_METHOD":"IMAGERY","VAL_DATE":1426636800000}},{"type":"Feature","geometry":{"type":"Point","coordinates":[-78.8965632660014,38.3475967420032]},"properties":{"ID":"146913","NAME":"NORTH RIVER D.P.","CITY":"MT CRAWFORD","STATE":"VA","COUNTY":"ROCKINGHAM","TYPE":"SUBSTATION","STATUS":"IN SERVICE","LATITUDE":38.347596742000064,"LONGITUDE":-78.896563265999987,"LINES":2,"MAX_VOLT":115,"MIN_VOLT":115,"SOURCE":"IMAGERY, http://www.pjm.com/system-map/default.html","SOURCEDATE":1426550400000,"VAL_METHOD":"IMAGERY","VAL_DATE":1426636800000}},{"type":"Feature","geometry":{"type":"Point","coordinates":[-78.9391115210014,36.8409701250032]},"properties":{"ID":"146923","NAME":"TAP146923","CITY":"CRYSTAL HILL","STATE":"VA","COUNTY":"HALIFAX","TYPE":"TAP","STATUS":"IN SERVICE","LATITUDE":36.840970125000069,"LONGITUDE":-78.939111520999973,"LINES":3,"MAX_VOLT":115,"MIN_VOLT":115,"SOURCE":"IMAGERY","SOURCEDATE":1405036800000,"VAL_METHOD":"IMAGERY/OTHER","VAL_DATE":1439510400000}},{"type":"Feature","geometry":{"type":"Point","coordinates":[-78.9352494400014,36.8252664770032]},"properties":{"ID":"146924","NAME":"TAP146924","CITY":"BATON ROUGE","STATE":"VA","COUNTY":"HALIFAX","TYPE":"TAP","STATUS":"IN SERVICE","LATITUDE":36.825266477000071,"LONGITUDE":-78.93524943999995,"LINES":3,"MAX_VOLT":115,"MIN_VOLT":115,"SOURCE":"IMAGERY","SOURCEDATE":1405036800000,"VAL_METHOD":"IMAGERY/OTHER","VAL_DATE":1439510400000}},{"type":"Feature","geometry":{"type":"Point","coordinates":[-78.8799488630014,38.0602619680032]},"properties":{"ID":"146946","NAME":"WAYNESBORO","CITY":"WAYNESBORO","STATE":"VA","COUNTY":"WAYNESBORO","TYPE":"SUBSTATION","STATUS":"IN SERVICE","LATITUDE":38.060261968000077,"LONGITUDE":-78.879948862999981,"LINES":2,"MAX_VOLT":115,"MIN_VOLT":115,"SOURCE":"IMAGERY, OpenStreetMap, https://www.pjm.com/-/media/committees-groups/committees/teac/20180712/20180712-teac-reliability-analysis-update.ashx","SOURCEDATE":1426464000000,"VAL_METHOD":"IMAGERY","VAL_DATE":1552521600000}},{"type":"Feature","geometry":{"type":"Point","coordinates":[-78.8808620410014,38.0611922970031]},"properties":{"ID":"146947","NAME":"DUPONT WAYNESBORO","CITY":"WAYNESBORO","STATE":"VA","COUNTY":"WAYNESBORO","TYPE":"SUBSTATION","STATUS":"IN SERVICE","LATITUDE":38.061192297000048,"LONGITUDE":-78.880862040999943,"LINES":4,"MAX_VOLT":115,"MIN_VOLT":-999999,"SOURCE":"IMAGERY, OpenStreetMap","SOURCEDATE":1426464000000,"VAL_METHOD":"IMAGERY","VAL_DATE":1426464000000}},{"type":"Feature","geometry":{"type":"Point","coordinates":[-79.5712806780014,37.1321908400032]},"properties":{"ID":"146985","NAME":"ROCKCASTLE","CITY":"MONETA","STATE":"VA","COUNTY":"BEDFORD","TYPE":"SUBSTATION","STATUS":"IN SERVICE","LATITUDE":37.132190840000078,"LONGITUDE":-79.571280677999937,"LINES":4,"MAX_VOLT":138,"MIN_VOLT":138,"SOURCE":"IMAGERY, http://www.pjm.com/system-map/default.html","SOURCEDATE":1404259200000,"VAL_METHOD":"IMAGERY","VAL_DATE":1427846400000}},{"type":"Feature","geometry":{"type":"Point","coordinates":[-79.7071937560015,36.6351493360032]},"properties":{"ID":"146986","NAME":"AXTON","CITY":"AXTON","STATE":"VA","COUNTY":"HENRY","TYPE":"SUBSTATION","STATUS":"IN SERVICE","LATITUDE":36.63514933600004,"LONGITUDE":-79.707193755999981,"LINES":4,"MAX_VOLT":-999999,"MIN_VOLT":-999999,"SOURCE":"IMAGERY, http://www.pjm.com/system-map/default.html","SOURCEDATE":1404691200000,"VAL_METHOD":"IMAGERY","VAL_DATE":1427846400000}},{"type":"Feature","geometry":{"type":"Point","coordinates":[-79.6165323220014,36.9788484070031]},"properties":{"ID":"146987","NAME":"PENHOOK","CITY":"PENHOOK","STATE":"VA","COUNTY":"FRANKLIN","TYPE":"SUBSTATION","STATUS":"IN SERVICE","LATITUDE":36.978848407000044,"LONGITUDE":-79.616532321999955,"LINES":2,"MAX_VOLT":138,"MIN_VOLT":138,"SOURCE":"IMAGERY, http://www.pjm.com/system-map/default.html","SOURCEDATE":1425600000000,"VAL_METHOD":"IMAGERY","VAL_DATE":1427846400000}},{"type":"Feature","geometry":{"type":"Point","coordinates":[-79.6174494710015,37.1952638780031]},"properties":{"ID":"146988","NAME":"MONETA","CITY":"MONETA","STATE":"VA","COUNTY":"BEDFORD","TYPE":"SUBSTATION","STATUS":"IN SERVICE","LATITUDE":37.195263878000048,"LONGITUDE":-79.617449470999986,"LINES":2,"MAX_VOLT":138,"MIN_VOLT":138,"SOURCE":"IMAGERY, http://www.pjm.com/system-map/default.html","SOURCEDATE":1426032000000,"VAL_METHOD":"IMAGERY","VAL_DATE":1427846400000}},{"type":"Feature","geometry":{"type":"Point","coordinates":[-79.5657835260014,37.3523293880032]},"properties":{"ID":"146989","NAME":"MOSELEY","CITY":"BEDFORD","STATE":"VA","COUNTY":"BEDFORD","TYPE":"SUBSTATION","STATUS":"IN SERVICE","LATITUDE":37.352329388000044,"LONGITUDE":-79.565783525999962,"LINES":3,"MAX_VOLT":138,"MIN_VOLT":138,"SOURCE":"IMAGERY, http://www.pjm.com/system-map/default.html","SOURCEDATE":1426118400000,"VAL_METHOD":"IMAGERY","VAL_DATE":1426204800000}},{"type":"Feature","geometry":{"type":"Point","coordinates":[-79.5434799070014,37.7512778670031]},"properties":{"ID":"146997","NAME":"TAP146997","CITY":"LEXINGTON","STATE":"VA","COUNTY":"ROCKBRIDGE","TYPE":"TAP","STATUS":"IN SERVICE","LATITUDE":37.751277867000056,"LONGITUDE":-79.543479906999949,"LINES":3,"MAX_VOLT":115,"MIN_VOLT":115,"SOURCE":"IMAGERY","SOURCEDATE":1404259200000,"VAL_METHOD":"IMAGERY/OTHER","VAL_DATE":1439510400000}},{"type":"Feature","geometry":{"type":"Point","coordinates":[-79.6696153060015,36.5459746600032]},"properties":{"ID":"146998","NAME":"TAP146998","CITY":"EDEN","STATE":"VA","COUNTY":"PITTSYLVANIA","TYPE":"TAP","STATUS":"IN SERVICE","LATITUDE":36.54597466000007,"LONGITUDE":-79.669615305999969,"LINES":3,"MAX_VOLT":-999999,"MIN_VOLT":-999999,"SOURCE":"IMAGERY","SOURCEDATE":1404950400000,"VAL_METHOD":"IMAGERY/OTHER","VAL_DATE":1439510400000}},{"type":"Feature","geometry":{"type":"Point","coordinates":[-79.7047789010014,36.6345503070032]},"properties":{"ID":"147028","NAME":"AXTON","CITY":"AXTON","STATE":"VA","COUNTY":"HENRY","TYPE":"SUBSTATION","STATUS":"IN SERVICE","LATITUDE":36.63455030700004,"LONGITUDE":-79.704778900999941,"LINES":1,"MAX_VOLT":765,"MIN_VOLT":765,"SOURCE":"IMAGERY, OpenStreetMap","SOURCEDATE":1404691200000,"VAL_METHOD":"IMAGERY","VAL_DATE":1404691200000}},{"type":"Feature","geometry":{"type":"Point","coordinates":[-76.2929889870012,36.7657216550033]},"properties":{"ID":"147030","NAME":"TAP147030","CITY":"CHESAPEAKE","STATE":"VA","COUNTY":"CHESAPEAKE","TYPE":"TAP","STATUS":"IN SERVICE","LATITUDE":36.76572165500005,"LONGITUDE":-76.292988986999944,"LINES":3,"MAX_VOLT":115,"MIN_VOLT":115,"SOURCE":"IMAGERY","SOURCEDATE":1470096000000,"VAL_METHOD":"IMAGERY","VAL_DATE":1470096000000}},{"type":"Feature","geometry":{"type":"Point","coordinates":[-76.1320457180012,36.8998498780033]},"properties":{"ID":"147031","NAME":"TAP147031","CITY":"VIRGINIA BEACH","STATE":"VA","COUNTY":"VIRGINIA BEACH","TYPE":"TAP","STATUS":"IN SERVICE","LATITUDE":36.899849878000055,"LONGITUDE":-76.132045717999972,"LINES":3,"MAX_VOLT":115,"MIN_VOLT":115,"SOURCE":"IMAGERY","SOURCEDATE":1470096000000,"VAL_METHOD":"IMAGERY","VAL_DATE":1470096000000}},{"type":"Feature","geometry":{"type":"Point","coordinates":[-76.6222027500012,36.7246811490033]},"properties":{"ID":"147032","NAME":"OAK RIDGE","CITY":"SUFFOLK","STATE":"VA","COUNTY":"SUFFOLK","TYPE":"SUBSTATION","STATUS":"IN SERVICE","LATITUDE":36.724681149000048,"LONGITUDE":-76.622202749999985,"LINES":3,"MAX_VOLT":230,"MIN_VOLT":-999999,"SOURCE":"IMAGERY, http://www.pjm.com/system-map/default.html","SOURCEDATE":1405468800000,"VAL_METHOD":"IMAGERY","VAL_DATE":1427846400000}},{"type":"Feature","geometry":{"type":"Point","coordinates":[-76.6023396910012,36.7843035970033]},"properties":{"ID":"147033","NAME":"KINGS FORK","CITY":"SUFFOLK","STATE":"VA","COUNTY":"SUFFOLK","TYPE":"SUBSTATION","STATUS":"IN SERVICE","LATITUDE":36.784303597000076,"LONGITUDE":-76.602339690999941,"LINES":3,"MAX_VOLT":230,"MIN_VOLT":230,"SOURCE":"IMAGERY, http://www.pjm.com/system-map/default.html","SOURCEDATE":1405555200000,"VAL_METHOD":"IMAGERY","VAL_DATE":1427846400000}},{"type":"Feature","geometry":{"type":"Point","coordinates":[-76.3057772100012,36.7661053590033]},"properties":{"ID":"147080","NAME":"TAP147080","CITY":"CHESAPEAKE","STATE":"VA","COUNTY":"CHESAPEAKE","TYPE":"TAP","STATUS":"NOT AVAILABLE","LATITUDE":36.766105359000051,"LONGITUDE":-76.305777209999974,"LINES":1,"MAX_VOLT":230,"MIN_VOLT":230,"SOURCE":"IMAGERY","SOURCEDATE":1443398400000,"VAL_METHOD":"UNVERIFIED","VAL_DATE":1494460800000}},{"type":"Feature","geometry":{"type":"Point","coordinates":[-76.5863609790012,36.8957043840033]},"properties":{"ID":"147034","NAME":"CHUCKATUCK","CITY":"SMITHFIELD","STATE":"VA","COUNTY":"ISLE OF WIGHT","TYPE":"SUBSTATION","STATUS":"IN SERVICE","LATITUDE":36.895704384000055,"LONGITUDE":-76.586360978999949,"LINES":3,"MAX_VOLT":230,"MIN_VOLT":230,"SOURCE":"IMAGERY, http://www.pjm.com/system-map/default.html","SOURCEDATE":1405555200000,"VAL_METHOD":"IMAGERY","VAL_DATE":1427846400000}},{"type":"Feature","geometry":{"type":"Point","coordinates":[-76.5250595860012,36.8834427260033]},"properties":{"ID":"147035","NAME":"CRITTENDEN","CITY":"SUFFOLK","STATE":"VA","COUNTY":"SUFFOLK","TYPE":"SUBSTATION","STATUS":"IN SERVICE","LATITUDE":36.883442726000055,"LONGITUDE":-76.525059585999941,"LINES":1,"MAX_VOLT":230,"MIN_VOLT":230,"SOURCE":"IMAGERY, http://www.pjm.com/system-map/default.html","SOURCEDATE":1405555200000,"VAL_METHOD":"IMAGERY","VAL_DATE":1427846400000}},{"type":"Feature","geometry":{"type":"Point","coordinates":[-76.5804688690012,36.7103221000033]},"properties":{"ID":"147036","NAME":"SUFFOLK","CITY":"SUFFOLK","STATE":"VA","COUNTY":"SUFFOLK","TYPE":"SUBSTATION","STATUS":"IN SERVICE","LATITUDE":36.710322100000042,"LONGITUDE":-76.580468868999958,"LINES":10,"MAX_VOLT":500,"MIN_VOLT":-999999,"SOURCE":"IMAGERY, http://www.pjm.com/system-map/default.html","SOURCEDATE":1405641600000,"VAL_METHOD":"IMAGERY","VAL_DATE":1427846400000}},{"type":"Feature","geometry":{"type":"Point","coordinates":[-76.3547147580012,36.7629790410033]},"properties":{"ID":"147037","NAME":"YADKIN","CITY":"CHESAPEAKE","STATE":"VA","COUNTY":"CHESAPEAKE","TYPE":"SUBSTATION","STATUS":"IN SERVICE","LATITUDE":36.762979041000051,"LONGITUDE":-76.354714757999943,"LINES":13,"MAX_VOLT":500,"MIN_VOLT":-999999,"SOURCE":"IMAGERY, http://www.pjm.com/system-map/default.html","SOURCEDATE":1405900800000,"VAL_METHOD":"IMAGERY","VAL_DATE":1427846400000}},{"type":"Feature","geometry":{"type":"Point","coordinates":[-76.3769363460012,36.8710675650032]},"properties":{"ID":"147038","NAME":"CHURCHLAND","CITY":"PORTSMOUTH","STATE":"VA","COUNTY":"PORTSMOUTH","TYPE":"SUBSTATION","STATUS":"IN SERVICE","LATITUDE":36.871067565000033,"LONGITUDE":-76.376936345999979,"LINES":6,"MAX_VOLT":230,"MIN_VOLT":-999999,"SOURCE":"IMAGERY, http://www.pjm.com/system-map/default.html","SOURCEDATE":1405900800000,"VAL_METHOD":"IMAGERY","VAL_DATE":1427846400000}},{"type":"Feature","geometry":{"type":"Point","coordinates":[-76.1900286670012,36.6904541570033]},"properties":{"ID":"147039","NAME":"FENTRESS","CITY":"CHESAPEAKE","STATE":"VA","COUNTY":"CHESAPEAKE","TYPE":"SUBSTATION","STATUS":"IN SERVICE","LATITUDE":36.690454157000033,"LONGITUDE":-76.190028666999979,"LINES":7,"MAX_VOLT":500,"MIN_VOLT":115,"SOURCE":"IMAGERY, http://www.pjm.com/system-map/default.html","SOURCEDATE":1405900800000,"VAL_METHOD":"IMAGERY","VAL_DATE":1427846400000}},{"type":"Feature","geometry":{"type":"Point","coordinates":[-76.2369179430012,36.6436479230033]},"properties":{"ID":"147040","NAME":"HICKORY","CITY":"CHESAPEAKE","STATE":"VA","COUNTY":"CHESAPEAKE","TYPE":"SUBSTATION","STATUS":"IN SERVICE","LATITUDE":36.64364792300006,"LONGITUDE":-76.23691794299998,"LINES":3,"MAX_VOLT":230,"MIN_VOLT":115,"SOURCE":"IMAGERY, http://www.pjm.com/system-map/default.html","SOURCEDATE":1405900800000,"VAL_METHOD":"IMAGERY","VAL_DATE":1427846400000}},{"type":"Feature","geometry":{"type":"Point","coordinates":[-76.3434602790012,36.7642975840033]},"properties":{"ID":"147041","NAME":"DEEP CREEK","CITY":"CHESAPEAKE","STATE":"VA","COUNTY":"CHESAPEAKE","TYPE":"SUBSTATION","STATUS":"IN SERVICE","LATITUDE":36.764297584000076,"LONGITUDE":-76.343460278999942,"LINES":2,"MAX_VOLT":115,"MIN_VOLT":115,"SOURCE":"IMAGERY, http://www.pjm.com/system-map/default.html","SOURCEDATE":1405900800000,"VAL_METHOD":"IMAGERY","VAL_DATE":1427846400000}},{"type":"Feature","geometry":{"type":"Point","coordinates":[-76.3034760000012,36.7710000010033]},"properties":{"ID":"147042","NAME":"CHESAPEAKE ENERGY CENTER","CITY":"CHESAPEAKE","STATE":"VA","COUNTY":"CHESAPEAKE","TYPE":"SUBSTATION","STATUS":"IN SERVICE","LATITUDE":36.771000001000061,"LONGITUDE":-76.303475999999989,"LINES":10,"MAX_VOLT":230,"MIN_VOLT":115,"SOURCE":"IMAGERY, http://www.pjm.com/system-map/default.html","SOURCEDATE":1405987200000,"VAL_METHOD":"IMAGERY","VAL_DATE":1553472000000}},{"type":"Feature","geometry":{"type":"Point","coordinates":[-76.3120723790012,36.7948270180033]},"properties":{"ID":"147043","NAME":"GOSPORT","CITY":"PORTSMOUTH","STATE":"VA","COUNTY":"CHESAPEAKE","TYPE":"SUBSTATION","STATUS":"IN SERVICE","LATITUDE":36.794827018000035,"LONGITUDE":-76.312072378999972,"LINES":3,"MAX_VOLT":115,"MIN_VOLT":115,"SOURCE":"IMAGERY, http://www.pjm.com/system-map/default.html","SOURCEDATE":1405987200000,"VAL_METHOD":"IMAGERY","VAL_DATE":1427846400000}},{"type":"Feature","geometry":{"type":"Point","coordinates":[-76.3537328330012,36.8701677790032]},"properties":{"ID":"147044","NAME":"LAKE KINGMAN","CITY":"PORTSMOUTH","STATE":"VA","COUNTY":"PORTSMOUTH","TYPE":"SUBSTATION","STATUS":"IN SERVICE","LATITUDE":36.870167779000042,"LONGITUDE":-76.353732832999981,"LINES":2,"MAX_VOLT":230,"MIN_VOLT":230,"SOURCE":"IMAGERY, http://www.pjm.com/system-map/default.html","SOURCEDATE":1406073600000,"VAL_METHOD":"IMAGERY","VAL_DATE":1427846400000}},{"type":"Feature","geometry":{"type":"Point","coordinates":[-76.3449939420012,36.8941104110033]},"properties":{"ID":"147045","NAME":"CRANEY ISLAND","CITY":"PORTSMOUTH","STATE":"VA","COUNTY":"PORTSMOUTH","TYPE":"SUBSTATION","STATUS":"IN SERVICE","LATITUDE":36.894110411000042,"LONGITUDE":-76.344993941999974,"LINES":2,"MAX_VOLT":230,"MIN_VOLT":230,"SOURCE":"IMAGERY, http://www.pjm.com/system-map/default.html","SOURCEDATE":1406073600000,"VAL_METHOD":"IMAGERY","VAL_DATE":1427846400000}},{"type":"Feature","geometry":{"type":"Point","coordinates":[-76.2731809540012,36.8420405850033]},"properties":{"ID":"147046","NAME":"REEVES AVE","CITY":"NORFOLK","STATE":"VA","COUNTY":"NORFOLK","TYPE":"SUBSTATION","STATUS":"IN SERVICE","LATITUDE":36.842040585000063,"LONGITUDE":-76.27318095399994,"LINES":7,"MAX_VOLT":230,"MIN_VOLT":-999999,"SOURCE":"IMAGERY, http://www.pjm.com/system-map/default.html","SOURCEDATE":1406073600000,"VAL_METHOD":"IMAGERY","VAL_DATE":1427846400000}},{"type":"Feature","geometry":{"type":"Point","coordinates":[-76.2485272790012,36.8638996620033]},"properties":{"ID":"147047","NAME":"INDUSTRIAL PARK","CITY":"NORFOLK","STATE":"VA","COUNTY":"NORFOLK","TYPE":"SUBSTATION","STATUS":"IN SERVICE","LATITUDE":36.863899662000051,"LONGITUDE":-76.248527278999973,"LINES":4,"MAX_VOLT":230,"MIN_VOLT":-999999,"SOURCE":"IMAGERY, http://www.pjm.com/system-map/default.html","SOURCEDATE":1406160000000,"VAL_METHOD":"IMAGERY","VAL_DATE":1427846400000}},{"type":"Feature","geometry":{"type":"Point","coordinates":[-76.1749799740012,36.8417656180033]},"properties":{"ID":"147048","NAME":"GREENWICH","CITY":"VIRGINIA BEACH","STATE":"VA","COUNTY":"VIRGINIA BEACH","TYPE":"SUBSTATION","STATUS":"IN SERVICE","LATITUDE":36.841765618000068,"LONGITUDE":-76.174979973999939,"LINES":9,"MAX_VOLT":230,"MIN_VOLT":115,"SOURCE":"IMAGERY, http://www.pjm.com/system-map/default.html","SOURCEDATE":1406160000000,"VAL_METHOD":"IMAGERY","VAL_DATE":1427846400000}},{"type":"Feature","geometry":{"type":"Point","coordinates":[-76.1344453860012,36.8395101570033]},"properties":{"ID":"147049","NAME":"THALIA","CITY":"VIRGINIA BEACH","STATE":"VA","COUNTY":"VIRGINIA BEACH","TYPE":"SUBSTATION","STATUS":"IN SERVICE","LATITUDE":36.839510157000063,"LONGITUDE":-76.134445385999982,"LINES":2,"MAX_VOLT":230,"MIN_VOLT":230,"SOURCE":"IMAGERY, http://www.pjm.com/system-map/default.html","SOURCEDATE":1406160000000,"VAL_METHOD":"IMAGERY","VAL_DATE":1427846400000}},{"type":"Feature","geometry":{"type":"Point","coordinates":[-76.1072846710012,36.7979228650033]},"properties":{"ID":"147050","NAME":"GREEN RUN","CITY":"VIRGINIA BEACH","STATE":"VA","COUNTY":"VIRGINIA BEACH","TYPE":"SUBSTATION","STATUS":"IN SERVICE","LATITUDE":36.797922865000032,"LONGITUDE":-76.107284670999945,"LINES":2,"MAX_VOLT":230,"MIN_VOLT":230,"SOURCE":"IMAGERY, http://www.pjm.com/system-map/default.html","SOURCEDATE":1406160000000,"VAL_METHOD":"IMAGERY","VAL_DATE":1427846400000}},{"type":"Feature","geometry":{"type":"Point","coordinates":[-76.0752562730012,36.8383751290033]},"properties":{"ID":"147051","NAME":"LYNNHAVEN","CITY":"VIRGINIA BEACH","STATE":"VA","COUNTY":"VIRGINIA BEACH","TYPE":"SUBSTATION","STATUS":"IN SERVICE","LATITUDE":36.838375129000042,"LONGITUDE":-76.07525627299998,"LINES":4,"MAX_VOLT":230,"MIN_VOLT":230,"SOURCE":"IMAGERY, http://www.pjm.com/system-map/default.html","SOURCEDATE":1406160000000,"VAL_METHOD":"IMAGERY","VAL_DATE":1427846400000}},{"type":"Feature","geometry":{"type":"Point","coordinates":[-76.0196810410012,36.7719561140033]},"properties":{"ID":"147052","NAME":"LONDON BRIDGE","CITY":"VIRGINIA BEACH","STATE":"VA","COUNTY":"VIRGINIA BEACH","TYPE":"SUBSTATION","STATUS":"IN SERVICE","LATITUDE":36.771956114000034,"LONGITUDE":-76.019681040999956,"LINES":1,"MAX_VOLT":230,"MIN_VOLT":230,"SOURCE":"IMAGERY, http://www.pjm.com/system-map/default.html","SOURCEDATE":1406160000000,"VAL_METHOD":"IMAGERY","VAL_DATE":1427846400000}},{"type":"Feature","geometry":{"type":"Point","coordinates":[-75.9984210420012,36.7903860510033]},"properties":{"ID":"147053","NAME":"PENDLETON","CITY":"VIRGINIA BEACH","STATE":"VA","COUNTY":"VIRGINIA BEACH","TYPE":"SUBSTATION","STATUS":"IN SERVICE","LATITUDE":36.790386051000041,"LONGITUDE":-75.998421041999961,"LINES":2,"MAX_VOLT":230,"MIN_VOLT":230,"SOURCE":"IMAGERY, http://www.pjm.com/system-map/default.html","SOURCEDATE":1406160000000,"VAL_METHOD":"IMAGERY","VAL_DATE":1427846400000}},{"type":"Feature","geometry":{"type":"Point","coordinates":[-76.2580670820012,36.9000616910033]},"properties":{"ID":"147054","NAME":"THOLE STREET","CITY":"NORFOLK","STATE":"VA","COUNTY":"NORFOLK","TYPE":"SUBSTATION","STATUS":"IN SERVICE","LATITUDE":36.900061691000076,"LONGITUDE":-76.258067081999968,"LINES":4,"MAX_VOLT":-999999,"MIN_VOLT":-999999,"SOURCE":"IMAGERY, http://www.pjm.com/system-map/default.html","SOURCEDATE":1406246400000,"VAL_METHOD":"IMAGERY","VAL_DATE":1427846400000}},{"type":"Feature","geometry":{"type":"Point","coordinates":[-76.2373345010012,36.9097886800033]},"properties":{"ID":"147055","NAME":"OAKWOOD","CITY":"NORFOLK","STATE":"VA","COUNTY":"NORFOLK","TYPE":"SUBSTATION","STATUS":"IN SERVICE","LATITUDE":36.909788680000077,"LONGITUDE":-76.237334500999964,"LINES":4,"MAX_VOLT":-999999,"MIN_VOLT":-999999,"SOURCE":"IMAGERY, http://www.pjm.com/system-map/default.html","SOURCEDATE":1406246400000,"VAL_METHOD":"IMAGERY","VAL_DATE":1427846400000}},{"type":"Feature","geometry":{"type":"Point","coordinates":[-76.3225737900012,36.9058266510032]},"properties":{"ID":"147056","NAME":"TANNERS POINT","CITY":"NORFOLK","STATE":"VA","COUNTY":"NORFOLK","TYPE":"SUBSTATION","STATUS":"IN SERVICE","LATITUDE":36.905826651000041,"LONGITUDE":-76.322573789999979,"LINES":2,"MAX_VOLT":-999999,"MIN_VOLT":-999999,"SOURCE":"IMAGERY, http://www.pjm.com/system-map/default.html","SOURCEDATE":1406246400000,"VAL_METHOD":"IMAGERY","VAL_DATE":1427846400000}},{"type":"Feature","geometry":{"type":"Point","coordinates":[-76.2985046930012,36.8741860410032]},"properties":{"ID":"147057","NAME":"MCLAUGHLIN","CITY":"NORFOLK","STATE":"VA","COUNTY":"NORFOLK","TYPE":"SUBSTATION","STATUS":"IN SERVICE","LATITUDE":36.87418604100003,"LONGITUDE":-76.298504692999984,"LINES":1,"MAX_VOLT":-999999,"MIN_VOLT":-999999,"SOURCE":"IMAGERY, http://www.pjm.com/system-map/default.html","SOURCEDATE":1406246400000,"VAL_METHOD":"IMAGERY","VAL_DATE":1427846400000}},{"type":"Feature","geometry":{"type":"Point","coordinates":[-76.5253448370012,36.8826589900033]},"properties":{"ID":"147063","NAME":"TAP147063","CITY":"SUFFOLK","STATE":"VA","COUNTY":"SUFFOLK","TYPE":"TAP","STATUS":"IN SERVICE","LATITUDE":36.882658990000039,"LONGITUDE":-76.525344836999977,"LINES":3,"MAX_VOLT":230,"MIN_VOLT":230,"SOURCE":"IMAGERY","SOURCEDATE":1405555200000,"VAL_METHOD":"IMAGERY/OTHER","VAL_DATE":1439510400000}},{"type":"Feature","geometry":{"type":"Point","coordinates":[-76.3976130900012,36.7943536600033]},"properties":{"ID":"147064","NAME":"TAP147064","CITY":"CHESAPEAKE","STATE":"VA","COUNTY":"CHESAPEAKE","TYPE":"TAP","STATUS":"IN SERVICE","LATITUDE":36.79435366000007,"LONGITUDE":-76.397613089999936,"LINES":3,"MAX_VOLT":-999999,"MIN_VOLT":-999999,"SOURCE":"IMAGERY","SOURCEDATE":1405900800000,"VAL_METHOD":"IMAGERY/OTHER","VAL_DATE":1439510400000}},{"type":"Feature","geometry":{"type":"Point","coordinates":[-76.4199174750012,36.8286660840033]},"properties":{"ID":"147065","NAME":"TAP147065","CITY":"CHESAPEAKE","STATE":"VA","COUNTY":"CHESAPEAKE","TYPE":"TAP","STATUS":"IN SERVICE","LATITUDE":36.828666084000076,"LONGITUDE":-76.419917474999977,"LINES":3,"MAX_VOLT":-999999,"MIN_VOLT":-999999,"SOURCE":"IMAGERY","SOURCEDATE":1405900800000,"VAL_METHOD":"IMAGERY/OTHER","VAL_DATE":1439510400000}},{"type":"Feature","geometry":{"type":"Point","coordinates":[-76.3437590610012,36.7642038370033]},"properties":{"ID":"147066","NAME":"TAP147066","CITY":"CHESAPEAKE","STATE":"VA","COUNTY":"CHESAPEAKE","TYPE":"TAP","STATUS":"IN SERVICE","LATITUDE":36.764203837000025,"LONGITUDE":-76.343759060999957,"LINES":3,"MAX_VOLT":115,"MIN_VOLT":115,"SOURCE":"IMAGERY","SOURCEDATE":1405900800000,"VAL_METHOD":"IMAGERY/OTHER","VAL_DATE":1439510400000}},{"type":"Feature","geometry":{"type":"Point","coordinates":[-76.3438050520012,36.7643698280033]},"properties":{"ID":"147067","NAME":"TAP147067","CITY":"CHESAPEAKE","STATE":"VA","COUNTY":"CHESAPEAKE","TYPE":"TAP","STATUS":"IN SERVICE","LATITUDE":36.764369828000042,"LONGITUDE":-76.343805051999936,"LINES":3,"MAX_VOLT":115,"MIN_VOLT":115,"SOURCE":"IMAGERY","SOURCEDATE":1405900800000,"VAL_METHOD":"IMAGERY/OTHER","VAL_DATE":1439510400000}},{"type":"Feature","geometry":{"type":"Point","coordinates":[-76.2527449840012,36.7911291850033]},"properties":{"ID":"147070","NAME":"TAP147070","CITY":"CHESAPEAKE","STATE":"VA","COUNTY":"CHESAPEAKE","TYPE":"TAP","STATUS":"IN SERVICE","LATITUDE":36.791129185000045,"LONGITUDE":-76.252744983999946,"LINES":3,"MAX_VOLT":115,"MIN_VOLT":115,"SOURCE":"IMAGERY","SOURCEDATE":1406073600000,"VAL_METHOD":"IMAGERY/OTHER","VAL_DATE":1439510400000}},{"type":"Feature","geometry":{"type":"Point","coordinates":[-76.0190956930011,36.7711090260033]},"properties":{"ID":"147075","NAME":"TAP147075","CITY":"VIRGINIA BEACH","STATE":"VA","COUNTY":"VIRGINIA BEACH","TYPE":"TAP","STATUS":"IN SERVICE","LATITUDE":36.771109026000033,"LONGITUDE":-76.01909569299994,"LINES":3,"MAX_VOLT":230,"MIN_VOLT":230,"SOURCE":"IMAGERY","SOURCEDATE":1406160000000,"VAL_METHOD":"IMAGERY/OTHER","VAL_DATE":1439510400000}},{"type":"Feature","geometry":{"type":"Point","coordinates":[-76.1819324610012,36.9040918540033]},"properties":{"ID":"147076","NAME":"TAP147076","CITY":"VIRGINIA BEACH","STATE":"VA","COUNTY":"VIRGINIA BEACH","TYPE":"TAP","STATUS":"IN SERVICE","LATITUDE":36.904091854000058,"LONGITUDE":-76.181932460999974,"LINES":3,"MAX_VOLT":115,"MIN_VOLT":115,"SOURCE":"IMAGERY","SOURCEDATE":1406160000000,"VAL_METHOD":"IMAGERY/OTHER","VAL_DATE":1452211200000}},{"type":"Feature","geometry":{"type":"Point","coordinates":[-76.0707934900012,36.9099314470033]},"properties":{"ID":"147077","NAME":"TAP147077","CITY":"VIRGINIA BEACH","STATE":"VA","COUNTY":"VIRGINIA BEACH","TYPE":"TAP","STATUS":"IN SERVICE","LATITUDE":36.909931447000076,"LONGITUDE":-76.070793489999971,"LINES":3,"MAX_VOLT":115,"MIN_VOLT":115,"SOURCE":"IMAGERY","SOURCEDATE":1406160000000,"VAL_METHOD":"IMAGERY/OTHER","VAL_DATE":1439510400000}},{"type":"Feature","geometry":{"type":"Point","coordinates":[-76.3052492510012,36.7675667390033]},"properties":{"ID":"147078","NAME":"TAP147078","CITY":"CHESAPEAKE","STATE":"VA","COUNTY":"CHESAPEAKE","TYPE":"TAP","STATUS":"IN SERVICE","LATITUDE":36.767566739000074,"LONGITUDE":-76.305249250999964,"LINES":3,"MAX_VOLT":115,"MIN_VOLT":115,"SOURCE":"IMAGERY","SOURCEDATE":1443398400000,"VAL_METHOD":"IMAGERY","VAL_DATE":1443484800000}},{"type":"Feature","geometry":{"type":"Point","coordinates":[-76.0841890280012,36.7782595940033]},"properties":{"ID":"147081","NAME":"TAP147081","CITY":"VIRGINIA BEACH","STATE":"VA","COUNTY":"VIRGINIA BEACH","TYPE":"TAP","STATUS":"IN SERVICE","LATITUDE":36.778259594000076,"LONGITUDE":-76.084189027999969,"LINES":3,"MAX_VOLT":230,"MIN_VOLT":230,"SOURCE":"IMAGERY","SOURCEDATE":1452470400000,"VAL_METHOD":"IMAGERY","VAL_DATE":1452470400000}},{"type":"Feature","geometry":{"type":"Point","coordinates":[-76.1938605610012,36.8128899740032]},"properties":{"ID":"147083","NAME":"UNKNOWN147083","CITY":"VIRGINIA BEACH","STATE":"VA","COUNTY":"VIRGINIA BEACH","TYPE":"SUBSTATION","STATUS":"IN SERVICE","LATITUDE":36.812889974000029,"LONGITUDE":-76.193860560999951,"LINES":1,"MAX_VOLT":115,"MIN_VOLT":115,"SOURCE":"OpenStreetMap","SOURCEDATE":1470268800000,"VAL_METHOD":"IMAGERY","VAL_DATE":1494460800000}},{"type":"Feature","geometry":{"type":"Point","coordinates":[-76.0244257660012,36.8083952400033]},"properties":{"ID":"147084","NAME":"UNKNOWN147084","CITY":"VIRGINIA BEACH","STATE":"VA","COUNTY":"VIRGINIA BEACH","TYPE":"SUBSTATION","STATUS":"IN SERVICE","LATITUDE":36.808395240000038,"LONGITUDE":-76.024425765999979,"LINES":-999999,"MAX_VOLT":-999999,"MIN_VOLT":-999999,"SOURCE":"OpenStreetMap","SOURCEDATE":1470268800000,"VAL_METHOD":"IMAGERY/OTHER","VAL_DATE":1494460800000}},{"type":"Feature","geometry":{"type":"Point","coordinates":[-76.0061798430012,36.8000335010032]},"properties":{"ID":"147085","NAME":"UNKNOWN147085","CITY":"VIRGINIA BEACH","STATE":"VA","COUNTY":"VIRGINIA BEACH","TYPE":"SUBSTATION","STATUS":"IN SERVICE","LATITUDE":36.80003350100003,"LONGITUDE":-76.006179842999984,"LINES":-999999,"MAX_VOLT":-999999,"MIN_VOLT":-999999,"SOURCE":"OpenStreetMap","SOURCEDATE":1470268800000,"VAL_METHOD":"IMAGERY","VAL_DATE":1494460800000}},{"type":"Feature","geometry":{"type":"Point","coordinates":[-76.3009107340012,36.9398651070033]},"properties":{"ID":"147086","NAME":"UNKNOWN147086","CITY":"NORFOLK","STATE":"VA","COUNTY":"NORFOLK","TYPE":"SUBSTATION","STATUS":"IN SERVICE","LATITUDE":36.93986510700006,"LONGITUDE":-76.300910733999956,"LINES":-999999,"MAX_VOLT":-999999,"MIN_VOLT":-999999,"SOURCE":"OpenStreetMap","SOURCEDATE":1470268800000,"VAL_METHOD":"IMAGERY/OTHER","VAL_DATE":1494460800000}},{"type":"Feature","geometry":{"type":"Point","coordinates":[-76.2535821240012,36.8752252260033]},"properties":{"ID":"147087","NAME":"UNKNOWN147087","CITY":"NORFOLK","STATE":"VA","COUNTY":"NORFOLK","TYPE":"SUBSTATION","STATUS":"NOT AVAILABLE","LATITUDE":36.875225226000055,"LONGITUDE":-76.253582123999934,"LINES":-999999,"MAX_VOLT":-999999,"MIN_VOLT":-999999,"SOURCE":"OpenStreetMap","SOURCEDATE":1470268800000,"VAL_METHOD":"UNVERIFIED","VAL_DATE":1494460800000}},{"type":"Feature","geometry":{"type":"Point","coordinates":[-76.1833699980012,36.8861688390033]},"properties":{"ID":"147088","NAME":"DIAMOND SPRINGS","CITY":"VIRGINIA BEACH","STATE":"VA","COUNTY":"VIRGINIA BEACH","TYPE":"SUBSTATION","STATUS":"IN SERVICE","LATITUDE":36.88616883900005,"LONGITUDE":-76.183369997999989,"LINES":1,"MAX_VOLT":-999999,"MIN_VOLT":-999999,"SOURCE":"OpenStreetMap, IMAGERY/OTHER","SOURCEDATE":1470268800000,"VAL_METHOD":"IMAGERY/OTHER","VAL_DATE":1551744000000}},{"type":"Feature","geometry":{"type":"Point","coordinates":[-76.1302006970012,36.9132138300033]},"properties":{"ID":"147089","NAME":"UNKNOWN147089","CITY":"VIRGINIA BEACH","STATE":"VA","COUNTY":"VIRGINIA BEACH","TYPE":"SUBSTATION","STATUS":"IN SERVICE","LATITUDE":36.913213830000075,"LONGITUDE":-76.130200696999964,"LINES":-999999,"MAX_VOLT":-999999,"MIN_VOLT":-999999,"SOURCE":"OpenStreetMap","SOURCEDATE":1470268800000,"VAL_METHOD":"IMAGERY/OTHER","VAL_DATE":1494460800000}},{"type":"Feature","geometry":{"type":"Point","coordinates":[-76.0015470560012,36.8214713870033]},"properties":{"ID":"147090","NAME":"UNKNOWN147090","CITY":"VIRGINIA BEACH","STATE":"VA","COUNTY":"VIRGINIA BEACH","TYPE":"SUBSTATION","STATUS":"IN SERVICE","LATITUDE":36.821471387000031,"LONGITUDE":-76.001547055999936,"LINES":-999999,"MAX_VOLT":-999999,"MIN_VOLT":-999999,"SOURCE":"OpenStreetMap","SOURCEDATE":1470268800000,"VAL_METHOD":"IMAGERY/OTHER","VAL_DATE":1494460800000}},{"type":"Feature","geometry":{"type":"Point","coordinates":[-75.9765065630012,36.8457052870033]},"properties":{"ID":"147091","NAME":"UNKNOWN147091","CITY":"VIRGINIA BEACH","STATE":"VA","COUNTY":"VIRGINIA BEACH","TYPE":"SUBSTATION","STATUS":"IN SERVICE","LATITUDE":36.845705287000044,"LONGITUDE":-75.976506562999987,"LINES":-999999,"MAX_VOLT":-999999,"MIN_VOLT":-999999,"SOURCE":"OpenStreetMap","SOURCEDATE":1470268800000,"VAL_METHOD":"IMAGERY/OTHER","VAL_DATE":1494460800000}},{"type":"Feature","geometry":{"type":"Point","coordinates":[-76.5758492970012,36.9130180030032]},"properties":{"ID":"147092","NAME":"BENNS CHURCH","CITY":"SMITHFIELD","STATE":"VA","COUNTY":"ISLE OF WIGHT","TYPE":"SUBSTATION","STATUS":"IN SERVICE","LATITUDE":36.913018003000047,"LONGITUDE":-76.575849296999934,"LINES":-999999,"MAX_VOLT":-999999,"MIN_VOLT":-999999,"SOURCE":"OpenStreetMap","SOURCEDATE":1470268800000,"VAL_METHOD":"IMAGERY/OTHER","VAL_DATE":1551657600000}},{"type":"Feature","geometry":{"type":"Point","coordinates":[-76.2401688780012,36.7592623960033]},"properties":{"ID":"147097","NAME":"THRASHER","CITY":"CHESAPEAKE","STATE":"VA","COUNTY":"CHESAPEAKE","TYPE":"SUBSTATION","STATUS":"IN SERVICE","LATITUDE":36.759262396000054,"LONGITUDE":-76.240168877999963,"LINES":6,"MAX_VOLT":230,"MIN_VOLT":-999999,"SOURCE":"IMAGERY, OpenStreetMap","SOURCEDATE":1405900800000,"VAL_METHOD":"IMAGERY","VAL_DATE":1405900800000}},{"type":"Feature","geometry":{"type":"Point","coordinates":[-76.2582567410012,36.8193878600033]},"properties":{"ID":"147098","NAME":"RURITAN","CITY":"CHESAPEAKE","STATE":"VA","COUNTY":"CHESAPEAKE","TYPE":"SUBSTATION","STATUS":"IN SERVICE","LATITUDE":36.819387860000063,"LONGITUDE":-76.258256740999968,"LINES":2,"MAX_VOLT":230,"MIN_VOLT":230,"SOURCE":"IMAGERY, OpenStreetMap","SOURCEDATE":1405987200000,"VAL_METHOD":"IMAGERY","VAL_DATE":1405987200000}},{"type":"Feature","geometry":{"type":"Point","coordinates":[-76.0921628000012,36.7713020300033]},"properties":{"ID":"147099","NAME":"LANDSTOWN","CITY":"VIRGINIA BEACH","STATE":"VA","COUNTY":"VIRGINIA BEACH","TYPE":"SUBSTATION","STATUS":"IN SERVICE","LATITUDE":36.771302030000072,"LONGITUDE":-76.092162799999983,"LINES":7,"MAX_VOLT":230,"MIN_VOLT":230,"SOURCE":"IMAGERY, OpenStreetMap","SOURCEDATE":1406160000000,"VAL_METHOD":"IMAGERY","VAL_DATE":1406160000000}},{"type":"Feature","geometry":{"type":"Point","coordinates":[-76.1575597630012,36.7794691290033]},"properties":{"ID":"147100","NAME":"STUMPY LAKE","CITY":"VIRGINIA BEACH","STATE":"VA","COUNTY":"VIRGINIA BEACH","TYPE":"SUBSTATION","STATUS":"IN SERVICE","LATITUDE":36.779469129000063,"LONGITUDE":-76.157559762999938,"LINES":4,"MAX_VOLT":230,"MIN_VOLT":230,"SOURCE":"IMAGERY, OpenStreetMap","SOURCEDATE":1406160000000,"VAL_METHOD":"IMAGERY","VAL_DATE":1406160000000}},{"type":"Feature","geometry":{"type":"Point","coordinates":[-76.3185804160012,36.9310259320033]},"properties":{"ID":"147101","NAME":"SEWELL'S POINT","CITY":"NORFOLK","STATE":"VA","COUNTY":"NORFOLK","TYPE":"SUBSTATION","STATUS":"IN SERVICE","LATITUDE":36.931025932000068,"LONGITUDE":-76.318580415999975,"LINES":4,"MAX_VOLT":-999999,"MIN_VOLT":-999999,"SOURCE":"IMAGERY, OpenStreetMap","SOURCEDATE":1406246400000,"VAL_METHOD":"IMAGERY","VAL_DATE":1406246400000}},{"type":"Feature","geometry":{"type":"Point","coordinates":[-78.6000145320014,36.8095824700032]},"properties":{"ID":"147159","NAME":"BARNES JUNCTION","CITY":"RED OAK","STATE":"VA","COUNTY":"CHARLOTTE","TYPE":"SUBSTATION","STATUS":"IN SERVICE","LATITUDE":36.809582470000066,"LONGITUDE":-78.600014531999989,"LINES":1,"MAX_VOLT":115,"MIN_VOLT":115,"SOURCE":"IMAGERY, http://www.pjm.com/system-map/default.html","SOURCEDATE":1405296000000,"VAL_METHOD":"IMAGERY","VAL_DATE":1427846400000}},{"type":"Feature","geometry":{"type":"Point","coordinates":[-78.5382032980014,36.7265502430032]},"properties":{"ID":"147164","NAME":"TAP147164","CITY":"SKIPWITH","STATE":"VA","COUNTY":"MECKLENBURG","TYPE":"TAP","STATUS":"IN SERVICE","LATITUDE":36.726550243000077,"LONGITUDE":-78.538203297999985,"LINES":3,"MAX_VOLT":115,"MIN_VOLT":115,"SOURCE":"IMAGERY","SOURCEDATE":1405296000000,"VAL_METHOD":"IMAGERY/OTHER","VAL_DATE":1439510400000}},{"type":"Feature","geometry":{"type":"Point","coordinates":[-78.5642683840014,36.6261862900032]},"properties":{"ID":"147165","NAME":"TAP147165","CITY":"CLARKSVILLE","STATE":"VA","COUNTY":"MECKLENBURG","TYPE":"TAP","STATUS":"IN SERVICE","LATITUDE":36.626186290000078,"LONGITUDE":-78.564268383999945,"LINES":3,"MAX_VOLT":115,"MIN_VOLT":115,"SOURCE":"IMAGERY","SOURCEDATE":1405296000000,"VAL_METHOD":"IMAGERY/OTHER","VAL_DATE":1439510400000}},{"type":"Feature","geometry":{"type":"Point","coordinates":[-78.5715177790014,36.9950854890032]},"properties":{"ID":"147166","NAME":"TAP147166","CITY":"DRAKES BRANCH","STATE":"VA","COUNTY":"CHARLOTTE","TYPE":"TAP","STATUS":"IN SERVICE","LATITUDE":36.995085489000076,"LONGITUDE":-78.571517778999976,"LINES":3,"MAX_VOLT":115,"MIN_VOLT":115,"SOURCE":"IMAGERY","SOURCEDATE":1405382400000,"VAL_METHOD":"IMAGERY/OTHER","VAL_DATE":1439510400000}},{"type":"Feature","geometry":{"type":"Point","coordinates":[-78.5810424400014,36.9932402230032]},"properties":{"ID":"147167","NAME":"TAP147167","CITY":"DRAKES BRANCH","STATE":"VA","COUNTY":"CHARLOTTE","TYPE":"TAP","STATUS":"IN SERVICE","LATITUDE":36.993240223000043,"LONGITUDE":-78.581042439999976,"LINES":3,"MAX_VOLT":115,"MIN_VOLT":115,"SOURCE":"IMAGERY","SOURCEDATE":1405382400000,"VAL_METHOD":"IMAGERY/OTHER","VAL_DATE":1439510400000}},{"type":"Feature","geometry":{"type":"Point","coordinates":[-78.5813766390014,37.0163158190032]},"properties":{"ID":"147168","NAME":"TAP147168","CITY":"KEYSVILLE","STATE":"VA","COUNTY":"CHARLOTTE","TYPE":"TAP","STATUS":"IN SERVICE","LATITUDE":37.016315819000056,"LONGITUDE":-78.581376638999984,"LINES":3,"MAX_VOLT":115,"MIN_VOLT":115,"SOURCE":"IMAGERY","SOURCEDATE":1405382400000,"VAL_METHOD":"IMAGERY/OTHER","VAL_DATE":1439510400000}},{"type":"Feature","geometry":{"type":"Point","coordinates":[-78.5456866910014,36.6009423610032]},"properties":{"ID":"147169","NAME":"TAP147169","CITY":"CLARKSVILLE","STATE":"VA","COUNTY":"MECKLENBURG","TYPE":"TAP","STATUS":"IN SERVICE","LATITUDE":36.600942361000079,"LONGITUDE":-78.545686690999958,"LINES":3,"MAX_VOLT":115,"MIN_VOLT":115,"SOURCE":"IMAGERY","SOURCEDATE":1405382400000,"VAL_METHOD":"IMAGERY/OTHER","VAL_DATE":1439510400000}},{"type":"Feature","geometry":{"type":"Point","coordinates":[-78.5476253270013,36.5995476040032]},"properties":{"ID":"147170","NAME":"TAP147170","CITY":"CLARKSVILLE","STATE":"VA","COUNTY":"MECKLENBURG","TYPE":"TAP","STATUS":"IN SERVICE","LATITUDE":36.599547604000065,"LONGITUDE":-78.547625326999935,"LINES":3,"MAX_VOLT":115,"MIN_VOLT":115,"SOURCE":"IMAGERY","SOURCEDATE":1405382400000,"VAL_METHOD":"IMAGERY/OTHER","VAL_DATE":1439510400000}},{"type":"Feature","geometry":{"type":"Point","coordinates":[-78.5998367410014,36.8101948460032]},"properties":{"ID":"147171","NAME":"TAP147171","CITY":"RED OAK","STATE":"VA","COUNTY":"CHARLOTTE","TYPE":"TAP","STATUS":"IN SERVICE","LATITUDE":36.810194846000059,"LONGITUDE":-78.59983674099999,"LINES":3,"MAX_VOLT":115,"MIN_VOLT":115,"SOURCE":"IMAGERY","SOURCEDATE":1405382400000,"VAL_METHOD":"IMAGERY/OTHER","VAL_DATE":1439510400000}},{"type":"Feature","geometry":{"type":"Point","coordinates":[-78.6552799910014,37.1866553430032]},"properties":{"ID":"147193","NAME":"TAP147193","CITY":"CULLEN","STATE":"VA","COUNTY":"CHARLOTTE","TYPE":"TAP","STATUS":"IN SERVICE","LATITUDE":37.186655343000041,"LONGITUDE":-78.655279990999986,"LINES":3,"MAX_VOLT":115,"MIN_VOLT":115,"SOURCE":"IMAGERY","SOURCEDATE":1405382400000,"VAL_METHOD":"IMAGERY/OTHER","VAL_DATE":1439510400000}},{"type":"Feature","geometry":{"type":"Point","coordinates":[-79.8976841860015,37.3812623320031]},"properties":{"ID":"147329","NAME":"CLOVERDALE","CITY":"TROUTVILLE","STATE":"VA","COUNTY":"BOTETOURT","TYPE":"SUBSTATION","STATUS":"IN SERVICE","LATITUDE":37.381262332000063,"LONGITUDE":-79.897684185999935,"LINES":13,"MAX_VOLT":345,"MIN_VOLT":-999999,"SOURCE":"IMAGERY, http://www.pjm.com/system-map/default.html","SOURCEDATE":1404172800000,"VAL_METHOD":"IMAGERY","VAL_DATE":1426032000000}},{"type":"Feature","geometry":{"type":"Point","coordinates":[-79.9699223450015,37.3612608650032]},"properties":{"ID":"147330","NAME":"BURLINGTON","CITY":"ROANOKE","STATE":"VA","COUNTY":"ROANOKE","TYPE":"SUBSTATION","STATUS":"IN SERVICE","LATITUDE":37.361260865000077,"LONGITUDE":-79.969922344999986,"LINES":2,"MAX_VOLT":138,"MIN_VOLT":138,"SOURCE":"IMAGERY, http://www.pjm.com/system-map/default.html","SOURCEDATE":1404259200000,"VAL_METHOD":"IMAGERY","VAL_DATE":1425513600000}},{"type":"Feature","geometry":{"type":"Point","coordinates":[-80.0263309780015,37.3319154490031]},"properties":{"ID":"147331","NAME":"CATAWBA","CITY":"ROANOKE","STATE":"VA","COUNTY":"ROANOKE","TYPE":"SUBSTATION","STATUS":"IN SERVICE","LATITUDE":37.331915449000064,"LONGITUDE":-80.026330977999976,"LINES":7,"MAX_VOLT":138,"MIN_VOLT":-999999,"SOURCE":"IMAGERY, http://www.pjm.com/system-map/default.html","SOURCEDATE":1404259200000,"VAL_METHOD":"IMAGERY","VAL_DATE":1425513600000}},{"type":"Feature","geometry":{"type":"Point","coordinates":[-79.9208591000015,37.2503913100032]},"properties":{"ID":"147332","NAME":"ROANOKE","CITY":"ROANOKE","STATE":"VA","COUNTY":"ROANOKE","TYPE":"SUBSTATION","STATUS":"IN SERVICE","LATITUDE":37.250391310000055,"LONGITUDE":-79.920859099999973,"LINES":8,"MAX_VOLT":138,"MIN_VOLT":-999999,"SOURCE":"IMAGERY, http://www.pjm.com/system-map/default.html","SOURCEDATE":1404259200000,"VAL_METHOD":"IMAGERY","VAL_DATE":1425513600000}},{"type":"Feature","geometry":{"type":"Point","coordinates":[-79.9301171390015,37.3085725920032]},"properties":{"ID":"147333","NAME":"BENNINGTON","CITY":"ROANOKE","STATE":"VA","COUNTY":"ROANOKE","TYPE":"SUBSTATION","STATUS":"IN SERVICE","LATITUDE":37.308572592000075,"LONGITUDE":-79.930117138999947,"LINES":6,"MAX_VOLT":138,"MIN_VOLT":-999999,"SOURCE":"IMAGERY, http://www.pjm.com/system-map/default.html","SOURCEDATE":1404259200000,"VAL_METHOD":"IMAGERY","VAL_DATE":1425513600000}},{"type":"Feature","geometry":{"type":"Point","coordinates":[-79.9279480230014,37.3160245880032]},"properties":{"ID":"147334","NAME":"HUNTINGTON COURT","CITY":"ROANOKE","STATE":"VA","COUNTY":"ROANOKE","TYPE":"SUBSTATION","STATUS":"IN SERVICE","LATITUDE":37.316024588000062,"LONGITUDE":-79.927948022999942,"LINES":1,"MAX_VOLT":-999999,"MIN_VOLT":-999999,"SOURCE":"IMAGERY, http://www.pjm.com/system-map/default.html","SOURCEDATE":1404259200000,"VAL_METHOD":"IMAGERY","VAL_DATE":1425513600000}},{"type":"Feature","geometry":{"type":"Point","coordinates":[-79.9872353980014,37.2117220770032]},"properties":{"ID":"147335","NAME":"STARKEY","CITY":"ROANOKE","STATE":"VA","COUNTY":"ROANOKE","TYPE":"SUBSTATION","STATUS":"IN SERVICE","LATITUDE":37.211722077000047,"LONGITUDE":-79.987235397999939,"LINES":2,"MAX_VOLT":138,"MIN_VOLT":138,"SOURCE":"IMAGERY, http://www.pjm.com/system-map/default.html","SOURCEDATE":1404691200000,"VAL_METHOD":"IMAGERY","VAL_DATE":1425513600000}},{"type":"Feature","geometry":{"type":"Point","coordinates":[-79.9531567160015,37.2196944000031]},"properties":{"ID":"147336","NAME":"CLEARBROOK","CITY":"ROANOKE","STATE":"VA","COUNTY":"ROANOKE","TYPE":"SUBSTATION","STATUS":"IN SERVICE","LATITUDE":37.219694400000037,"LONGITUDE":-79.953156715999967,"LINES":2,"MAX_VOLT":138,"MIN_VOLT":138,"SOURCE":"IMAGERY, http://www.pjm.com/system-map/default.html","SOURCEDATE":1404691200000,"VAL_METHOD":"IMAGERY","VAL_DATE":1425513600000}},{"type":"Feature","geometry":{"type":"Point","coordinates":[-79.9148169370015,36.7058554980032]},"properties":{"ID":"147337","NAME":"FIELDALE","CITY":"COLLINSVILLE","STATE":"VA","COUNTY":"HENRY","TYPE":"SUBSTATION","STATUS":"IN SERVICE","LATITUDE":36.705855498000062,"LONGITUDE":-79.914816936999955,"LINES":1,"MAX_VOLT":-999999,"MIN_VOLT":-999999,"SOURCE":"IMAGERY, http://www.pjm.com/system-map/default.html","SOURCEDATE":1404864000000,"VAL_METHOD":"IMAGERY","VAL_DATE":1427846400000}},{"type":"Feature","geometry":{"type":"Point","coordinates":[-80.0175127880015,36.7697902290032]},"properties":{"ID":"147338","NAME":"WEST BASSETT","CITY":"BASSETT","STATE":"VA","COUNTY":"HENRY","TYPE":"SUBSTATION","STATUS":"IN SERVICE","LATITUDE":36.76979022900008,"LONGITUDE":-80.017512787999976,"LINES":5,"MAX_VOLT":138,"MIN_VOLT":-999999,"SOURCE":"IMAGERY, http://www.pjm.com/system-map/default.html","SOURCEDATE":1404950400000,"VAL_METHOD":"IMAGERY","VAL_DATE":1427846400000}},{"type":"Feature","geometry":{"type":"Point","coordinates":[-79.9344562910015,36.7091254390032]},"properties":{"ID":"147358","NAME":"FIELDALE","CITY":"FIELDALE","STATE":"VA","COUNTY":"HENRY","TYPE":"SUBSTATION","STATUS":"IN SERVICE","LATITUDE":36.709125439000047,"LONGITUDE":-79.934456290999947,"LINES":11,"MAX_VOLT":138,"MIN_VOLT":-999999,"SOURCE":"IMAGERY, OpenStreetMap","SOURCEDATE":1404777600000,"VAL_METHOD":"IMAGERY","VAL_DATE":1404777600000}},{"type":"Feature","geometry":{"type":"Point","coordinates":[-79.9990459810015,37.2756080670032]},"properties":{"ID":"147339","NAME":"ROANOKE ELECTRIC STEEL","CITY":"ROANOKE","STATE":"VA","COUNTY":"ROANOKE","TYPE":"SUBSTATION","STATUS":"IN SERVICE","LATITUDE":37.275608067000064,"LONGITUDE":-79.999045980999938,"LINES":2,"MAX_VOLT":-999999,"MIN_VOLT":-999999,"SOURCE":"IMAGERY, http://www.pjm.com/system-map/default.html","SOURCEDATE":1424044800000,"VAL_METHOD":"IMAGERY","VAL_DATE":1425513600000}},{"type":"Feature","geometry":{"type":"Point","coordinates":[-79.9240345060014,36.9249300560031]},"properties":{"ID":"147340","NAME":"THORNTON","CITY":"FERRUM","STATE":"VA","COUNTY":"FRANKLIN","TYPE":"SUBSTATION","STATUS":"IN SERVICE","LATITUDE":36.924930056000051,"LONGITUDE":-79.924034505999941,"LINES":2,"MAX_VOLT":138,"MIN_VOLT":138,"SOURCE":"IMAGERY, http://www.pjm.com/system-map/default.html","SOURCEDATE":1425513600000,"VAL_METHOD":"IMAGERY","VAL_DATE":1425513600000}},{"type":"Feature","geometry":{"type":"Point","coordinates":[-79.9182992520015,36.9834624970032]},"properties":{"ID":"147341","NAME":"FRANKLIN","CITY":"ROCKY MOUNT","STATE":"VA","COUNTY":"FRANKLIN","TYPE":"SUBSTATION","STATUS":"IN SERVICE","LATITUDE":36.983462497000062,"LONGITUDE":-79.91829925199994,"LINES":3,"MAX_VOLT":138,"MIN_VOLT":-999999,"SOURCE":"IMAGERY, http://www.pjm.com/system-map/default.html","SOURCEDATE":1425513600000,"VAL_METHOD":"IMAGERY","VAL_DATE":1425513600000}},{"type":"Feature","geometry":{"type":"Point","coordinates":[-79.8981549730015,37.0020230660031]},"properties":{"ID":"147342","NAME":"TANK HILL","CITY":"ROCKY MOUNT","STATE":"VA","COUNTY":"FRANKLIN","TYPE":"SUBSTATION","STATUS":"IN SERVICE","LATITUDE":37.002023066000049,"LONGITUDE":-79.898154972999976,"LINES":1,"MAX_VOLT":138,"MIN_VOLT":138,"SOURCE":"IMAGERY, http://www.pjm.com/system-map/default.html","SOURCEDATE":1425513600000,"VAL_METHOD":"IMAGERY","VAL_DATE":1425513600000}},{"type":"Feature","geometry":{"type":"Point","coordinates":[-79.9302779740015,36.8214392660031]},"properties":{"ID":"147343","NAME":"OAK LEVEL","CITY":"BASSETT","STATE":"VA","COUNTY":"FRANKLIN","TYPE":"SUBSTATION","STATUS":"IN SERVICE","LATITUDE":36.821439266000027,"LONGITUDE":-79.930277973999978,"LINES":2,"MAX_VOLT":138,"MIN_VOLT":138,"SOURCE":"IMAGERY, http://www.pjm.com/system-map/default.html","SOURCEDATE":1425513600000,"VAL_METHOD":"IMAGERY","VAL_DATE":1425513600000}},{"type":"Feature","geometry":{"type":"Point","coordinates":[-80.0080439340014,37.7801362540031]},"properties":{"ID":"147344","NAME":"FUDGE HOLLOW","CITY":"COVINGTON","STATE":"VA","COUNTY":"ALLEGHANY","TYPE":"SUBSTATION","STATUS":"IN SERVICE","LATITUDE":37.78013625400007,"LONGITUDE":-80.008043933999943,"LINES":5,"MAX_VOLT":138,"MIN_VOLT":138,"SOURCE":"IMAGERY, http://www.pjm.com/system-map/default.html","SOURCEDATE":1426032000000,"VAL_METHOD":"IMAGERY","VAL_DATE":1426032000000}},{"type":"Feature","geometry":{"type":"Point","coordinates":[-79.9284474310014,37.3161197310032]},"properties":{"ID":"147345","NAME":"TAP147345","CITY":"ROANOKE","STATE":"VA","COUNTY":"ROANOKE","TYPE":"TAP","STATUS":"IN SERVICE","LATITUDE":37.316119731000072,"LONGITUDE":-79.928447430999938,"LINES":3,"MAX_VOLT":-999999,"MIN_VOLT":-999999,"SOURCE":"IMAGERY","SOURCEDATE":1404259200000,"VAL_METHOD":"IMAGERY/OTHER","VAL_DATE":1439510400000}},{"type":"Feature","geometry":{"type":"Point","coordinates":[-79.9174323520015,37.3403112700031]},"properties":{"ID":"147346","NAME":"TAP147346","CITY":"ROANOKE","STATE":"VA","COUNTY":"ROANOKE","TYPE":"TAP","STATUS":"IN SERVICE","LATITUDE":37.340311270000029,"LONGITUDE":-79.917432351999935,"LINES":3,"MAX_VOLT":-999999,"MIN_VOLT":-999999,"SOURCE":"IMAGERY","SOURCEDATE":1404259200000,"VAL_METHOD":"IMAGERY/OTHER","VAL_DATE":1439510400000}},{"type":"Feature","geometry":{"type":"Point","coordinates":[-79.9151158590015,36.7056435670031]},"properties":{"ID":"147347","NAME":"TAP147347","CITY":"COLLINSVILLE","STATE":"VA","COUNTY":"HENRY","TYPE":"TAP","STATUS":"IN SERVICE","LATITUDE":36.705643567000038,"LONGITUDE":-79.915115858999968,"LINES":3,"MAX_VOLT":-999999,"MIN_VOLT":-999999,"SOURCE":"IMAGERY","SOURCEDATE":1404864000000,"VAL_METHOD":"IMAGERY/OTHER","VAL_DATE":1439510400000}},{"type":"Feature","geometry":{"type":"Point","coordinates":[-79.9132770430015,37.0033267130032]},"properties":{"ID":"147348","NAME":"TAP147348","CITY":"ROCKY MOUNT","STATE":"VA","COUNTY":"FRANKLIN","TYPE":"TAP","STATUS":"IN SERVICE","LATITUDE":37.003326713000035,"LONGITUDE":-79.913277042999937,"LINES":3,"MAX_VOLT":138,"MIN_VOLT":138,"SOURCE":"IMAGERY","SOURCEDATE":1425513600000,"VAL_METHOD":"IMAGERY/OTHER","VAL_DATE":1439510400000}},{"type":"Feature","geometry":{"type":"Point","coordinates":[-79.9612509320015,37.7681706210031]},"properties":{"ID":"147349","NAME":"TAP147349","CITY":"COVINGTON","STATE":"VA","COUNTY":"ALLEGHANY","TYPE":"TAP","STATUS":"IN SERVICE","LATITUDE":37.768170621000024,"LONGITUDE":-79.961250931999984,"LINES":3,"MAX_VOLT":138,"MIN_VOLT":138,"SOURCE":"IMAGERY","SOURCEDATE":1426032000000,"VAL_METHOD":"IMAGERY/OTHER","VAL_DATE":1439510400000}},{"type":"Feature","geometry":{"type":"Point","coordinates":[-79.9937841660015,37.4594827460031]},"properties":{"ID":"147350","NAME":"UNKNOWN147350","CITY":"TROUTVILLE","STATE":"VA","COUNTY":"BOTETOURT","TYPE":"SUBSTATION","STATUS":"IN SERVICE","LATITUDE":37.459482746000049,"LONGITUDE":-79.993784165999955,"LINES":-999999,"MAX_VOLT":-999999,"MIN_VOLT":-999999,"SOURCE":"OpenStreetMap","SOURCEDATE":1470268800000,"VAL_METHOD":"IMAGERY/OTHER","VAL_DATE":1494460800000}},{"type":"Feature","geometry":{"type":"Point","coordinates":[-79.9989431180015,37.7870256690031]},"properties":{"ID":"147351","NAME":"UNKNOWN147351","CITY":"COVINGTON","STATE":"VA","COUNTY":"COVINGTON","TYPE":"SUBSTATION","STATUS":"IN SERVICE","LATITUDE":37.787025669000059,"LONGITUDE":-79.998943117999943,"LINES":-999999,"MAX_VOLT":-999999,"MIN_VOLT":-999999,"SOURCE":"OpenStreetMap","SOURCEDATE":1470268800000,"VAL_METHOD":"IMAGERY/OTHER","VAL_DATE":1494460800000}},{"type":"Feature","geometry":{"type":"Point","coordinates":[-79.9984379280015,37.7615556750031]},"properties":{"ID":"147352","NAME":"UNKNOWN147352","CITY":"COVINGTON","STATE":"VA","COUNTY":"COVINGTON","TYPE":"SUBSTATION","STATUS":"IN SERVICE","LATITUDE":37.761555675000068,"LONGITUDE":-79.998437927999987,"LINES":-999999,"MAX_VOLT":-999999,"MIN_VOLT":-999999,"SOURCE":"OpenStreetMap","SOURCEDATE":1470268800000,"VAL_METHOD":"IMAGERY/OTHER","VAL_DATE":1494460800000}},{"type":"Feature","geometry":{"type":"Point","coordinates":[-79.9926240910015,37.4611669890031]},"properties":{"ID":"147355","NAME":"UNKNOWN147355","CITY":"TROUTVILLE","STATE":"VA","COUNTY":"BOTETOURT","TYPE":"SUBSTATION","STATUS":"IN SERVICE","LATITUDE":37.461166989000048,"LONGITUDE":-79.992624090999982,"LINES":-999999,"MAX_VOLT":-999999,"MIN_VOLT":-999999,"SOURCE":"OpenStreetMap","SOURCEDATE":1470268800000,"VAL_METHOD":"IMAGERY/OTHER","VAL_DATE":1494460800000}},{"type":"Feature","geometry":{"type":"Point","coordinates":[-79.9005870600015,37.3744711660031]},"properties":{"ID":"147356","NAME":"CLOVERDALE 765KV","CITY":"CLOVERDALE","STATE":"VA","COUNTY":"BOTETOURT","TYPE":"SUBSTATION","STATUS":"IN SERVICE","LATITUDE":37.374471166000035,"LONGITUDE":-79.900587059999964,"LINES":4,"MAX_VOLT":765,"MIN_VOLT":345,"SOURCE":"IMAGERY, OpenStreetMap","SOURCEDATE":1404172800000,"VAL_METHOD":"IMAGERY","VAL_DATE":1404172800000}},{"type":"Feature","geometry":{"type":"Point","coordinates":[-79.9203160640015,37.3445267370031]},"properties":{"ID":"147357","NAME":"INGERSOLL RAND","CITY":"ROANOKE","STATE":"VA","COUNTY":"ROANOKE","TYPE":"SUBSTATION","STATUS":"IN SERVICE","LATITUDE":37.344526737000024,"LONGITUDE":-79.920316063999962,"LINES":1,"MAX_VOLT":-999999,"MIN_VOLT":-999999,"SOURCE":"IMAGERY, OpenStreetMap","SOURCEDATE":1404259200000,"VAL_METHOD":"IMAGERY","VAL_DATE":1404259200000}},{"type":"Feature","geometry":{"type":"Point","coordinates":[-80.7484204780015,36.7585858620032]},"properties":{"ID":"147362","NAME":"PIPERS GAP","CITY":"HILLSVILLE","STATE":"VA","COUNTY":"CARROLL","TYPE":"SUBSTATION","STATUS":"IN SERVICE","LATITUDE":36.758585862000075,"LONGITUDE":-80.748420477999957,"LINES":2,"MAX_VOLT":138,"MIN_VOLT":138,"SOURCE":"IMAGERY, http://www.pjm.com/system-map/default.html","SOURCEDATE":1410739200000,"VAL_METHOD":"IMAGERY","VAL_DATE":1425427200000}},{"type":"Feature","geometry":{"type":"Point","coordinates":[-80.7193020100016,36.7773011410032]},"properties":{"ID":"147363","NAME":"HUFFMAN","CITY":"HILLSVILLE","STATE":"VA","COUNTY":"CARROLL","TYPE":"SUBSTATION","STATUS":"IN SERVICE","LATITUDE":36.777301141000066,"LONGITUDE":-80.719302009999979,"LINES":3,"MAX_VOLT":138,"MIN_VOLT":-999999,"SOURCE":"IMAGERY, http://www.pjm.com/system-map/default.html","SOURCEDATE":1410739200000,"VAL_METHOD":"IMAGERY","VAL_DATE":1425427200000}},{"type":"Feature","geometry":{"type":"Point","coordinates":[-80.7478126540015,37.0484434830031]},"properties":{"ID":"147364","NAME":"PEAK CREEK","CITY":"PULASKI","STATE":"VA","COUNTY":"PULASKI","TYPE":"SUBSTATION","STATUS":"IN SERVICE","LATITUDE":37.048443483000028,"LONGITUDE":-80.747812653999972,"LINES":2,"MAX_VOLT":138,"MIN_VOLT":138,"SOURCE":"IMAGERY, http://www.pjm.com/system-map/default.html","SOURCEDATE":1410739200000,"VAL_METHOD":"IMAGERY","VAL_DATE":1425427200000}},{"type":"Feature","geometry":{"type":"Point","coordinates":[-80.7174054480015,37.0746925500031]},"properties":{"ID":"147365","NAME":"WURNO","CITY":"DUBLIN","STATE":"VA","COUNTY":"PULASKI","TYPE":"SUBSTATION","STATUS":"IN SERVICE","LATITUDE":37.074692550000066,"LONGITUDE":-80.717405447999965,"LINES":2,"MAX_VOLT":138,"MIN_VOLT":138,"SOURCE":"IMAGERY, http://www.pjm.com/system-map/default.html","SOURCEDATE":1410739200000,"VAL_METHOD":"IMAGERY","VAL_DATE":1425427200000}},{"type":"Feature","geometry":{"type":"Point","coordinates":[-78.7787287770014,38.6273925370032]},"properties":{"ID":"147371","NAME":"TIMBERVILLE","CITY":"BROADWAY","STATE":"VA","COUNTY":"ROCKINGHAM","TYPE":"SUBSTATION","STATUS":"IN SERVICE","LATITUDE":38.627392537000048,"LONGITUDE":-78.778728776999969,"LINES":2,"MAX_VOLT":115,"MIN_VOLT":-999999,"SOURCE":"IMAGERY, http://www.pjm.com/system-map/default.html","SOURCEDATE":1426550400000,"VAL_METHOD":"IMAGERY","VAL_DATE":1426636800000}},{"type":"Feature","geometry":{"type":"Point","coordinates":[-78.6663132040014,38.3530038010032]},"properties":{"ID":"147372","NAME":"ELKTON D.P.","CITY":"ELKTON","STATE":"VA","COUNTY":"ROCKINGHAM","TYPE":"SUBSTATION","STATUS":"IN SERVICE","LATITUDE":38.353003801000057,"LONGITUDE":-78.666313203999948,"LINES":2,"MAX_VOLT":115,"MIN_VOLT":115,"SOURCE":"IMAGERY, http://www.pjm.com/system-map/default.html","SOURCEDATE":1426550400000,"VAL_METHOD":"IMAGERY","VAL_DATE":1426636800000}},{"type":"Feature","geometry":{"type":"Point","coordinates":[-78.6617298030013,38.7243654210032]},"properties":{"ID":"147373","NAME":"MOUNT JACKSON","CITY":"QUICKSBURG","STATE":"VA","COUNTY":"SHENANDOAH","TYPE":"SUBSTATION","STATUS":"IN SERVICE","LATITUDE":38.724365421000073,"LONGITUDE":-78.661729802999957,"LINES":2,"MAX_VOLT":115,"MIN_VOLT":115,"SOURCE":"IMAGERY, http://www.pjm.com/system-map/default.html","SOURCEDATE":1426636800000,"VAL_METHOD":"IMAGERY","VAL_DATE":1426636800000}},{"type":"Feature","geometry":{"type":"Point","coordinates":[-78.6719448290014,38.7470892740032]},"properties":{"ID":"147374","NAME":"MOUNT JACKSON D.P.","CITY":"MOUNT JACKSON","STATE":"VA","COUNTY":"SHENANDOAH","TYPE":"SUBSTATION","STATUS":"IN SERVICE","LATITUDE":38.747089274000075,"LONGITUDE":-78.671944828999983,"LINES":1,"MAX_VOLT":115,"MIN_VOLT":115,"SOURCE":"IMAGERY, http://www.pjm.com/system-map/default.html","SOURCEDATE":1426636800000,"VAL_METHOD":"IMAGERY","VAL_DATE":1426636800000}},{"type":"Feature","geometry":{"type":"Point","coordinates":[-78.7360097660014,36.8200470420032]},"properties":{"ID":"147383","NAME":"DRYBURG","CITY":"CLOVER","STATE":"VA","COUNTY":"HALIFAX","TYPE":"SUBSTATION","STATUS":"IN SERVICE","LATITUDE":36.820047042000056,"LONGITUDE":-78.736009765999938,"LINES":2,"MAX_VOLT":115,"MIN_VOLT":115,"SOURCE":"IMAGERY, http://www.pjm.com/system-map/default.html","SOURCEDATE":1405036800000,"VAL_METHOD":"IMAGERY","VAL_DATE":1427846400000}},{"type":"Feature","geometry":{"type":"Point","coordinates":[-78.8113337850014,36.6705009350032]},"properties":{"ID":"147384","NAME":"OMEGA DP","CITY":"SOUTH BOSTON","STATE":"VA","COUNTY":"HALIFAX","TYPE":"SUBSTATION","STATUS":"IN SERVICE","LATITUDE":36.670500935000064,"LONGITUDE":-78.811333784999988,"LINES":1,"MAX_VOLT":115,"MIN_VOLT":115,"SOURCE":"IMAGERY, http://www.pjm.com/system-map/default.html","SOURCEDATE":1405036800000,"VAL_METHOD":"IMAGERY","VAL_DATE":1427846400000}},{"type":"Feature","geometry":{"type":"Point","coordinates":[-78.7065436800014,36.8662114320032]},"properties":{"ID":"147385","NAME":"CLOVER","CITY":"RANDOLPH","STATE":"VA","COUNTY":"HALIFAX","TYPE":"SUBSTATION","STATUS":"IN SERVICE","LATITUDE":36.866211432000057,"LONGITUDE":-78.706543679999982,"LINES":6,"MAX_VOLT":500,"MIN_VOLT":230,"SOURCE":"IMAGERY, http://www.pjm.com/system-map/default.html","SOURCEDATE":1405036800000,"VAL_METHOD":"IMAGERY","VAL_DATE":1427846400000}},{"type":"Feature","geometry":{"type":"Point","coordinates":[-78.8516339140014,37.3620865250032]},"properties":{"ID":"147386","NAME":"SOUTH CREEK","CITY":"APPOMATTOX","STATE":"VA","COUNTY":"APPOMATTOX","TYPE":"SUBSTATION","STATUS":"IN SERVICE","LATITUDE":37.362086525000052,"LONGITUDE":-78.85163391399999,"LINES":1,"MAX_VOLT":115,"MIN_VOLT":115,"SOURCE":"IMAGERY, http://www.pjm.com/system-map/default.html","SOURCEDATE":1426204800000,"VAL_METHOD":"IMAGERY","VAL_DATE":1426204800000}},{"type":"Feature","geometry":{"type":"Point","coordinates":[-78.8490971780014,38.1070345690032]},"properties":{"ID":"147387","NAME":"DOOMS","CITY":"WAYNESBORO","STATE":"VA","COUNTY":"AUGUSTA","TYPE":"SUBSTATION","STATUS":"IN SERVICE","LATITUDE":38.107034569000064,"LONGITUDE":-78.849097177999965,"LINES":10,"MAX_VOLT":500,"MIN_VOLT":115,"SOURCE":"IMAGERY, http://www.pjm.com/system-map/default.html","SOURCEDATE":1426204800000,"VAL_METHOD":"IMAGERY","VAL_DATE":1426550400000}},{"type":"Feature","geometry":{"type":"Point","coordinates":[-78.8128192820014,38.2660690840032]},"properties":{"ID":"147388","NAME":"GROTTOES","CITY":"GROTTOES","STATE":"VA","COUNTY":"ROCKINGHAM","TYPE":"SUBSTATION","STATUS":"IN SERVICE","LATITUDE":38.266069084000037,"LONGITUDE":-78.812819281999964,"LINES":3,"MAX_VOLT":230,"MIN_VOLT":115,"SOURCE":"IMAGERY, http://www.pjm.com/system-map/default.html","SOURCEDATE":1426464000000,"VAL_METHOD":"IMAGERY","VAL_DATE":1426636800000}},{"type":"Feature","geometry":{"type":"Point","coordinates":[-78.8112325620014,36.6707688700032]},"properties":{"ID":"147393","NAME":"TAP147393","CITY":"SOUTH BOSTON","STATE":"VA","COUNTY":"HALIFAX","TYPE":"TAP","STATUS":"IN SERVICE","LATITUDE":36.670768870000074,"LONGITUDE":-78.811232561999987,"LINES":3,"MAX_VOLT":115,"MIN_VOLT":115,"SOURCE":"IMAGERY","SOURCEDATE":1405036800000,"VAL_METHOD":"IMAGERY/OTHER","VAL_DATE":1439510400000}},{"type":"Feature","geometry":{"type":"Point","coordinates":[-78.6790788640014,37.2549288200032]},"properties":{"ID":"147421","NAME":"TAP147421","CITY":"PAMPLIN","STATE":"VA","COUNTY":"PRINCE EDWARD","TYPE":"TAP","STATUS":"IN SERVICE","LATITUDE":37.254928820000032,"LONGITUDE":-78.679078863999962,"LINES":3,"MAX_VOLT":115,"MIN_VOLT":115,"SOURCE":"IMAGERY","SOURCEDATE":1408320000000,"VAL_METHOD":"IMAGERY/OTHER","VAL_DATE":1439510400000}},{"type":"Feature","geometry":{"type":"Point","coordinates":[-78.7484078300014,37.2319175550032]},"properties":{"ID":"147422","NAME":"TAP147422","CITY":"APPOMATTOX","STATE":"VA","COUNTY":"APPOMATTOX","TYPE":"TAP","STATUS":"IN SERVICE","LATITUDE":37.231917555000052,"LONGITUDE":-78.748407829999962,"LINES":3,"MAX_VOLT":115,"MIN_VOLT":115,"SOURCE":"IMAGERY","SOURCEDATE":1426204800000,"VAL_METHOD":"IMAGERY/OTHER","VAL_DATE":1439510400000}},{"type":"Feature","geometry":{"type":"Point","coordinates":[-78.7071599110014,38.0265821230031]},"properties":{"ID":"147434","NAME":"MIDWAY","CITY":"CHARLOTTESVILLE","STATE":"VA","COUNTY":"ALBEMARLE","TYPE":"SUBSTATION","STATUS":"IN SERVICE","LATITUDE":38.026582123000026,"LONGITUDE":-78.707159910999962,"LINES":2,"MAX_VOLT":115,"MIN_VOLT":115,"SOURCE":"IMAGERY, OpenStreetMap","SOURCEDATE":1426464000000,"VAL_METHOD":"IMAGERY","VAL_DATE":1426464000000}},{"type":"Feature","geometry":{"type":"Point","coordinates":[-79.1556108140014,37.3265734980032]},"properties":{"ID":"147437","NAME":"CANDLERS MOUNTAIN","CITY":"RUSTBURG","STATE":"VA","COUNTY":"CAMPBELL","TYPE":"SUBSTATION","STATUS":"IN SERVICE","LATITUDE":37.326573498000073,"LONGITUDE":-79.155610813999942,"LINES":3,"MAX_VOLT":138,"MIN_VOLT":138,"SOURCE":"IMAGERY, http://www.pjm.com/system-map/default.html","SOURCEDATE":1426032000000,"VAL_METHOD":"IMAGERY","VAL_DATE":1426204800000}},{"type":"Feature","geometry":{"type":"Point","coordinates":[-79.0324254090014,37.5934552920032]},"properties":{"ID":"147438","NAME":"BOXWOOD","CITY":"AMHERST","STATE":"VA","COUNTY":"AMHERST","TYPE":"SUBSTATION","STATUS":"IN SERVICE","LATITUDE":37.593455292000044,"LONGITUDE":-79.032425408999984,"LINES":3,"MAX_VOLT":138,"MIN_VOLT":138,"SOURCE":"IMAGERY, http://www.pjm.com/system-map/default.html","SOURCEDATE":1426118400000,"VAL_METHOD":"IMAGERY","VAL_DATE":1426204800000}},{"type":"Feature","geometry":{"type":"Point","coordinates":[-79.1242612700014,37.4564854780032]},"properties":{"ID":"147439","NAME":"MONEL","CITY":"MADISON HEIGHTS","STATE":"VA","COUNTY":"AMHERST","TYPE":"SUBSTATION","STATUS":"IN SERVICE","LATITUDE":37.456485478000047,"LONGITUDE":-79.124261269999977,"LINES":2,"MAX_VOLT":138,"MIN_VOLT":138,"SOURCE":"IMAGERY, http://www.pjm.com/system-map/default.html","SOURCEDATE":1426118400000,"VAL_METHOD":"IMAGERY","VAL_DATE":1426204800000}},{"type":"Feature","geometry":{"type":"Point","coordinates":[-79.0846177200014,37.4266325280031]},"properties":{"ID":"147440","NAME":"GOMINGO","CITY":"MADISON HEIGHTS","STATE":"VA","COUNTY":"AMHERST","TYPE":"SUBSTATION","STATUS":"IN SERVICE","LATITUDE":37.426632528000027,"LONGITUDE":-79.084617719999983,"LINES":3,"MAX_VOLT":138,"MIN_VOLT":138,"SOURCE":"IMAGERY, http://www.pjm.com/system-map/default.html","SOURCEDATE":1426118400000,"VAL_METHOD":"IMAGERY","VAL_DATE":1426204800000}},{"type":"Feature","geometry":{"type":"Point","coordinates":[-79.0770430830014,37.4063988710032]},"properties":{"ID":"147441","NAME":"JOSHUA FALLS","CITY":"MADISON HEIGHTS","STATE":"VA","COUNTY":"AMHERST","TYPE":"SUBSTATION","STATUS":"IN SERVICE","LATITUDE":37.406398871000079,"LONGITUDE":-79.077043082999978,"LINES":6,"MAX_VOLT":138,"MIN_VOLT":-999999,"SOURCE":"IMAGERY, http://www.pjm.com/system-map/default.html","SOURCEDATE":1426118400000,"VAL_METHOD":"IMAGERY","VAL_DATE":1426204800000}},{"type":"Feature","geometry":{"type":"Point","coordinates":[-79.1076281200014,37.3726085020032]},"properties":{"ID":"147442","NAME":"OPOSSUM CREEK","CITY":"LYNCHBURG","STATE":"VA","COUNTY":"CAMPBELL","TYPE":"SUBSTATION","STATUS":"IN SERVICE","LATITUDE":37.372608502000048,"LONGITUDE":-79.107628119999958,"LINES":5,"MAX_VOLT":138,"MIN_VOLT":138,"SOURCE":"IMAGERY, http://www.pjm.com/system-map/default.html","SOURCEDATE":1426118400000,"VAL_METHOD":"IMAGERY","VAL_DATE":1426204800000}},{"type":"Feature","geometry":{"type":"Point","coordinates":[-79.1220862330014,37.3894666620032]},"properties":{"ID":"147443","NAME":"PEAKSVIEW","CITY":"LYNCHBURG","STATE":"VA","COUNTY":"LYNCHBURG","TYPE":"SUBSTATION","STATUS":"IN SERVICE","LATITUDE":37.389466662000075,"LONGITUDE":-79.122086232999948,"LINES":7,"MAX_VOLT":138,"MIN_VOLT":-999999,"SOURCE":"IMAGERY, http://www.pjm.com/system-map/default.html","SOURCEDATE":1426118400000,"VAL_METHOD":"IMAGERY","VAL_DATE":1426204800000}},{"type":"Feature","geometry":{"type":"Point","coordinates":[-79.1798207940014,37.3619342460032]},"properties":{"ID":"147444","NAME":"SOUTH LYNCHBURG","CITY":"LYNCHBURG","STATE":"VA","COUNTY":"LYNCHBURG","TYPE":"SUBSTATION","STATUS":"IN SERVICE","LATITUDE":37.361934246000033,"LONGITUDE":-79.179820793999966,"LINES":5,"MAX_VOLT":138,"MIN_VOLT":-999999,"SOURCE":"IMAGERY, http://www.pjm.com/system-map/default.html","SOURCEDATE":1426118400000,"VAL_METHOD":"IMAGERY","VAL_DATE":1426204800000}},{"type":"Feature","geometry":{"type":"Point","coordinates":[-79.1062685180014,37.2771825760031]},"properties":{"ID":"147445","NAME":"RUSTBURG","CITY":"RUSTBURG","STATE":"VA","COUNTY":"CAMPBELL","TYPE":"SUBSTATION","STATUS":"IN SERVICE","LATITUDE":37.27718257600003,"LONGITUDE":-79.106268517999979,"LINES":1,"MAX_VOLT":138,"MIN_VOLT":138,"SOURCE":"IMAGERY, http://www.pjm.com/system-map/default.html","SOURCEDATE":1426118400000,"VAL_METHOD":"IMAGERY","VAL_DATE":1426204800000}},{"type":"Feature","geometry":{"type":"Point","coordinates":[-79.1138411180014,38.1937657530031]},"properties":{"ID":"147446","NAME":"WEST STAUNTON","CITY":"STAUNTON","STATE":"VA","COUNTY":"AUGUSTA","TYPE":"SUBSTATION","STATUS":"IN SERVICE","LATITUDE":38.193765753000037,"LONGITUDE":-79.113841117999982,"LINES":2,"MAX_VOLT":230,"MIN_VOLT":230,"SOURCE":"IMAGERY, http://www.pjm.com/system-map/default.html","SOURCEDATE":1426204800000,"VAL_METHOD":"IMAGERY","VAL_DATE":1426550400000}},{"type":"Feature","geometry":{"type":"Point","coordinates":[-79.1269114960014,37.4006611630032]},"properties":{"ID":"147459","NAME":"TAP147459","CITY":"LYNCHBURG","STATE":"VA","COUNTY":"LYNCHBURG","TYPE":"TAP","STATUS":"IN SERVICE","LATITUDE":37.400661163000052,"LONGITUDE":-79.126911495999934,"LINES":3,"MAX_VOLT":-999999,"MIN_VOLT":-999999,"SOURCE":"IMAGERY","SOURCEDATE":1426118400000,"VAL_METHOD":"IMAGERY/OTHER","VAL_DATE":1439510400000}},{"type":"Feature","geometry":{"type":"Point","coordinates":[-79.1830674620014,37.3273076800032]},"properties":{"ID":"147460","NAME":"GEORGE STREET","CITY":"LYNCHBURG","STATE":"VA","COUNTY":"CAMPBELL","TYPE":"SUBSTATION","STATUS":"IN SERVICE","LATITUDE":37.327307680000047,"LONGITUDE":-79.18306746199994,"LINES":2,"MAX_VOLT":-999999,"MIN_VOLT":-999999,"SOURCE":"OpenStreetMap","SOURCEDATE":1470268800000,"VAL_METHOD":"IMAGERY","VAL_DATE":1588291200000}},{"type":"Feature","geometry":{"type":"Point","coordinates":[-79.1443163140014,37.4193420130032]},"properties":{"ID":"147466","NAME":"UNKNOWN147466","CITY":"LYNCHBURG","STATE":"VA","COUNTY":"LYNCHBURG","TYPE":"SUBSTATION","STATUS":"IN SERVICE","LATITUDE":37.419342013000062,"LONGITUDE":-79.14431631399998,"LINES":-999999,"MAX_VOLT":-999999,"MIN_VOLT":-999999,"SOURCE":"OpenStreetMap","SOURCEDATE":1470268800000,"VAL_METHOD":"IMAGERY/OTHER","VAL_DATE":1494460800000}},{"type":"Feature","geometry":{"type":"Point","coordinates":[-79.0362122650014,37.4253943940032]},"properties":{"ID":"147470","NAME":"JOSHUA FALLS","CITY":"TROUTVILLE","STATE":"VA","COUNTY":"CAMPBELL","TYPE":"SUBSTATION","STATUS":"IN SERVICE","LATITUDE":37.42539439400008,"LONGITUDE":-79.036212264999961,"LINES":4,"MAX_VOLT":765,"MIN_VOLT":138,"SOURCE":"IMAGERY, OpenStreetMap","SOURCEDATE":1404172800000,"VAL_METHOD":"IMAGERY","VAL_DATE":1404172800000}},{"type":"Feature","geometry":{"type":"Point","coordinates":[-79.0661596540014,38.1478185890032]},"properties":{"ID":"147472","NAME":"STAUNTON","CITY":"STAUNTON","STATE":"VA","COUNTY":"STAUNTON","TYPE":"SUBSTATION","STATUS":"IN SERVICE","LATITUDE":38.147818589000053,"LONGITUDE":-79.066159653999989,"LINES":3,"MAX_VOLT":115,"MIN_VOLT":115,"SOURCE":"IMAGERY, OpenStreetMap","SOURCEDATE":1426204800000,"VAL_METHOD":"IMAGERY","VAL_DATE":1426204800000}},{"type":"Feature","geometry":{"type":"Point","coordinates":[-78.1277614030013,37.6570213130032]},"properties":{"ID":"147522","NAME":"CARTERSVILLE","CITY":"CARTERSVILLE","STATE":"VA","COUNTY":"CUMBERLAND","TYPE":"SUBSTATION","STATUS":"IN SERVICE","LATITUDE":37.65702131300003,"LONGITUDE":-78.127761402999965,"LINES":1,"MAX_VOLT":115,"MIN_VOLT":115,"SOURCE":"IMAGERY, http://www.pjm.com/system-map/default.html","SOURCEDATE":1408060800000,"VAL_METHOD":"IMAGERY","VAL_DATE":1427846400000}},{"type":"Feature","geometry":{"type":"Point","coordinates":[-78.2382210790014,37.6629727470032]},"properties":{"ID":"147523","NAME":"TRICES LAKE","CITY":"COLUMBIA","STATE":"VA","COUNTY":"CUMBERLAND","TYPE":"SUBSTATION","STATUS":"IN SERVICE","LATITUDE":37.662972747000026,"LONGITUDE":-78.23822107899997,"LINES":1,"MAX_VOLT":-999999,"MIN_VOLT":-999999,"SOURCE":"IMAGERY, http://www.pjm.com/system-map/default.html","SOURCEDATE":1408060800000,"VAL_METHOD":"IMAGERY","VAL_DATE":1427846400000}},{"type":"Feature","geometry":{"type":"Point","coordinates":[-77.9937417150013,38.3674929780032]},"properties":{"ID":"147524","NAME":"OAK GREEN","CITY":"MITCHELLS","STATE":"VA","COUNTY":"CULPEPER","TYPE":"SUBSTATION","STATUS":"IN SERVICE","LATITUDE":38.36749297800003,"LONGITUDE":-77.993741714999942,"LINES":1,"MAX_VOLT":115,"MIN_VOLT":115,"SOURCE":"IMAGERY, http://www.pjm.com/system-map/default.html","SOURCEDATE":1410134400000,"VAL_METHOD":"IMAGERY","VAL_DATE":1427846400000}},{"type":"Feature","geometry":{"type":"Point","coordinates":[-78.2215491350013,38.1265477530032]},"properties":{"ID":"147525","NAME":"GORDONSVILLE","CITY":"GORDONSVILLE","STATE":"VA","COUNTY":"ALBEMARLE","TYPE":"SUBSTATION","STATUS":"IN SERVICE","LATITUDE":38.126547753000068,"LONGITUDE":-78.221549134999975,"LINES":4,"MAX_VOLT":230,"MIN_VOLT":115,"SOURCE":"IMAGERY, http://www.pjm.com/system-map/default.html","SOURCEDATE":1426550400000,"VAL_METHOD":"IMAGERY","VAL_DATE":1426636800000}},{"type":"Feature","geometry":{"type":"Point","coordinates":[-78.2534057650013,39.0580609300032]},"properties":{"ID":"147526","NAME":"MEADOW BROOK","CITY":"STEPHENS CITY","STATE":"VA","COUNTY":"FREDERICK","TYPE":"SUBSTATION","STATUS":"IN SERVICE","LATITUDE":39.058060930000067,"LONGITUDE":-78.253405764999968,"LINES":11,"MAX_VOLT":500,"MIN_VOLT":138,"SOURCE":"IMAGERY, http://www.pjm.com/system-map/default.html","SOURCEDATE":1426550400000,"VAL_METHOD":"IMAGERY","VAL_DATE":1426636800000}},{"type":"Feature","geometry":{"type":"Point","coordinates":[-78.1370487680013,39.0613490520031]},"properties":{"ID":"147527","NAME":"DOUBLE TOLL GATE","CITY":"WHITE POST","STATE":"VA","COUNTY":"CLARKE","TYPE":"SUBSTATION","STATUS":"IN SERVICE","LATITUDE":39.061349052000025,"LONGITUDE":-78.137048767999943,"LINES":5,"MAX_VOLT":138,"MIN_VOLT":138,"SOURCE":"IMAGERY, http://www.pjm.com/system-map/default.html","SOURCEDATE":1426550400000,"VAL_METHOD":"IMAGERY","VAL_DATE":1426636800000}},{"type":"Feature","geometry":{"type":"Point","coordinates":[-78.0080712340013,39.1597598710032]},"properties":{"ID":"147528","NAME":"OLD CHAPEL","CITY":"BERRYVILLE","STATE":"VA","COUNTY":"CLARKE","TYPE":"SUBSTATION","STATUS":"IN SERVICE","LATITUDE":39.159759871000063,"LONGITUDE":-78.008071233999942,"LINES":1,"MAX_VOLT":138,"MIN_VOLT":138,"SOURCE":"IMAGERY, http://www.pjm.com/system-map/default.html","SOURCEDATE":1426550400000,"VAL_METHOD":"IMAGERY","VAL_DATE":1426636800000}},{"type":"Feature","geometry":{"type":"Point","coordinates":[-78.1774633580013,38.9685293520032]},"properties":{"ID":"147529","NAME":"FRONT ROYAL","CITY":"FRONT ROYAL","STATE":"VA","COUNTY":"WARREN","TYPE":"SUBSTATION","STATUS":"IN SERVICE","LATITUDE":38.968529352000076,"LONGITUDE":-78.177463357999954,"LINES":2,"MAX_VOLT":500,"MIN_VOLT":500,"SOURCE":"IMAGERY, http://www.pjm.com/system-map/default.html","SOURCEDATE":1426550400000,"VAL_METHOD":"IMAGERY","VAL_DATE":1426636800000}},{"type":"Feature","geometry":{"type":"Point","coordinates":[-78.1349918760013,39.2119716500031]},"properties":{"ID":"147530","NAME":"REDBUD","CITY":"WINCHESTER","STATE":"VA","COUNTY":"FREDERICK","TYPE":"SUBSTATION","STATUS":"IN SERVICE","LATITUDE":39.211971650000066,"LONGITUDE":-78.134991875999958,"LINES":2,"MAX_VOLT":138,"MIN_VOLT":138,"SOURCE":"IMAGERY, http://www.pjm.com/system-map/default.html","SOURCEDATE":1426550400000,"VAL_METHOD":"IMAGERY","VAL_DATE":1426636800000}},{"type":"Feature","geometry":{"type":"Point","coordinates":[-78.1314850270013,39.1523660930032]},"properties":{"ID":"147531","NAME":"GREENWOOD","CITY":"WINCHESTER","STATE":"VA","COUNTY":"FREDERICK","TYPE":"SUBSTATION","STATUS":"IN SERVICE","LATITUDE":39.152366093000069,"LONGITUDE":-78.13148502699994,"LINES":2,"MAX_VOLT":138,"MIN_VOLT":138,"SOURCE":"IMAGERY, http://www.pjm.com/system-map/default.html","SOURCEDATE":1426550400000,"VAL_METHOD":"IMAGERY","VAL_DATE":1426636800000}},{"type":"Feature","geometry":{"type":"Point","coordinates":[-78.0830850730013,39.2729763330031]},"properties":{"ID":"147532","NAME":"STONEWALL","CITY":"CLEAR BROOK","STATE":"VA","COUNTY":"FREDERICK","TYPE":"SUBSTATION","STATUS":"IN SERVICE","LATITUDE":39.272976333000031,"LONGITUDE":-78.08308507299995,"LINES":4,"MAX_VOLT":138,"MIN_VOLT":138,"SOURCE":"IMAGERY, http://www.pjm.com/system-map/default.html","SOURCEDATE":1426550400000,"VAL_METHOD":"IMAGERY","VAL_DATE":1426636800000}},{"type":"Feature","geometry":{"type":"Point","coordinates":[-78.0883690620013,39.2449002800031]},"properties":{"ID":"147533","NAME":"STEPHENSON","CITY":"STEPHENSON","STATE":"VA","COUNTY":"FREDERICK","TYPE":"SUBSTATION","STATUS":"IN SERVICE","LATITUDE":39.244900280000024,"LONGITUDE":-78.08836906199997,"LINES":2,"MAX_VOLT":138,"MIN_VOLT":138,"SOURCE":"IMAGERY, http://www.pjm.com/system-map/default.html","SOURCEDATE":1426550400000,"VAL_METHOD":"IMAGERY","VAL_DATE":1426636800000}},{"type":"Feature","geometry":{"type":"Point","coordinates":[-78.2206241860013,38.6584695100031]},"properties":{"ID":"147534","NAME":"SPERRYVILLE","CITY":"SPERRYVILLE","STATE":"VA","COUNTY":"RAPPAHANNOCK","TYPE":"SUBSTATION","STATUS":"IN SERVICE","LATITUDE":38.658469510000032,"LONGITUDE":-78.220624185999952,"LINES":3,"MAX_VOLT":138,"MIN_VOLT":-999999,"SOURCE":"IMAGERY, http://www.pjm.com/system-map/default.html","SOURCEDATE":1426636800000,"VAL_METHOD":"IMAGERY","VAL_DATE":1426636800000}},{"type":"Feature","geometry":{"type":"Point","coordinates":[-78.1280687110013,37.6567504280032]},"properties":{"ID":"147535","NAME":"TAP147535","CITY":"CARTERSVILLE","STATE":"VA","COUNTY":"CUMBERLAND","TYPE":"TAP","STATUS":"IN SERVICE","LATITUDE":37.656750428000066,"LONGITUDE":-78.128068710999969,"LINES":3,"MAX_VOLT":115,"MIN_VOLT":115,"SOURCE":"IMAGERY","SOURCEDATE":1408060800000,"VAL_METHOD":"IMAGERY/OTHER","VAL_DATE":1439510400000}},{"type":"Feature","geometry":{"type":"Point","coordinates":[-78.1746243990014,37.7595616130032]},"properties":{"ID":"147536","NAME":"TAP147536","CITY":"COLUMBIA","STATE":"VA","COUNTY":"FLUVANNA","TYPE":"TAP","STATUS":"IN SERVICE","LATITUDE":37.759561613000074,"LONGITUDE":-78.174624398999981,"LINES":3,"MAX_VOLT":-999999,"MIN_VOLT":-999999,"SOURCE":"IMAGERY","SOURCEDATE":1408060800000,"VAL_METHOD":"IMAGERY/OTHER","VAL_DATE":1439510400000}},{"type":"Feature","geometry":{"type":"Point","coordinates":[-78.1951527350013,39.1302379970031]},"properties":{"ID":"147542","NAME":"BARTONSVILLE","CITY":"WINCHESTER","STATE":"VA","COUNTY":"FREDERICK","TYPE":"SUBSTATION","STATUS":"IN SERVICE","LATITUDE":39.130237997000052,"LONGITUDE":-78.195152734999965,"LINES":-999999,"MAX_VOLT":-999999,"MIN_VOLT":-999999,"SOURCE":"OpenStreetMap","SOURCEDATE":1470268800000,"VAL_METHOD":"IMAGERY/OTHER","VAL_DATE":1494460800000}},{"type":"Feature","geometry":{"type":"Point","coordinates":[-78.1058930000013,38.7557570000032]},"properties":{"ID":"147543","NAME":"UNKNOWN147543","CITY":"FLINT HILL","STATE":"VA","COUNTY":"RAPPAHANNOCK","TYPE":"SUBSTATION","STATUS":"IN SERVICE","LATITUDE":38.755757000000074,"LONGITUDE":-78.10589299999998,"LINES":2,"MAX_VOLT":-999999,"MIN_VOLT":-999999,"SOURCE":"IMAGERY","SOURCEDATE":1495584000000,"VAL_METHOD":"IMAGERY","VAL_DATE":1495584000000}},{"type":"Feature","geometry":{"type":"Point","coordinates":[-78.1501880000013,38.9558020000032]},"properties":{"ID":"147545","NAME":"UNKNOWN147545","CITY":"FRONT ROYAL","STATE":"VA","COUNTY":"WARREN","TYPE":"SUBSTATION","STATUS":"IN SERVICE","LATITUDE":38.955802000000062,"LONGITUDE":-78.150187999999957,"LINES":-999999,"MAX_VOLT":-999999,"MIN_VOLT":-999999,"SOURCE":"IMAGERY","SOURCEDATE":1495584000000,"VAL_METHOD":"IMAGERY","VAL_DATE":1495584000000}},{"type":"Feature","geometry":{"type":"Point","coordinates":[-78.1734175290013,37.7609274530032]},"properties":{"ID":"147553","NAME":"COLUMBIA","CITY":"COLUMBIA","STATE":"VA","COUNTY":"FLUVANNA","TYPE":"SUBSTATION","STATUS":"IN SERVICE","LATITUDE":37.760927453000079,"LONGITUDE":-78.173417528999948,"LINES":2,"MAX_VOLT":-999999,"MIN_VOLT":-999999,"SOURCE":"IMAGERY, OpenStreetMap","SOURCEDATE":1408060800000,"VAL_METHOD":"IMAGERY","VAL_DATE":1408060800000}},{"type":"Feature","geometry":{"type":"Point","coordinates":[-78.1054053910013,37.9315095120032]},"properties":{"ID":"147554","NAME":"FERNCLIFF","CITY":"LOUISA","STATE":"VA","COUNTY":"LOUISA","TYPE":"SUBSTATION","STATUS":"IN SERVICE","LATITUDE":37.931509512000048,"LONGITUDE":-78.105405390999977,"LINES":2,"MAX_VOLT":-999999,"MIN_VOLT":-999999,"SOURCE":"IMAGERY, OpenStreetMap","SOURCEDATE":1408060800000,"VAL_METHOD":"IMAGERY","VAL_DATE":1408060800000}},{"type":"Feature","geometry":{"type":"Point","coordinates":[-78.0459555570013,37.8825671500032]},"properties":{"ID":"147555","NAME":"SHANNON HILL","CITY":"KENTS STORE","STATE":"VA","COUNTY":"GOOCHLAND","TYPE":"SUBSTATION","STATUS":"IN SERVICE","LATITUDE":37.882567150000057,"LONGITUDE":-78.045955556999957,"LINES":1,"MAX_VOLT":-999999,"MIN_VOLT":-999999,"SOURCE":"IMAGERY, OpenStreetMap","SOURCEDATE":1408060800000,"VAL_METHOD":"IMAGERY","VAL_DATE":1408060800000}},{"type":"Feature","geometry":{"type":"Point","coordinates":[-78.2551566070013,39.0541225100032]},"properties":{"ID":"147556","NAME":"MEADOW BROOK","CITY":"MIDDLETOWN","STATE":"VA","COUNTY":"FREDERICK","TYPE":"SUBSTATION","STATUS":"IN SERVICE","LATITUDE":39.05412251000007,"LONGITUDE":-78.255156606999947,"LINES":2,"MAX_VOLT":138,"MIN_VOLT":138,"SOURCE":"IMAGERY, OpenStreetMap","SOURCEDATE":1426550400000,"VAL_METHOD":"IMAGERY","VAL_DATE":1426550400000}},{"type":"Feature","geometry":{"type":"Point","coordinates":[-78.1772279110014,38.9654074790032]},"properties":{"ID":"147557","NAME":"RIVERTON","CITY":"FRONT ROYAL","STATE":"VA","COUNTY":"WARREN","TYPE":"SUBSTATION","STATUS":"IN SERVICE","LATITUDE":38.965407479000078,"LONGITUDE":-78.177227910999989,"LINES":4,"MAX_VOLT":138,"MIN_VOLT":138,"SOURCE":"IMAGERY, OpenStreetMap","SOURCEDATE":1426550400000,"VAL_METHOD":"IMAGERY","VAL_DATE":1426550400000}},{"type":"Feature","geometry":{"type":"Point","coordinates":[-78.2075268570013,39.1295718680031]},"properties":{"ID":"147558","NAME":"WEST WINCHESTER","CITY":"WINCHESTER","STATE":"VA","COUNTY":"FREDERICK","TYPE":"SUBSTATION","STATUS":"IN SERVICE","LATITUDE":39.129571868000028,"LONGITUDE":-78.207526856999948,"LINES":2,"MAX_VOLT":138,"MIN_VOLT":138,"SOURCE":"IMAGERY, OpenStreetMap","SOURCEDATE":1426550400000,"VAL_METHOD":"IMAGERY","VAL_DATE":1426550400000}},{"type":"Feature","geometry":{"type":"Point","coordinates":[-77.1585232880013,37.4373761970032]},"properties":{"ID":"147559","NAME":"CHICKAHOMINY","CITY":"CHARLES CITY","STATE":"VA","COUNTY":"CHARLES CITY","TYPE":"SUBSTATION","STATUS":"IN SERVICE","LATITUDE":37.437376197000049,"LONGITUDE":-77.158523287999969,"LINES":10,"MAX_VOLT":500,"MIN_VOLT":230,"SOURCE":"IMAGERY, http://www.pjm.com/system-map/default.html","SOURCEDATE":1406764800000,"VAL_METHOD":"IMAGERY","VAL_DATE":1427846400000}},{"type":"Feature","geometry":{"type":"Point","coordinates":[-77.2470662510013,37.4861199560032]},"properties":{"ID":"147560","NAME":"WHITE OAK","CITY":"SANDSTON","STATE":"VA","COUNTY":"HENRICO","TYPE":"SUBSTATION","STATUS":"IN SERVICE","LATITUDE":37.486119956000039,"LONGITUDE":-77.247066250999978,"LINES":2,"MAX_VOLT":230,"MIN_VOLT":230,"SOURCE":"IMAGERY, http://www.pjm.com/system-map/default.html","SOURCEDATE":1407974400000,"VAL_METHOD":"IMAGERY","VAL_DATE":1427846400000}},{"type":"Feature","geometry":{"type":"Point","coordinates":[-77.2374448260013,37.4772591650032]},"properties":{"ID":"147561","NAME":"ELKO","CITY":"SANDSTON","STATE":"VA","COUNTY":"HENRICO","TYPE":"SUBSTATION","STATUS":"IN SERVICE","LATITUDE":37.477259165000078,"LONGITUDE":-77.237444825999944,"LINES":4,"MAX_VOLT":230,"MIN_VOLT":230,"SOURCE":"IMAGERY, http://www.pjm.com/system-map/default.html","SOURCEDATE":1407974400000,"VAL_METHOD":"IMAGERY","VAL_DATE":1427846400000}},{"type":"Feature","geometry":{"type":"Point","coordinates":[-77.2505877130013,37.6345599590032]},"properties":{"ID":"147562","NAME":"OLD CHURCH","CITY":"MECHANICSVILLE","STATE":"VA","COUNTY":"HANOVER","TYPE":"SUBSTATION","STATUS":"IN SERVICE","LATITUDE":37.634559959000057,"LONGITUDE":-77.250587712999959,"LINES":1,"MAX_VOLT":230,"MIN_VOLT":230,"SOURCE":"IMAGERY, http://www.pjm.com/system-map/default.html","SOURCEDATE":1407974400000,"VAL_METHOD":"IMAGERY","VAL_DATE":1427846400000}},{"type":"Feature","geometry":{"type":"Point","coordinates":[-77.2310782690013,38.2866818170032]},"properties":{"ID":"147563","NAME":"BIRCHWOOD","CITY":"KING GEORGE","STATE":"VA","COUNTY":"KING GEORGE","TYPE":"SUBSTATION","STATUS":"IN SERVICE","LATITUDE":38.286681817000044,"LONGITUDE":-77.231078268999966,"LINES":1,"MAX_VOLT":230,"MIN_VOLT":230,"SOURCE":"IMAGERY, http://www.pjm.com/system-map/default.html","SOURCEDATE":1408492800000,"VAL_METHOD":"IMAGERY","VAL_DATE":1427846400000}},{"type":"Feature","geometry":{"type":"Point","coordinates":[-77.2043537090013,38.2799423110032]},"properties":{"ID":"147564","NAME":"COMORN DP","CITY":"KING GEORGE","STATE":"VA","COUNTY":"KING GEORGE","TYPE":"SUBSTATION","STATUS":"IN SERVICE","LATITUDE":38.27994231100007,"LONGITUDE":-77.204353708999975,"LINES":2,"MAX_VOLT":230,"MIN_VOLT":230,"SOURCE":"IMAGERY, http://www.pjm.com/system-map/default.html","SOURCEDATE":1408492800000,"VAL_METHOD":"IMAGERY","VAL_DATE":1427846400000}},{"type":"Feature","geometry":{"type":"Point","coordinates":[-77.2690637660013,38.7131563530032]},"properties":{"ID":"147565","NAME":"OCCOQUAN","CITY":"LORTON","STATE":"VA","COUNTY":"FAIRFAX","TYPE":"SUBSTATION","STATUS":"IN SERVICE","LATITUDE":38.713156353000045,"LONGITUDE":-77.269063765999988,"LINES":3,"MAX_VOLT":230,"MIN_VOLT":230,"SOURCE":"IMAGERY, http://www.pjm.com/system-map/default.html","SOURCEDATE":1408579200000,"VAL_METHOD":"IMAGERY","VAL_DATE":1427846400000}},{"type":"Feature","geometry":{"type":"Point","coordinates":[-77.2235611390013,38.8218652970032]},"properties":{"ID":"147566","NAME":"BRADDOCK","CITY":"ANNANDALE","STATE":"VA","COUNTY":"FAIRFAX","TYPE":"SUBSTATION","STATUS":"IN SERVICE","LATITUDE":38.821865297000045,"LONGITUDE":-77.223561138999969,"LINES":7,"MAX_VOLT":230,"MIN_VOLT":-999999,"SOURCE":"IMAGERY, http://www.pjm.com/system-map/default.html","SOURCEDATE":1408665600000,"VAL_METHOD":"IMAGERY","VAL_DATE":1427846400000}},{"type":"Feature","geometry":{"type":"Point","coordinates":[-77.2191441150012,38.8544287660032]},"properties":{"ID":"147567","NAME":"GALLOWS ROAD","CITY":"FALLS CHURCH","STATE":"VA","COUNTY":"FAIRFAX","TYPE":"SUBSTATION","STATUS":"IN SERVICE","LATITUDE":38.854428766000069,"LONGITUDE":-77.219144114999949,"LINES":4,"MAX_VOLT":230,"MIN_VOLT":230,"SOURCE":"IMAGERY, http://www.pjm.com/system-map/default.html","SOURCEDATE":1408665600000,"VAL_METHOD":"IMAGERY","VAL_DATE":1427846400000}},{"type":"Feature","geometry":{"type":"Point","coordinates":[-77.2096083460013,38.8856424380032]},"properties":{"ID":"147568","NAME":"IDYLWOOD","CITY":"FALLS CHURCH","STATE":"VA","COUNTY":"FAIRFAX","TYPE":"SUBSTATION","STATUS":"IN SERVICE","LATITUDE":38.885642438000048,"LONGITUDE":-77.209608345999982,"LINES":8,"MAX_VOLT":230,"MIN_VOLT":230,"SOURCE":"IMAGERY, http://www.pjm.com/system-map/default.html, https://www.dominionenergy.com/library/domcom/media/about-us/electric-projects/power-line-projects/idylwood-at-shreve-road/idylwood-proposed-landscaping-plan.pdf?la=en","SOURCEDATE":1408665600000,"VAL_METHOD":"IMAGERY","VAL_DATE":1551657600000}},{"type":"Feature","geometry":{"type":"Point","coordinates":[-77.2634949460013,38.7739330730032]},"properties":{"ID":"147569","NAME":"KEENE MILL","CITY":"BURKE","STATE":"VA","COUNTY":"FAIRFAX","TYPE":"SUBSTATION","STATUS":"IN SERVICE","LATITUDE":38.77393307300008,"LONGITUDE":-77.26349494599998,"LINES":4,"MAX_VOLT":230,"MIN_VOLT":230,"SOURCE":"IMAGERY, http://www.pjm.com/system-map/default.html","SOURCEDATE":1408665600000,"VAL_METHOD":"IMAGERY","VAL_DATE":1427846400000}},{"type":"Feature","geometry":{"type":"Point","coordinates":[-77.2437030760013,38.7967518530032]},"properties":{"ID":"147570","NAME":"RAVENSWORTH","CITY":"SPRINGFIELD","STATE":"VA","COUNTY":"FAIRFAX","TYPE":"SUBSTATION","STATUS":"IN SERVICE","LATITUDE":38.796751853000046,"LONGITUDE":-77.243703075999974,"LINES":5,"MAX_VOLT":230,"MIN_VOLT":230,"SOURCE":"IMAGERY, http://www.pjm.com/system-map/default.html","SOURCEDATE":1408665600000,"VAL_METHOD":"IMAGERY","VAL_DATE":1427846400000}},{"type":"Feature","geometry":{"type":"Point","coordinates":[-77.0984868000013,38.8849827370032]},"properties":{"ID":"147571","NAME":"BALLSTON","CITY":"ARLINGTON","STATE":"VA","COUNTY":"ARLINGTON","TYPE":"SUBSTATION","STATUS":"IN SERVICE","LATITUDE":38.88498273700003,"LONGITUDE":-77.098486799999989,"LINES":2,"MAX_VOLT":-999999,"MIN_VOLT":-999999,"SOURCE":"IMAGERY, http://www.pjm.com/system-map/default.html","SOURCEDATE":1409011200000,"VAL_METHOD":"IMAGERY","VAL_DATE":1427846400000}},{"type":"Feature","geometry":{"type":"Point","coordinates":[-77.1046389360012,38.8849595970032]},"properties":{"ID":"147572","NAME":"CLARENDON","CITY":"ARLINGTON","STATE":"VA","COUNTY":"ARLINGTON","TYPE":"SUBSTATION","STATUS":"IN SERVICE","LATITUDE":38.884959597000034,"LONGITUDE":-77.104638935999958,"LINES":4,"MAX_VOLT":-999999,"MIN_VOLT":-999999,"SOURCE":"IMAGERY, http://www.pjm.com/system-map/default.html","SOURCEDATE":1409011200000,"VAL_METHOD":"IMAGERY","VAL_DATE":1427846400000}},{"type":"Feature","geometry":{"type":"Point","coordinates":[-77.1292908460012,38.8695265120032]},"properties":{"ID":"147573","NAME":"GLEN CARLYN","CITY":"ARLINGTON","STATE":"VA","COUNTY":"ARLINGTON","TYPE":"SUBSTATION","STATUS":"IN SERVICE","LATITUDE":38.86952651200005,"LONGITUDE":-77.129290845999947,"LINES":5,"MAX_VOLT":230,"MIN_VOLT":-999999,"SOURCE":"IMAGERY, http://www.pjm.com/system-map/default.html","SOURCEDATE":1409011200000,"VAL_METHOD":"IMAGERY","VAL_DATE":1427846400000}},{"type":"Feature","geometry":{"type":"Point","coordinates":[-77.0978262420012,38.8476908230032]},"properties":{"ID":"147574","NAME":"ARLINGTON","CITY":"ARLINGTON","STATE":"VA","COUNTY":"ARLINGTON","TYPE":"SUBSTATION","STATUS":"IN SERVICE","LATITUDE":38.84769082300005,"LONGITUDE":-77.09782624199994,"LINES":4,"MAX_VOLT":230,"MIN_VOLT":230,"SOURCE":"IMAGERY, https://www.alexandriava.gov/uploadedFiles/special/dominion/DVP%20Presentation%2003-23-16%20230%20kV%20Update.pdf","SOURCEDATE":1409011200000,"VAL_METHOD":"IMAGERY","VAL_DATE":1512000000000}},{"type":"Feature","geometry":{"type":"Point","coordinates":[-77.2368913210013,38.9320282090032]},"properties":{"ID":"147575","NAME":"TYSONS","CITY":"VIENNA","STATE":"VA","COUNTY":"FAIRFAX","TYPE":"SUBSTATION","STATUS":"IN SERVICE","LATITUDE":38.932028209000066,"LONGITUDE":-77.236891320999973,"LINES":2,"MAX_VOLT":230,"MIN_VOLT":230,"SOURCE":"IMAGERY, http://www.pjm.com/system-map/default.html","SOURCEDATE":1409097600000,"VAL_METHOD":"IMAGERY","VAL_DATE":1427846400000}},{"type":"Feature","geometry":{"type":"Point","coordinates":[-77.1995026120012,38.9501660470032]},"properties":{"ID":"147576","NAME":"SWINKS MILL","CITY":"MCLEAN","STATE":"VA","COUNTY":"FAIRFAX","TYPE":"SUBSTATION","STATUS":"IN SERVICE","LATITUDE":38.950166047000039,"LONGITUDE":-77.199502611999947,"LINES":2,"MAX_VOLT":230,"MIN_VOLT":230,"SOURCE":"IMAGERY, http://www.pjm.com/system-map/default.html","SOURCEDATE":1409097600000,"VAL_METHOD":"IMAGERY","VAL_DATE":1427846400000}},{"type":"Feature","geometry":{"type":"Point","coordinates":[-77.1481674530013,38.9504462110032]},"properties":{"ID":"147577","NAME":"CIA","CITY":"MC LEAN","STATE":"VA","COUNTY":"FAIRFAX","TYPE":"SUBSTATION","STATUS":"IN SERVICE","LATITUDE":38.950446211000042,"LONGITUDE":-77.148167452999985,"LINES":2,"MAX_VOLT":230,"MIN_VOLT":230,"SOURCE":"IMAGERY, http://www.pjm.com/system-map/default.html","SOURCEDATE":1409184000000,"VAL_METHOD":"IMAGERY","VAL_DATE":1427846400000}},{"type":"Feature","geometry":{"type":"Point","coordinates":[-77.0825323630013,38.8859777440032]},"properties":{"ID":"147578","NAME":"RADNOR HEIGHTS","CITY":"ARLINGTON","STATE":"VA","COUNTY":"ARLINGTON","TYPE":"SUBSTATION","STATUS":"IN SERVICE","LATITUDE":38.885977744000058,"LONGITUDE":-77.082532362999984,"LINES":2,"MAX_VOLT":-999999,"MIN_VOLT":-999999,"SOURCE":"IMAGERY, http://www.pjm.com/system-map/default.html","SOURCEDATE":1409184000000,"VAL_METHOD":"IMAGERY","VAL_DATE":1427846400000}},{"type":"Feature","geometry":{"type":"Point","coordinates":[-77.0715360540012,38.8960790900032]},"properties":{"ID":"147579","NAME":"ROSSLYN","CITY":"ARLINGTON","STATE":"VA","COUNTY":"ARLINGTON","TYPE":"SUBSTATION","STATUS":"NOT AVAILABLE","LATITUDE":38.896079090000057,"LONGITUDE":-77.071536053999978,"LINES":2,"MAX_VOLT":-999999,"MIN_VOLT":-999999,"SOURCE":"Internet/Map, http://www.pjm.com/system-map/default.html","SOURCEDATE":1409270400000,"VAL_METHOD":"UNVERIFIED","VAL_DATE":1427846400000}},{"type":"Feature","geometry":{"type":"Point","coordinates":[-77.2509350220013,37.6345490480032]},"properties":{"ID":"147581","NAME":"TAP147581","CITY":"MECHANICSVILLE","STATE":"VA","COUNTY":"HANOVER","TYPE":"TAP","STATUS":"IN SERVICE","LATITUDE":37.634549048000054,"LONGITUDE":-77.250935021999965,"LINES":3,"MAX_VOLT":230,"MIN_VOLT":230,"SOURCE":"IMAGERY","SOURCEDATE":1407974400000,"VAL_METHOD":"IMAGERY/OTHER","VAL_DATE":1439510400000}},{"type":"Feature","geometry":{"type":"Point","coordinates":[-77.2629473630013,38.8730570430032]},"properties":{"ID":"147583","NAME":"UNKNOWN147583","CITY":"FAIRFAX","STATE":"VA","COUNTY":"FAIRFAX","TYPE":"SUBSTATION","STATUS":"IN SERVICE","LATITUDE":38.873057043000074,"LONGITUDE":-77.262947362999967,"LINES":-999999,"MAX_VOLT":-999999,"MIN_VOLT":-999999,"SOURCE":"OpenStreetMap","SOURCEDATE":1470268800000,"VAL_METHOD":"IMAGERY/OTHER","VAL_DATE":1494460800000}},{"type":"Feature","geometry":{"type":"Point","coordinates":[-77.1090423700012,38.8186372410032]},"properties":{"ID":"147584","NAME":"UNKNOWN147584","CITY":"ALEXANDRIA","STATE":"VA","COUNTY":"ALEXANDRIA","TYPE":"SUBSTATION","STATUS":"IN SERVICE","LATITUDE":38.818637241000033,"LONGITUDE":-77.109042369999941,"LINES":-999999,"MAX_VOLT":-999999,"MIN_VOLT":-999999,"SOURCE":"OpenStreetMap","SOURCEDATE":1470268800000,"VAL_METHOD":"IMAGERY/OTHER","VAL_DATE":1494460800000}},{"type":"Feature","geometry":{"type":"Point","coordinates":[-77.1848834280013,38.8479899680032]},"properties":{"ID":"147585","NAME":"UNKNOWN147585","CITY":"FALLS CHURCH","STATE":"VA","COUNTY":"FAIRFAX","TYPE":"SUBSTATION","STATUS":"IN SERVICE","LATITUDE":38.847989968000036,"LONGITUDE":-77.184883427999978,"LINES":-999999,"MAX_VOLT":-999999,"MIN_VOLT":-999999,"SOURCE":"OpenStreetMap","SOURCEDATE":1470268800000,"VAL_METHOD":"IMAGERY/OTHER","VAL_DATE":1494460800000}},{"type":"Feature","geometry":{"type":"Point","coordinates":[-77.2646574760013,38.9008257750032]},"properties":{"ID":"147586","NAME":"UNKNOWN147586","CITY":"VIENNA","STATE":"VA","COUNTY":"FAIRFAX","TYPE":"SUBSTATION","STATUS":"IN SERVICE","LATITUDE":38.900825775000044,"LONGITUDE":-77.264657475999968,"LINES":-999999,"MAX_VOLT":-999999,"MIN_VOLT":-999999,"SOURCE":"OpenStreetMap","SOURCEDATE":1470268800000,"VAL_METHOD":"IMAGERY/OTHER","VAL_DATE":1494460800000}},{"type":"Feature","geometry":{"type":"Point","coordinates":[-77.0893127490013,38.7486708240032]},"properties":{"ID":"147608","NAME":"GUM SPRINGS","CITY":"ALEXANDRIA","STATE":"VA","COUNTY":"FAIRFAX","TYPE":"SUBSTATION","STATUS":"IN SERVICE","LATITUDE":38.748670824000044,"LONGITUDE":-77.089312748999987,"LINES":2,"MAX_VOLT":230,"MIN_VOLT":230,"SOURCE":"IMAGERY, OpenStreetMap","SOURCEDATE":1409184000000,"VAL_METHOD":"IMAGERY","VAL_DATE":1512000000000}},{"type":"Feature","geometry":{"type":"Point","coordinates":[-79.5324660300015,37.0403453810032]},"properties":{"ID":"147612","NAME":"SMITH MOUNTAIN","CITY":"SANDY LEVEL","STATE":"VA","COUNTY":"BEDFORD","TYPE":"SUBSTATION","STATUS":"IN SERVICE","LATITUDE":37.040345381000066,"LONGITUDE":-79.532466029999966,"LINES":6,"MAX_VOLT":138,"MIN_VOLT":138,"SOURCE":"IMAGERY, http://www.pjm.com/system-map/default.html","SOURCEDATE":1404259200000,"VAL_METHOD":"IMAGERY","VAL_DATE":1427846400000}},{"type":"Feature","geometry":{"type":"Point","coordinates":[-79.4806951630014,37.6248423440031]},"properties":{"ID":"147613","NAME":"GLASGOW","CITY":"GLASGOW","STATE":"VA","COUNTY":"ROCKBRIDGE","TYPE":"SUBSTATION","STATUS":"IN SERVICE","LATITUDE":37.624842344000058,"LONGITUDE":-79.48069516299995,"LINES":3,"MAX_VOLT":115,"MIN_VOLT":-999999,"SOURCE":"IMAGERY, http://www.pjm.com/system-map/default.html","SOURCEDATE":1404259200000,"VAL_METHOD":"IMAGERY","VAL_DATE":1426204800000}},{"type":"Feature","geometry":{"type":"Point","coordinates":[-79.4620956080014,36.8467114900032]},"properties":{"ID":"147614","NAME":"BEARSKIN","CITY":"CHATHAM","STATE":"VA","COUNTY":"PITTSYLVANIA","TYPE":"SUBSTATION","STATUS":"IN SERVICE","LATITUDE":36.846711490000075,"LONGITUDE":-79.46209560799997,"LINES":1,"MAX_VOLT":115,"MIN_VOLT":115,"SOURCE":"IMAGERY, http://www.pjm.com/system-map/default.html","SOURCEDATE":1405036800000,"VAL_METHOD":"IMAGERY","VAL_DATE":1427846400000}},{"type":"Feature","geometry":{"type":"Point","coordinates":[-79.4707789750014,36.8478533140032]},"properties":{"ID":"147615","NAME":"BEARSKIN","CITY":"CHATHAM","STATE":"VA","COUNTY":"PITTSYLVANIA","TYPE":"SUBSTATION","STATUS":"IN SERVICE","LATITUDE":36.847853314000076,"LONGITUDE":-79.470778974999973,"LINES":1,"MAX_VOLT":115,"MIN_VOLT":115,"SOURCE":"IMAGERY, http://www.pjm.com/system-map/default.html","SOURCEDATE":1405036800000,"VAL_METHOD":"IMAGERY","VAL_DATE":1427846400000}},{"type":"Feature","geometry":{"type":"Point","coordinates":[-79.5092247020015,37.9683445190031]},"properties":{"ID":"147616","NAME":"GOSHEN","CITY":"GOSHEN","STATE":"VA","COUNTY":"ROCKBRIDGE","TYPE":"SUBSTATION","STATUS":"IN SERVICE","LATITUDE":37.968344519000027,"LONGITUDE":-79.509224701999983,"LINES":4,"MAX_VOLT":115,"MIN_VOLT":-999999,"SOURCE":"IMAGERY, http://www.pjm.com/system-map/default.html","SOURCEDATE":1426032000000,"VAL_METHOD":"IMAGERY","VAL_DATE":1426032000000}},{"type":"Feature","geometry":{"type":"Point","coordinates":[-79.5019699510015,37.3745951950032]},"properties":{"ID":"147617","NAME":"CENTERVILLE","CITY":"BEDFORD","STATE":"VA","COUNTY":"BEDFORD","TYPE":"SUBSTATION","STATUS":"IN SERVICE","LATITUDE":37.37459519500004,"LONGITUDE":-79.501969950999978,"LINES":5,"MAX_VOLT":138,"MIN_VOLT":-999999,"SOURCE":"IMAGERY, http://www.pjm.com/system-map/default.html","SOURCEDATE":1426118400000,"VAL_METHOD":"IMAGERY","VAL_DATE":1426204800000}},{"type":"Feature","geometry":{"type":"Point","coordinates":[-79.4626080330015,36.8486058580031]},"properties":{"ID":"147623","NAME":"TAP147623","CITY":"CHATHAM","STATE":"VA","COUNTY":"PITTSYLVANIA","TYPE":"TAP","STATUS":"IN SERVICE","LATITUDE":36.848605858000042,"LONGITUDE":-79.462608032999981,"LINES":3,"MAX_VOLT":115,"MIN_VOLT":115,"SOURCE":"IMAGERY","SOURCEDATE":1405036800000,"VAL_METHOD":"IMAGERY/OTHER","VAL_DATE":1439510400000}},{"type":"Feature","geometry":{"type":"Point","coordinates":[-79.5223763560014,37.3356149310032]},"properties":{"ID":"147624","NAME":"UNKNOWN147624","CITY":"BEDFORD","STATE":"VA","COUNTY":"BEDFORD","TYPE":"SUBSTATION","STATUS":"IN SERVICE","LATITUDE":37.335614931000066,"LONGITUDE":-79.522376355999938,"LINES":1,"MAX_VOLT":138,"MIN_VOLT":138,"SOURCE":"OpenStreetMap","SOURCEDATE":1470268800000,"VAL_METHOD":"IMAGERY/OTHER","VAL_DATE":1494460800000}},{"type":"Feature","geometry":{"type":"Point","coordinates":[-79.3787759920015,36.5770875130032]},"properties":{"ID":"147629","NAME":"UNKNOWN147629","CITY":"DANVILLE","STATE":"VA","COUNTY":"DANVILLE","TYPE":"SUBSTATION","STATUS":"IN SERVICE","LATITUDE":36.577087513000038,"LONGITUDE":-79.378775991999987,"LINES":4,"MAX_VOLT":138,"MIN_VOLT":-999999,"SOURCE":"IMAGERY","SOURCEDATE":1470096000000,"VAL_METHOD":"IMAGERY","VAL_DATE":1470096000000}},{"type":"Feature","geometry":{"type":"Point","coordinates":[-79.4204190220014,37.8676510290031]},"properties":{"ID":"147630","NAME":"LEXINGTON","CITY":"ROCKBRIDGE BATHS","STATE":"VA","COUNTY":"ROCKBRIDGE","TYPE":"SUBSTATION","STATUS":"IN SERVICE","LATITUDE":37.867651029000058,"LONGITUDE":-79.420419021999976,"LINES":9,"MAX_VOLT":500,"MIN_VOLT":115,"SOURCE":"IMAGERY, http://www.pjm.com/system-map/default.html","SOURCEDATE":1404259200000,"VAL_METHOD":"IMAGERY","VAL_DATE":1426032000000}},{"type":"Feature","geometry":{"type":"Point","coordinates":[-79.3964332200014,36.6151978520032]},"properties":{"ID":"147631","NAME":"DANVILLE","CITY":"DANVILLE","STATE":"VA","COUNTY":"DANVILLE","TYPE":"SUBSTATION","STATUS":"IN SERVICE","LATITUDE":36.615197852000051,"LONGITUDE":-79.396433219999949,"LINES":10,"MAX_VOLT":138,"MIN_VOLT":-999999,"SOURCE":"IMAGERY, http://www.pjm.com/system-map/default.html","SOURCEDATE":1404777600000,"VAL_METHOD":"IMAGERY","VAL_DATE":1427846400000}},{"type":"Feature","geometry":{"type":"Point","coordinates":[-79.3624403090014,36.9368988770032]},"properties":{"ID":"147632","NAME":"MT AIRY","CITY":"GRETNA","STATE":"VA","COUNTY":"PITTSYLVANIA","TYPE":"SUBSTATION","STATUS":"IN SERVICE","LATITUDE":36.936898877000033,"LONGITUDE":-79.362440308999965,"LINES":1,"MAX_VOLT":115,"MIN_VOLT":115,"SOURCE":"IMAGERY, http://www.pjm.com/system-map/default.html","SOURCEDATE":1405296000000,"VAL_METHOD":"IMAGERY","VAL_DATE":1426204800000}},{"type":"Feature","geometry":{"type":"Point","coordinates":[-79.4061725180014,36.7505207550032]},"properties":{"ID":"147633","NAME":"BANISTER","CITY":"DRY FORK","STATE":"VA","COUNTY":"PITTSYLVANIA","TYPE":"SUBSTATION","STATUS":"IN SERVICE","LATITUDE":36.750520755000025,"LONGITUDE":-79.406172517999948,"LINES":2,"MAX_VOLT":138,"MIN_VOLT":138,"SOURCE":"IMAGERY, http://www.pjm.com/system-map/default.html","SOURCEDATE":1405036800000,"VAL_METHOD":"IMAGERY","VAL_DATE":1427846400000}},{"type":"Feature","geometry":{"type":"Point","coordinates":[-79.3876352930014,36.8494760470032]},"properties":{"ID":"147634","NAME":"CHATHAM","CITY":"CHATHAM","STATE":"VA","COUNTY":"PITTSYLVANIA","TYPE":"SUBSTATION","STATUS":"IN SERVICE","LATITUDE":36.849476047000053,"LONGITUDE":-79.38763529299996,"LINES":1,"MAX_VOLT":115,"MIN_VOLT":115,"SOURCE":"IMAGERY, http://www.pjm.com/system-map/default.html","SOURCEDATE":1405036800000,"VAL_METHOD":"IMAGERY","VAL_DATE":1427846400000}},{"type":"Feature","geometry":{"type":"Point","coordinates":[-79.3804488280014,37.5928853440031]},"properties":{"ID":"147635","NAME":"CUSHAW","CITY":"MONROE","STATE":"VA","COUNTY":"AMHERST","TYPE":"SUBSTATION","STATUS":"IN SERVICE","LATITUDE":37.592885344000024,"LONGITUDE":-79.380448827999942,"LINES":4,"MAX_VOLT":115,"MIN_VOLT":115,"SOURCE":"IMAGERY, http://www.pjm.com/system-map/default.html","SOURCEDATE":1426118400000,"VAL_METHOD":"IMAGERY","VAL_DATE":1426204800000}},{"type":"Feature","geometry":{"type":"Point","coordinates":[-79.4368238960014,37.6213149300031]},"properties":{"ID":"147636","NAME":"BALCONY FALLS","CITY":"GLASGOW","STATE":"VA","COUNTY":"ROCKBRIDGE","TYPE":"SUBSTATION","STATUS":"IN SERVICE","LATITUDE":37.62131493000004,"LONGITUDE":-79.436823895999964,"LINES":5,"MAX_VOLT":115,"MIN_VOLT":115,"SOURCE":"IMAGERY, http://www.pjm.com/system-map/default.html","SOURCEDATE":1426118400000,"VAL_METHOD":"IMAGERY","VAL_DATE":1426204800000}},{"type":"Feature","geometry":{"type":"Point","coordinates":[-79.4065521760014,36.6160360170032]},"properties":{"ID":"147644","NAME":"TAP147644","CITY":"DANVILLE","STATE":"VA","COUNTY":"DANVILLE","TYPE":"TAP","STATUS":"IN SERVICE","LATITUDE":36.616036017000056,"LONGITUDE":-79.406552175999934,"LINES":3,"MAX_VOLT":-999999,"MIN_VOLT":-999999,"SOURCE":"IMAGERY","SOURCEDATE":1404777600000,"VAL_METHOD":"IMAGERY/OTHER","VAL_DATE":1439510400000}},{"type":"Feature","geometry":{"type":"Point","coordinates":[-79.4134302230015,36.6025289580032]},"properties":{"ID":"147645","NAME":"TAP147645","CITY":"DANVILLE","STATE":"VA","COUNTY":"DANVILLE","TYPE":"TAP","STATUS":"IN SERVICE","LATITUDE":36.60252895800005,"LONGITUDE":-79.413430222999978,"LINES":3,"MAX_VOLT":69,"MIN_VOLT":69,"SOURCE":"IMAGERY","SOURCEDATE":1404777600000,"VAL_METHOD":"IMAGERY/OTHER","VAL_DATE":1439510400000}},{"type":"Feature","geometry":{"type":"Point","coordinates":[-79.3742456170015,36.5671495360032]},"properties":{"ID":"147646","NAME":"TAP147646","CITY":"DANVILLE","STATE":"VA","COUNTY":"DANVILLE","TYPE":"TAP","STATUS":"IN SERVICE","LATITUDE":36.567149536000045,"LONGITUDE":-79.374245616999985,"LINES":3,"MAX_VOLT":138,"MIN_VOLT":138,"SOURCE":"IMAGERY","SOURCEDATE":1404777600000,"VAL_METHOD":"IMAGERY/OTHER","VAL_DATE":1439510400000}},{"type":"Feature","geometry":{"type":"Point","coordinates":[-79.4209749550014,36.5423081100032]},"properties":{"ID":"147647","NAME":"TAP147647","CITY":"DANVILLE","STATE":"VA","COUNTY":"DANVILLE","TYPE":"TAP","STATUS":"IN SERVICE","LATITUDE":36.542308110000079,"LONGITUDE":-79.420974954999963,"LINES":3,"MAX_VOLT":-999999,"MIN_VOLT":-999999,"SOURCE":"IMAGERY","SOURCEDATE":1404864000000,"VAL_METHOD":"IMAGERY/OTHER","VAL_DATE":1439510400000}},{"type":"Feature","geometry":{"type":"Point","coordinates":[-79.4281253630014,36.5737117180032]},"properties":{"ID":"147648","NAME":"TAP147648","CITY":"DANVILLE","STATE":"VA","COUNTY":"DANVILLE","TYPE":"TAP","STATUS":"IN SERVICE","LATITUDE":36.573711718000027,"LONGITUDE":-79.428125362999936,"LINES":3,"MAX_VOLT":-999999,"MIN_VOLT":-999999,"SOURCE":"IMAGERY","SOURCEDATE":1404864000000,"VAL_METHOD":"IMAGERY/OTHER","VAL_DATE":1439510400000}},{"type":"Feature","geometry":{"type":"Point","coordinates":[-79.4125576140014,37.7991277440031]},"properties":{"ID":"147650","NAME":"TAP147650","CITY":"LEXINGTON","STATE":"VA","COUNTY":"ROCKBRIDGE","TYPE":"TAP","STATUS":"IN SERVICE","LATITUDE":37.799127744000032,"LONGITUDE":-79.412557613999979,"LINES":3,"MAX_VOLT":115,"MIN_VOLT":115,"SOURCE":"IMAGERY","SOURCEDATE":1426118400000,"VAL_METHOD":"IMAGERY/OTHER","VAL_DATE":1439510400000}},{"type":"Feature","geometry":{"type":"Point","coordinates":[-79.3595723370014,36.9351234690032]},"properties":{"ID":"147652","NAME":"TAP147652","CITY":"GRETNA","STATE":"VA","COUNTY":"PITTSYLVANIA","TYPE":"TAP","STATUS":"IN SERVICE","LATITUDE":36.935123469000075,"LONGITUDE":-79.359572336999975,"LINES":3,"MAX_VOLT":115,"MIN_VOLT":115,"SOURCE":"IMAGERY","SOURCEDATE":1426204800000,"VAL_METHOD":"IMAGERY/OTHER","VAL_DATE":1439510400000}},{"type":"Feature","geometry":{"type":"Point","coordinates":[-79.3881944390014,36.8534627540032]},"properties":{"ID":"147653","NAME":"TAP147653","CITY":"CHATHAM","STATE":"VA","COUNTY":"PITTSYLVANIA","TYPE":"TAP","STATUS":"IN SERVICE","LATITUDE":36.853462754000077,"LONGITUDE":-79.38819443899996,"LINES":3,"MAX_VOLT":115,"MIN_VOLT":115,"SOURCE":"IMAGERY","SOURCEDATE":1452038400000,"VAL_METHOD":"IMAGERY","VAL_DATE":1452038400000}},{"type":"Feature","geometry":{"type":"Point","coordinates":[-79.3880454970014,36.8527210070032]},"properties":{"ID":"147654","NAME":"TAP147654","CITY":"CHATHAM","STATE":"VA","COUNTY":"PITTSYLVANIA","TYPE":"TAP","STATUS":"IN SERVICE","LATITUDE":36.852721007000071,"LONGITUDE":-79.388045496999951,"LINES":3,"MAX_VOLT":115,"MIN_VOLT":115,"SOURCE":"IMAGERY","SOURCEDATE":1452038400000,"VAL_METHOD":"IMAGERY","VAL_DATE":1452038400000}},{"type":"Feature","geometry":{"type":"Point","coordinates":[-79.4033237300014,37.0939800110032]},"properties":{"ID":"147656","NAME":"LEESVILLE","CITY":"LYNCH STATION","STATE":"VA","COUNTY":"CAMPBELL","TYPE":"SUBSTATION","STATUS":"IN SERVICE","LATITUDE":37.093980011000042,"LONGITUDE":-79.403323729999954,"LINES":-999999,"MAX_VOLT":-999999,"MIN_VOLT":-999999,"SOURCE":"OpenStreetMap","SOURCEDATE":1470268800000,"VAL_METHOD":"IMAGERY/OTHER","VAL_DATE":1494460800000}},{"type":"Feature","geometry":{"type":"Point","coordinates":[-79.3848413350014,38.0828517630032]},"properties":{"ID":"147662","NAME":"CRAIGSVILLE","CITY":"CRAIGSVILLE","STATE":"VA","COUNTY":"AUGUSTA","TYPE":"SUBSTATION","STATUS":"IN SERVICE","LATITUDE":38.082851763000065,"LONGITUDE":-79.384841334999976,"LINES":2,"MAX_VOLT":-999999,"MIN_VOLT":-999999,"SOURCE":"IMAGERY, OpenStreetMap","SOURCEDATE":1426204800000,"VAL_METHOD":"IMAGERY","VAL_DATE":1426204800000}},{"type":"Feature","geometry":{"type":"Point","coordinates":[-79.0040236210014,37.0136630190032]},"properties":{"ID":"147663","NAME":"PERTH","CITY":"NATHALIE","STATE":"VA","COUNTY":"HALIFAX","TYPE":"SUBSTATION","STATUS":"IN SERVICE","LATITUDE":37.013663019000035,"LONGITUDE":-79.004023620999988,"LINES":2,"MAX_VOLT":115,"MIN_VOLT":115,"SOURCE":"IMAGERY, http://www.pjm.com/system-map/default.html","SOURCEDATE":1405036800000,"VAL_METHOD":"IMAGERY","VAL_DATE":1427846400000}},{"type":"Feature","geometry":{"type":"Point","coordinates":[-79.0121020800014,37.6949335420032]},"properties":{"ID":"147664","NAME":"CLIFFORD","CITY":"MONROE","STATE":"VA","COUNTY":"AMHERST","TYPE":"SUBSTATION","STATUS":"IN SERVICE","LATITUDE":37.694933542000058,"LONGITUDE":-79.012102079999977,"LINES":4,"MAX_VOLT":138,"MIN_VOLT":-999999,"SOURCE":"IMAGERY, http://www.pjm.com/system-map/default.html","SOURCEDATE":1426118400000,"VAL_METHOD":"IMAGERY","VAL_DATE":1426204800000}},{"type":"Feature","geometry":{"type":"Point","coordinates":[-78.9708106180014,38.3143415980031]},"properties":{"ID":"147665","NAME":"VALLEY","CITY":"WEYERS CAVE","STATE":"VA","COUNTY":"AUGUSTA","TYPE":"SUBSTATION","STATUS":"IN SERVICE","LATITUDE":38.314341598000055,"LONGITUDE":-78.970810617999973,"LINES":6,"MAX_VOLT":500,"MIN_VOLT":230,"SOURCE":"IMAGERY, http://www.pjm.com/system-map/default.html","SOURCEDATE":1426204800000,"VAL_METHOD":"IMAGERY","VAL_DATE":1426204800000}},{"type":"Feature","geometry":{"type":"Point","coordinates":[-78.9858091820014,38.1898968050032]},"properties":{"ID":"147666","NAME":"VERONA","CITY":"VERONA","STATE":"VA","COUNTY":"AUGUSTA","TYPE":"SUBSTATION","STATUS":"IN SERVICE","LATITUDE":38.189896805000046,"LONGITUDE":-78.985809181999969,"LINES":2,"MAX_VOLT":115,"MIN_VOLT":115,"SOURCE":"IMAGERY, http://www.pjm.com/system-map/default.html","SOURCEDATE":1426464000000,"VAL_METHOD":"IMAGERY","VAL_DATE":1426550400000}},{"type":"Feature","geometry":{"type":"Point","coordinates":[-78.9465068460014,37.7104534540032]},"properties":{"ID":"147667","NAME":"COLLEEN","CITY":"ARRINGTON","STATE":"VA","COUNTY":"NELSON","TYPE":"SUBSTATION","STATUS":"IN SERVICE","LATITUDE":37.71045345400006,"LONGITUDE":-78.946506845999977,"LINES":1,"MAX_VOLT":138,"MIN_VOLT":138,"SOURCE":"IMAGERY, http://www.pjm.com/system-map/default.html","SOURCEDATE":1426464000000,"VAL_METHOD":"IMAGERY","VAL_DATE":1426550400000}},{"type":"Feature","geometry":{"type":"Point","coordinates":[-78.9488642350014,37.7104442060031]},"properties":{"ID":"147677","NAME":"TAP147677","CITY":"ARRINGTON","STATE":"VA","COUNTY":"NELSON","TYPE":"TAP","STATUS":"IN SERVICE","LATITUDE":37.710444206000034,"LONGITUDE":-78.948864234999974,"LINES":3,"MAX_VOLT":138,"MIN_VOLT":138,"SOURCE":"IMAGERY","SOURCEDATE":1426464000000,"VAL_METHOD":"IMAGERY/OTHER","VAL_DATE":1439510400000}},{"type":"Feature","geometry":{"type":"Point","coordinates":[-79.0157153680014,37.6990852150031]},"properties":{"ID":"147678","NAME":"TAP147678","CITY":"AMHERST","STATE":"VA","COUNTY":"AMHERST","TYPE":"TAP","STATUS":"IN SERVICE","LATITUDE":37.699085215000025,"LONGITUDE":-79.015715367999974,"LINES":2,"MAX_VOLT":-999999,"MIN_VOLT":-999999,"SOURCE":"IMAGERY","SOURCEDATE":1426118400000,"VAL_METHOD":"IMAGERY/OTHER","VAL_DATE":1439510400000}},{"type":"Feature","geometry":{"type":"Point","coordinates":[-78.9557189240014,38.0956925250032]},"properties":{"ID":"147692","NAME":"FISHERSVILLE","CITY":"FISHERSVILLE","STATE":"VA","COUNTY":"AUGUSTA","TYPE":"SUBSTATION","STATUS":"IN SERVICE","LATITUDE":38.095692525000061,"LONGITUDE":-78.955718923999939,"LINES":2,"MAX_VOLT":115,"MIN_VOLT":115,"SOURCE":"IMAGERY, OpenStreetMap","SOURCEDATE":1426464000000,"VAL_METHOD":"IMAGERY","VAL_DATE":1426464000000}},{"type":"Feature","geometry":{"type":"Point","coordinates":[-80.1676080980015,37.2316195310031]},"properties":{"ID":"147788","NAME":"MATT FUNK","CITY":"SALEM","STATE":"VA","COUNTY":"ROANOKE","TYPE":"SUBSTATION","STATUS":"IN SERVICE","LATITUDE":37.231619531000035,"LONGITUDE":-80.16760809799996,"LINES":7,"MAX_VOLT":138,"MIN_VOLT":-999999,"SOURCE":"IMAGERY, http://www.pjm.com/system-map/default.html","SOURCEDATE":1404259200000,"VAL_METHOD":"IMAGERY","VAL_DATE":1425513600000}},{"type":"Feature","geometry":{"type":"Point","coordinates":[-80.0230544080015,37.2674464220031]},"properties":{"ID":"147789","NAME":"HANCOCK","CITY":"SALEM","STATE":"VA","COUNTY":"SALEM","TYPE":"SUBSTATION","STATUS":"IN SERVICE","LATITUDE":37.267446422000035,"LONGITUDE":-80.02305440799995,"LINES":8,"MAX_VOLT":138,"MIN_VOLT":-999999,"SOURCE":"IMAGERY, http://www.pjm.com/system-map/default.html","SOURCEDATE":1404691200000,"VAL_METHOD":"IMAGERY","VAL_DATE":1425513600000}},{"type":"Feature","geometry":{"type":"Point","coordinates":[-80.1194668050015,37.1783679030031]},"properties":{"ID":"147790","NAME":"BENT MOUNTAIN","CITY":"BENT MOUNTAIN","STATE":"VA","COUNTY":"ROANOKE","TYPE":"SUBSTATION","STATUS":"IN SERVICE","LATITUDE":37.178367903000037,"LONGITUDE":-80.119466804999945,"LINES":2,"MAX_VOLT":138,"MIN_VOLT":-999999,"SOURCE":"IMAGERY, http://www.pjm.com/system-map/default.html","SOURCEDATE":1404691200000,"VAL_METHOD":"IMAGERY","VAL_DATE":1425513600000}},{"type":"Feature","geometry":{"type":"Point","coordinates":[-80.0085495770015,37.2284574390032]},"properties":{"ID":"147791","NAME":"CAVE SPRING","CITY":"ROANOKE","STATE":"VA","COUNTY":"ROANOKE","TYPE":"SUBSTATION","STATUS":"IN SERVICE","LATITUDE":37.228457439000067,"LONGITUDE":-80.00854957699994,"LINES":4,"MAX_VOLT":138,"MIN_VOLT":138,"SOURCE":"IMAGERY, http://www.pjm.com/system-map/default.html","SOURCEDATE":1404691200000,"VAL_METHOD":"IMAGERY","VAL_DATE":1425513600000}},{"type":"Feature","geometry":{"type":"Point","coordinates":[-80.0346502040015,37.1994827640031]},"properties":{"ID":"147792","NAME":"POAGES MILL","CITY":"ROANOKE","STATE":"VA","COUNTY":"ROANOKE","TYPE":"SUBSTATION","STATUS":"IN SERVICE","LATITUDE":37.199482764000038,"LONGITUDE":-80.034650203999945,"LINES":2,"MAX_VOLT":138,"MIN_VOLT":138,"SOURCE":"IMAGERY, http://www.pjm.com/system-map/default.html","SOURCEDATE":1404691200000,"VAL_METHOD":"IMAGERY","VAL_DATE":1425513600000}},{"type":"Feature","geometry":{"type":"Point","coordinates":[-80.2655533860015,37.1475953700031]},"properties":{"ID":"147793","NAME":"SHAWSVILLE","CITY":"SHAWSVILLE","STATE":"VA","COUNTY":"MONTGOMERY","TYPE":"SUBSTATION","STATUS":"IN SERVICE","LATITUDE":37.147595370000033,"LONGITUDE":-80.265553385999965,"LINES":2,"MAX_VOLT":138,"MIN_VOLT":138,"SOURCE":"IMAGERY, http://www.pjm.com/system-map/default.html","SOURCEDATE":1425427200000,"VAL_METHOD":"IMAGERY","VAL_DATE":1425427200000}},{"type":"Feature","geometry":{"type":"Point","coordinates":[-80.1775399100015,37.2369088200031]},"properties":{"ID":"147794","NAME":"KUMIS","CITY":"SALEM","STATE":"VA","COUNTY":"ROANOKE","TYPE":"SUBSTATION","STATUS":"IN SERVICE","LATITUDE":37.236908820000053,"LONGITUDE":-80.17753990999995,"LINES":1,"MAX_VOLT":138,"MIN_VOLT":138,"SOURCE":"IMAGERY, http://www.pjm.com/system-map/default.html","SOURCEDATE":1425513600000,"VAL_METHOD":"IMAGERY","VAL_DATE":1425513600000}},{"type":"Feature","geometry":{"type":"Point","coordinates":[-80.1258923810015,37.2998747510031]},"properties":{"ID":"147795","NAME":"WEST SALEM","CITY":"SALEM","STATE":"VA","COUNTY":"ROANOKE","TYPE":"SUBSTATION","STATUS":"IN SERVICE","LATITUDE":37.299874751000061,"LONGITUDE":-80.125892380999971,"LINES":2,"MAX_VOLT":138,"MIN_VOLT":-999999,"SOURCE":"IMAGERY, http://www.pjm.com/system-map/default.html","SOURCEDATE":1425513600000,"VAL_METHOD":"IMAGERY","VAL_DATE":1425513600000}},{"type":"Feature","geometry":{"type":"Point","coordinates":[-80.0302931370015,37.2795854900032]},"properties":{"ID":"147802","NAME":"TAP147802","CITY":"SALEM","STATE":"VA","COUNTY":"SALEM","TYPE":"TAP","STATUS":"IN SERVICE","LATITUDE":37.279585490000045,"LONGITUDE":-80.030293136999944,"LINES":3,"MAX_VOLT":-999999,"MIN_VOLT":-999999,"SOURCE":"IMAGERY","SOURCEDATE":1425513600000,"VAL_METHOD":"IMAGERY/OTHER","VAL_DATE":1439510400000}},{"type":"Feature","geometry":{"type":"Point","coordinates":[-79.9996516240014,37.2947920810031]},"properties":{"ID":"147803","NAME":"TAP147803","CITY":"ROANOKE","STATE":"VA","COUNTY":"ROANOKE","TYPE":"TAP","STATUS":"IN SERVICE","LATITUDE":37.294792081000026,"LONGITUDE":-79.999651623999966,"LINES":3,"MAX_VOLT":-999999,"MIN_VOLT":-999999,"SOURCE":"IMAGERY","SOURCEDATE":1426032000000,"VAL_METHOD":"IMAGERY/OTHER","VAL_DATE":1439510400000}},{"type":"Feature","geometry":{"type":"Point","coordinates":[-80.0151784430015,37.4600821130031]},"properties":{"ID":"147805","NAME":"MT. UNION","CITY":"TROUTVILLE","STATE":"VA","COUNTY":"BOTETOURT","TYPE":"SUBSTATION","STATUS":"IN SERVICE","LATITUDE":37.460082113000055,"LONGITUDE":-80.015178442999968,"LINES":-999999,"MAX_VOLT":-999999,"MIN_VOLT":-999999,"SOURCE":"OpenStreetMap","SOURCEDATE":1470268800000,"VAL_METHOD":"IMAGERY/OTHER","VAL_DATE":1588291200000}},{"type":"Feature","geometry":{"type":"Point","coordinates":[-80.0271706820015,36.7760714610032]},"properties":{"ID":"147807","NAME":"PHILPOTT","CITY":"BASSETT","STATE":"VA","COUNTY":"HENRY","TYPE":"SUBSTATION","STATUS":"IN SERVICE","LATITUDE":36.776071461000072,"LONGITUDE":-80.027170681999962,"LINES":3,"MAX_VOLT":138,"MIN_VOLT":138,"SOURCE":"IMAGERY, OpenStreetMap","SOURCEDATE":1425600000000,"VAL_METHOD":"IMAGERY","VAL_DATE":1425600000000}},{"type":"Feature","geometry":{"type":"Point","coordinates":[-81.9949503450016,36.914853936003]},"properties":{"ID":"147809","NAME":"TAP147809","CITY":"LEBANON","STATE":"VA","COUNTY":"RUSSELL","TYPE":"TAP","STATUS":"IN SERVICE","LATITUDE":36.914853936000043,"LONGITUDE":-81.99495034499995,"LINES":3,"MAX_VOLT":138,"MIN_VOLT":138,"SOURCE":"IMAGERY","SOURCEDATE":1404086400000,"VAL_METHOD":"IMAGERY/OTHER","VAL_DATE":1439510400000}},{"type":"Feature","geometry":{"type":"Point","coordinates":[-80.7681953620015,37.3467979370032]},"properties":{"ID":"147812","NAME":"CELANESE","CITY":"NARROWS","STATE":"VA","COUNTY":"GILES","TYPE":"SUBSTATION","STATUS":"IN SERVICE","LATITUDE":37.346797937000076,"LONGITUDE":-80.768195361999972,"LINES":2,"MAX_VOLT":138,"MIN_VOLT":138,"SOURCE":"IMAGERY, http://www.pjm.com/system-map/default.html","SOURCEDATE":1425427200000,"VAL_METHOD":"IMAGERY","VAL_DATE":1425427200000}},{"type":"Feature","geometry":{"type":"Point","coordinates":[-82.1101435040016,37.2995686880031]},"properties":{"ID":"147815","NAME":"TAP147815","CITY":"GRUNDY","STATE":"VA","COUNTY":"BUCHANAN","TYPE":"TAP","STATUS":"IN SERVICE","LATITUDE":37.299568688000079,"LONGITUDE":-82.11014350399995,"LINES":3,"MAX_VOLT":69,"MIN_VOLT":69,"SOURCE":"IMAGERY","SOURCEDATE":1410307200000,"VAL_METHOD":"IMAGERY/OTHER","VAL_DATE":1439510400000}},{"type":"Feature","geometry":{"type":"Point","coordinates":[-77.4387740650013,37.8818988250032]},"properties":{"ID":"147819","NAME":"TAP147819","CITY":"DOSWELL","STATE":"VA","COUNTY":"HANOVER","TYPE":"TAP","STATUS":"IN SERVICE","LATITUDE":37.881898825000064,"LONGITUDE":-77.438774064999961,"LINES":3,"MAX_VOLT":115,"MIN_VOLT":115,"SOURCE":"IMAGERY","SOURCEDATE":1470096000000,"VAL_METHOD":"IMAGERY/OTHER","VAL_DATE":1470096000000}},{"type":"Feature","geometry":{"type":"Point","coordinates":[-77.3693575050013,37.4990385270032]},"properties":{"ID":"147820","NAME":"DARBYTOWN CTS","CITY":"HENRICO","STATE":"VA","COUNTY":"HENRICO","TYPE":"SUBSTATION","STATUS":"IN SERVICE","LATITUDE":37.499038527000039,"LONGITUDE":-77.369357504999982,"LINES":3,"MAX_VOLT":230,"MIN_VOLT":230,"SOURCE":"IMAGERY, http://www.pjm.com/system-map/default.html","SOURCEDATE":1406764800000,"VAL_METHOD":"IMAGERY","VAL_DATE":1427846400000}},{"type":"Feature","geometry":{"type":"Point","coordinates":[-77.4074761570013,37.3889658490032]},"properties":{"ID":"147821","NAME":"REYMET","CITY":"RICHMOND","STATE":"VA","COUNTY":"CHESTERFIELD","TYPE":"SUBSTATION","STATUS":"IN SERVICE","LATITUDE":37.388965849000044,"LONGITUDE":-77.407476156999962,"LINES":2,"MAX_VOLT":115,"MIN_VOLT":115,"SOURCE":"IMAGERY, http://www.pjm.com/system-map/default.html","SOURCEDATE":1407110400000,"VAL_METHOD":"IMAGERY","VAL_DATE":1427846400000}},{"type":"Feature","geometry":{"type":"Point","coordinates":[-77.3825982580013,37.3818034330032]},"properties":{"ID":"147822","NAME":"CHESTERFIELD","CITY":"CHESTER","STATE":"VA","COUNTY":"CHESTERFIELD","TYPE":"SUBSTATION","STATUS":"IN SERVICE","LATITUDE":37.381803433000073,"LONGITUDE":-77.382598257999973,"LINES":14,"MAX_VOLT":230,"MIN_VOLT":115,"SOURCE":"IMAGERY, http://www.pjm.com/system-map/default.html","SOURCEDATE":1407110400000,"VAL_METHOD":"IMAGERY","VAL_DATE":1427846400000}},{"type":"Feature","geometry":{"type":"Point","coordinates":[-77.3871918080013,37.3811966710032]},"properties":{"ID":"147823","NAME":"CHESTERFIELD","CITY":"CHESTER","STATE":"VA","COUNTY":"CHESTERFIELD","TYPE":"SUBSTATION","STATUS":"IN SERVICE","LATITUDE":37.381196671000055,"LONGITUDE":-77.387191807999955,"LINES":14,"MAX_VOLT":230,"MIN_VOLT":-999999,"SOURCE":"IMAGERY, http://www.pjm.com/system-map/default.html","SOURCEDATE":1407110400000,"VAL_METHOD":"IMAGERY","VAL_DATE":1427846400000}},{"type":"Feature","geometry":{"type":"Point","coordinates":[-77.3852477880013,37.3815089750032]},"properties":{"ID":"147824","NAME":"CHESTERFIELD","CITY":"CHESTER","STATE":"VA","COUNTY":"CHESTERFIELD","TYPE":"SUBSTATION","STATUS":"IN SERVICE","LATITUDE":37.381508975000031,"LONGITUDE":-77.385247787999958,"LINES":2,"MAX_VOLT":230,"MIN_VOLT":230,"SOURCE":"IMAGERY, http://www.pjm.com/system-map/default.html","SOURCEDATE":1407110400000,"VAL_METHOD":"IMAGERY","VAL_DATE":1427846400000}},{"type":"Feature","geometry":{"type":"Point","coordinates":[-77.4276243590012,37.5528014380033]},"properties":{"ID":"147825","NAME":"SHOCKOE","CITY":"RICHMOND","STATE":"VA","COUNTY":"RICHMOND","TYPE":"SUBSTATION","STATUS":"IN SERVICE","LATITUDE":37.552801438000074,"LONGITUDE":-77.427624358999935,"LINES":2,"MAX_VOLT":115,"MIN_VOLT":-999999,"SOURCE":"IMAGERY, http://www.pjm.com/system-map/default.html","SOURCEDATE":1407196800000,"VAL_METHOD":"IMAGERY","VAL_DATE":1427846400000}},{"type":"Feature","geometry":{"type":"Point","coordinates":[-77.4483588540013,37.5557323490032]},"properties":{"ID":"147826","NAME":"CARVER","CITY":"RICHMOND","STATE":"VA","COUNTY":"RICHMOND","TYPE":"SUBSTATION","STATUS":"IN SERVICE","LATITUDE":37.555732349000039,"LONGITUDE":-77.448358853999935,"LINES":2,"MAX_VOLT":-999999,"MIN_VOLT":-999999,"SOURCE":"IMAGERY, http://www.pjm.com/system-map/default.html","SOURCEDATE":1407283200000,"VAL_METHOD":"IMAGERY","VAL_DATE":1427846400000}},{"type":"Feature","geometry":{"type":"Point","coordinates":[-77.4259527030013,37.5216763070032]},"properties":{"ID":"147827","NAME":"PIPELINE","CITY":"RICHMOND","STATE":"VA","COUNTY":"RICHMOND","TYPE":"SUBSTATION","STATUS":"IN SERVICE","LATITUDE":37.521676307000064,"LONGITUDE":-77.42595270299995,"LINES":1,"MAX_VOLT":115,"MIN_VOLT":115,"SOURCE":"IMAGERY, http://www.pjm.com/system-map/default.html","SOURCEDATE":1407283200000,"VAL_METHOD":"IMAGERY","VAL_DATE":1427846400000}},{"type":"Feature","geometry":{"type":"Point","coordinates":[-77.4321890640013,37.4954626900032]},"properties":{"ID":"147828","NAME":"MANCHESTER","CITY":"RICHMOND","STATE":"VA","COUNTY":"RICHMOND","TYPE":"SUBSTATION","STATUS":"IN SERVICE","LATITUDE":37.495462690000068,"LONGITUDE":-77.432189063999942,"LINES":2,"MAX_VOLT":230,"MIN_VOLT":230,"SOURCE":"IMAGERY, http://www.pjm.com/system-map/default.html","SOURCEDATE":1407283200000,"VAL_METHOD":"IMAGERY","VAL_DATE":1427846400000}},{"type":"Feature","geometry":{"type":"Point","coordinates":[-77.4398412680013,37.5335734220032]},"properties":{"ID":"147829","NAME":"TWELVTH STREET","CITY":"RICHMOND","STATE":"VA","COUNTY":"RICHMOND","TYPE":"SUBSTATION","STATUS":"IN SERVICE","LATITUDE":37.533573422000075,"LONGITUDE":-77.439841267999952,"LINES":3,"MAX_VOLT":115,"MIN_VOLT":-999999,"SOURCE":"IMAGERY, http://www.pjm.com/system-map/default.html","SOURCEDATE":1407283200000,"VAL_METHOD":"IMAGERY","VAL_DATE":1427846400000}},{"type":"Feature","geometry":{"type":"Point","coordinates":[-77.4384577640013,37.4532713810032]},"properties":{"ID":"147830","NAME":"DUPONT","CITY":"RICHMOND","STATE":"VA","COUNTY":"CHESTERFIELD","TYPE":"SUBSTATION","STATUS":"IN SERVICE","LATITUDE":37.453271381000036,"LONGITUDE":-77.438457763999963,"LINES":2,"MAX_VOLT":-999999,"MIN_VOLT":-999999,"SOURCE":"IMAGERY, http://www.pjm.com/system-map/default.html","SOURCEDATE":1407283200000,"VAL_METHOD":"IMAGERY","VAL_DATE":1427846400000}},{"type":"Feature","geometry":{"type":"Point","coordinates":[-77.4326917350013,37.4173778060032]},"properties":{"ID":"147831","NAME":"BELLWOOD","CITY":"RICHMOND","STATE":"VA","COUNTY":"CHESTERFIELD","TYPE":"SUBSTATION","STATUS":"IN SERVICE","LATITUDE":37.417377806000047,"LONGITUDE":-77.432691734999935,"LINES":2,"MAX_VOLT":115,"MIN_VOLT":115,"SOURCE":"IMAGERY, http://www.pjm.com/system-map/default.html","SOURCEDATE":1407283200000,"VAL_METHOD":"IMAGERY","VAL_DATE":1427846400000}},{"type":"Feature","geometry":{"type":"Point","coordinates":[-77.4374899930013,37.4500550550032]},"properties":{"ID":"147832","NAME":"KEVLAR","CITY":"RICHMOND","STATE":"VA","COUNTY":"CHESTERFIELD","TYPE":"SUBSTATION","STATUS":"IN SERVICE","LATITUDE":37.450055055000064,"LONGITUDE":-77.437489992999986,"LINES":2,"MAX_VOLT":-999999,"MIN_VOLT":-999999,"SOURCE":"IMAGERY, http://www.pjm.com/system-map/default.html","SOURCEDATE":1407369600000,"VAL_METHOD":"IMAGERY","VAL_DATE":1427846400000}},{"type":"Feature","geometry":{"type":"Point","coordinates":[-77.3952390910013,37.3510909400032]},"properties":{"ID":"147833","NAME":"TYLER","CITY":"CHESTER","STATE":"VA","COUNTY":"CHESTERFIELD","TYPE":"SUBSTATION","STATUS":"IN SERVICE","LATITUDE":37.351090940000063,"LONGITUDE":-77.395239090999951,"LINES":6,"MAX_VOLT":230,"MIN_VOLT":-999999,"SOURCE":"IMAGERY, http://www.pjm.com/system-map/default.html","SOURCEDATE":1407369600000,"VAL_METHOD":"IMAGERY","VAL_DATE":1427846400000}},{"type":"Feature","geometry":{"type":"Point","coordinates":[-77.4191239870013,37.2918505360032]},"properties":{"ID":"147834","NAME":"HARROWGATE","CITY":"COLONIAL HEIGHTS","STATE":"VA","COUNTY":"CHESTERFIELD","TYPE":"SUBSTATION","STATUS":"IN SERVICE","LATITUDE":37.291850536000027,"LONGITUDE":-77.419123986999978,"LINES":6,"MAX_VOLT":230,"MIN_VOLT":115,"SOURCE":"IMAGERY, http://www.pjm.com/system-map/default.html","SOURCEDATE":1407456000000,"VAL_METHOD":"IMAGERY","VAL_DATE":1427846400000}},{"type":"Feature","geometry":{"type":"Point","coordinates":[-77.2810965830013,37.3362701830032]},"properties":{"ID":"147835","NAME":"ALPINE","CITY":"CHESTER","STATE":"VA","COUNTY":"CHESTERFIELD","TYPE":"SUBSTATION","STATUS":"IN SERVICE","LATITUDE":37.336270183000067,"LONGITUDE":-77.281096582999965,"LINES":3,"MAX_VOLT":230,"MIN_VOLT":230,"SOURCE":"IMAGERY, http://www.pjm.com/system-map/default.html","SOURCEDATE":1407456000000,"VAL_METHOD":"IMAGERY","VAL_DATE":1427846400000}},{"type":"Feature","geometry":{"type":"Point","coordinates":[-77.2826662840013,37.2900604850032]},"properties":{"ID":"147836","NAME":"HOPEWELL","CITY":"HOPEWELL","STATE":"VA","COUNTY":"HOPEWELL","TYPE":"SUBSTATION","STATUS":"IN SERVICE","LATITUDE":37.290060485000026,"LONGITUDE":-77.282666283999959,"LINES":7,"MAX_VOLT":230,"MIN_VOLT":230,"SOURCE":"IMAGERY, http://www.pjm.com/system-map/default.html","SOURCEDATE":1407456000000,"VAL_METHOD":"IMAGERY","VAL_DATE":1427846400000}},{"type":"Feature","geometry":{"type":"Point","coordinates":[-77.3792453880013,37.6712456550032]},"properties":{"ID":"147837","NAME":"PEARSONS","CITY":"MECHANICSVILLE","STATE":"VA","COUNTY":"HANOVER","TYPE":"SUBSTATION","STATUS":"IN SERVICE","LATITUDE":37.671245655000064,"LONGITUDE":-77.379245387999958,"LINES":2,"MAX_VOLT":230,"MIN_VOLT":230,"SOURCE":"IMAGERY, http://www.pjm.com/system-map/default.html","SOURCEDATE":1407974400000,"VAL_METHOD":"IMAGERY","VAL_DATE":1427846400000}},{"type":"Feature","geometry":{"type":"Point","coordinates":[-77.3623233040013,37.5507013390032]},"properties":{"ID":"147838","NAME":"NORTHEAST","CITY":"RICHMOND","STATE":"VA","COUNTY":"HENRICO","TYPE":"SUBSTATION","STATUS":"IN SERVICE","LATITUDE":37.550701339000057,"LONGITUDE":-77.362323303999972,"LINES":6,"MAX_VOLT":230,"MIN_VOLT":-999999,"SOURCE":"IMAGERY, http://www.pjm.com/system-map/default.html","SOURCEDATE":1406851200000,"VAL_METHOD":"IMAGERY","VAL_DATE":1427846400000}},{"type":"Feature","geometry":{"type":"Point","coordinates":[-77.4306720860013,37.4920970090033]},"properties":{"ID":"147839","NAME":"BASIN","CITY":"RICHMOND","STATE":"VA","COUNTY":"RICHMOND","TYPE":"SUBSTATION","STATUS":"IN SERVICE","LATITUDE":37.492097009000076,"LONGITUDE":-77.430672085999959,"LINES":9,"MAX_VOLT":230,"MIN_VOLT":115,"SOURCE":"IMAGERY, http://www.pjm.com/system-map/default.html","SOURCEDATE":1406851200000,"VAL_METHOD":"IMAGERY","VAL_DATE":1427846400000}},{"type":"Feature","geometry":{"type":"Point","coordinates":[-77.4601162380013,37.6168851320032]},"properties":{"ID":"147840","NAME":"LAKESIDE","CITY":"HENRICO","STATE":"VA","COUNTY":"HENRICO","TYPE":"SUBSTATION","STATUS":"IN SERVICE","LATITUDE":37.61688513200005,"LONGITUDE":-77.460116237999955,"LINES":5,"MAX_VOLT":230,"MIN_VOLT":115,"SOURCE":"IMAGERY, http://www.pjm.com/system-map/default.html","SOURCEDATE":1407196800000,"VAL_METHOD":"IMAGERY","VAL_DATE":1427846400000}},{"type":"Feature","geometry":{"type":"Point","coordinates":[-77.4293859970013,37.4545335140032]},"properties":{"ID":"147841","NAME":"SPRUANCE NUG","CITY":"RICHMOND","STATE":"VA","COUNTY":"RICHMOND","TYPE":"SUBSTATION","STATUS":"IN SERVICE","LATITUDE":37.454533514000047,"LONGITUDE":-77.42938599699994,"LINES":2,"MAX_VOLT":230,"MIN_VOLT":-999999,"SOURCE":"IMAGERY, http://www.pjm.com/system-map/default.html","SOURCEDATE":1407888000000,"VAL_METHOD":"IMAGERY","VAL_DATE":1427846400000}},{"type":"Feature","geometry":{"type":"Point","coordinates":[-77.4348952420013,37.4740067060032]},"properties":{"ID":"147842","NAME":"MARLBORO","CITY":"RICHMOND","STATE":"VA","COUNTY":"RICHMOND","TYPE":"SUBSTATION","STATUS":"IN SERVICE","LATITUDE":37.474006706000068,"LONGITUDE":-77.434895241999982,"LINES":2,"MAX_VOLT":115,"MIN_VOLT":-999999,"SOURCE":"IMAGERY, http://www.pjm.com/system-map/default.html","SOURCEDATE":1407888000000,"VAL_METHOD":"IMAGERY","VAL_DATE":1427846400000}},{"type":"Feature","geometry":{"type":"Point","coordinates":[-77.3232593910013,37.3396444390032]},"properties":{"ID":"147843","NAME":"NATIONAL WELDERS IND","CITY":"CHESTER","STATE":"VA","COUNTY":"CHESTERFIELD","TYPE":"SUBSTATION","STATUS":"IN SERVICE","LATITUDE":37.33964443900004,"LONGITUDE":-77.323259390999965,"LINES":2,"MAX_VOLT":230,"MIN_VOLT":230,"SOURCE":"IMAGERY, http://www.pjm.com/system-map/default.html","SOURCEDATE":1407888000000,"VAL_METHOD":"IMAGERY","VAL_DATE":1427846400000}},{"type":"Feature","geometry":{"type":"Point","coordinates":[-77.2977581130013,37.3383684530032]},"properties":{"ID":"147844","NAME":"ALLIED","CITY":"CHESTER","STATE":"VA","COUNTY":"CHESTERFIELD","TYPE":"SUBSTATION","STATUS":"IN SERVICE","LATITUDE":37.338368453000044,"LONGITUDE":-77.297758112999986,"LINES":1,"MAX_VOLT":230,"MIN_VOLT":230,"SOURCE":"IMAGERY, http://www.pjm.com/system-map/default.html","SOURCEDATE":1407888000000,"VAL_METHOD":"IMAGERY","VAL_DATE":1427846400000}},{"type":"Feature","geometry":{"type":"Point","coordinates":[-77.2706763570013,37.2923224340032]},"properties":{"ID":"147845","NAME":"COGENTRIX","CITY":"HOPEWELL","STATE":"VA","COUNTY":"HOPEWELL","TYPE":"SUBSTATION","STATUS":"IN SERVICE","LATITUDE":37.292322434000027,"LONGITUDE":-77.270676356999957,"LINES":2,"MAX_VOLT":230,"MIN_VOLT":230,"SOURCE":"IMAGERY, http://www.pjm.com/system-map/default.html","SOURCEDATE":1407888000000,"VAL_METHOD":"IMAGERY","VAL_DATE":1427846400000}},{"type":"Feature","geometry":{"type":"Point","coordinates":[-77.2834442270013,37.2981793980032]},"properties":{"ID":"147846","NAME":"POLYESTER PS","CITY":"HOPEWELL","STATE":"VA","COUNTY":"HOPEWELL","TYPE":"SUBSTATION","STATUS":"IN SERVICE","LATITUDE":37.298179398000059,"LONGITUDE":-77.283444226999961,"LINES":2,"MAX_VOLT":230,"MIN_VOLT":230,"SOURCE":"IMAGERY, http://www.pjm.com/system-map/default.html","SOURCEDATE":1407888000000,"VAL_METHOD":"IMAGERY","VAL_DATE":1427846400000}},{"type":"Feature","geometry":{"type":"Point","coordinates":[-77.2729607980013,37.2978666570032]},"properties":{"ID":"147847","NAME":"HCF","CITY":"HOPEWELL","STATE":"VA","COUNTY":"HOPEWELL","TYPE":"SUBSTATION","STATUS":"IN SERVICE","LATITUDE":37.297866657000043,"LONGITUDE":-77.272960797999986,"LINES":-999999,"MAX_VOLT":-999999,"MIN_VOLT":-999999,"SOURCE":"IMAGERY, http://www.pjm.com/system-map/default.html","SOURCEDATE":1407888000000,"VAL_METHOD":"IMAGERY","VAL_DATE":1427846400000}},{"type":"Feature","geometry":{"type":"Point","coordinates":[-77.3991686330013,37.3033961700032]},"properties":{"ID":"147848","NAME":"WALTHALL","CITY":"COLONIAL HEIGHTS","STATE":"VA","COUNTY":"CHESTERFIELD","TYPE":"SUBSTATION","STATUS":"IN SERVICE","LATITUDE":37.303396170000042,"LONGITUDE":-77.399168632999988,"LINES":1,"MAX_VOLT":115,"MIN_VOLT":115,"SOURCE":"IMAGERY, http://www.pjm.com/system-map/default.html","SOURCEDATE":1407888000000,"VAL_METHOD":"IMAGERY","VAL_DATE":1427846400000}},{"type":"Feature","geometry":{"type":"Point","coordinates":[-77.4612238610013,37.8831927270032]},"properties":{"ID":"147849","NAME":"NORTH DOSWELL","CITY":"DOSWELL","STATE":"VA","COUNTY":"HANOVER","TYPE":"SUBSTATION","STATUS":"IN SERVICE","LATITUDE":37.883192727000051,"LONGITUDE":-77.461223860999951,"LINES":1,"MAX_VOLT":115,"MIN_VOLT":115,"SOURCE":"IMAGERY, http://www.pjm.com/system-map/default.html","SOURCEDATE":1408320000000,"VAL_METHOD":"IMAGERY","VAL_DATE":1427846400000}},{"type":"Feature","geometry":{"type":"Point","coordinates":[-77.3623889520012,37.8370657180032]},"properties":{"ID":"147850","NAME":"BEAR ISLAND DP","CITY":"HANOVER","STATE":"VA","COUNTY":"CAROLINE","TYPE":"SUBSTATION","STATUS":"IN SERVICE","LATITUDE":37.837065718000076,"LONGITUDE":-77.362388951999947,"LINES":1,"MAX_VOLT":115,"MIN_VOLT":115,"SOURCE":"IMAGERY, http://www.pjm.com/system-map/default.html","SOURCEDATE":1408320000000,"VAL_METHOD":"IMAGERY","VAL_DATE":1427846400000}},{"type":"Feature","geometry":{"type":"Point","coordinates":[-77.4276558620012,38.0311450660032]},"properties":{"ID":"147851","NAME":"ST. JOHNS","CITY":"RUTHER GLEN","STATE":"VA","COUNTY":"CAROLINE","TYPE":"SUBSTATION","STATUS":"IN SERVICE","LATITUDE":38.031145066000079,"LONGITUDE":-77.427655861999938,"LINES":5,"MAX_VOLT":115,"MIN_VOLT":115,"SOURCE":"IMAGERY, http://www.pjm.com/system-map/default.html","SOURCEDATE":1408320000000,"VAL_METHOD":"IMAGERY","VAL_DATE":1427846400000}},{"type":"Feature","geometry":{"type":"Point","coordinates":[-77.4311813070013,38.0293358970032]},"properties":{"ID":"147852","NAME":"ST JOHNS DP","CITY":"RUTHER GLEN","STATE":"VA","COUNTY":"CAROLINE","TYPE":"SUBSTATION","STATUS":"IN SERVICE","LATITUDE":38.029335897000067,"LONGITUDE":-77.431181306999974,"LINES":6,"MAX_VOLT":115,"MIN_VOLT":-999999,"SOURCE":"IMAGERY, http://www.pjm.com/system-map/default.html","SOURCEDATE":1408406400000,"VAL_METHOD":"IMAGERY","VAL_DATE":1427846400000}},{"type":"Feature","geometry":{"type":"Point","coordinates":[-77.3876580910012,38.4511531840032]},"properties":{"ID":"147853","NAME":"AQUIA HARBOR","CITY":"STAFFORD","STATE":"VA","COUNTY":"STAFFORD","TYPE":"SUBSTATION","STATUS":"IN SERVICE","LATITUDE":38.451153184000077,"LONGITUDE":-77.387658090999935,"LINES":4,"MAX_VOLT":230,"MIN_VOLT":-999999,"SOURCE":"IMAGERY, http://www.pjm.com/system-map/default.html","SOURCEDATE":1408406400000,"VAL_METHOD":"IMAGERY","VAL_DATE":1427846400000}},{"type":"Feature","geometry":{"type":"Point","coordinates":[-77.4558628820013,38.3536427930032]},"properties":{"ID":"147854","NAME":"CRANES CORNER","CITY":"FREDERICKSBURG","STATE":"VA","COUNTY":"STAFFORD","TYPE":"SUBSTATION","STATUS":"IN SERVICE","LATITUDE":38.353642793000063,"LONGITUDE":-77.455862881999963,"LINES":2,"MAX_VOLT":230,"MIN_VOLT":230,"SOURCE":"IMAGERY, http://www.pjm.com/system-map/default.html","SOURCEDATE":1408406400000,"VAL_METHOD":"IMAGERY","VAL_DATE":1427846400000}},{"type":"Feature","geometry":{"type":"Point","coordinates":[-77.3649353480013,38.5008025420032]},"properties":{"ID":"147855","NAME":"FULLER ROAD","CITY":"STAFFORD","STATE":"VA","COUNTY":"STAFFORD","TYPE":"SUBSTATION","STATUS":"IN SERVICE","LATITUDE":38.500802542000031,"LONGITUDE":-77.36493534799996,"LINES":2,"MAX_VOLT":230,"MIN_VOLT":230,"SOURCE":"IMAGERY, http://www.pjm.com/system-map/default.html","SOURCEDATE":1408406400000,"VAL_METHOD":"IMAGERY","VAL_DATE":1427846400000}},{"type":"Feature","geometry":{"type":"Point","coordinates":[-77.2794261810013,38.5405218840032]},"properties":{"ID":"147856","NAME":"POSSUM POINT","CITY":"DUMFRIES","STATE":"VA","COUNTY":"PRINCE WILLIAM","TYPE":"SUBSTATION","STATUS":"IN SERVICE","LATITUDE":38.540521884000043,"LONGITUDE":-77.279426180999963,"LINES":9,"MAX_VOLT":230,"MIN_VOLT":115,"SOURCE":"IMAGERY, http://www.pjm.com/system-map/default.html","SOURCEDATE":1408665600000,"VAL_METHOD":"IMAGERY","VAL_DATE":1427846400000}},{"type":"Feature","geometry":{"type":"Point","coordinates":[-77.3037146160013,38.5163543750032]},"properties":{"ID":"147857","NAME":"QUANTICO","CITY":"QUANTICO","STATE":"VA","COUNTY":"PRINCE WILLIAM","TYPE":"SUBSTATION","STATUS":"IN SERVICE","LATITUDE":38.516354375000049,"LONGITUDE":-77.303714615999979,"LINES":1,"MAX_VOLT":115,"MIN_VOLT":115,"SOURCE":"IMAGERY, http://www.pjm.com/system-map/default.html","SOURCEDATE":1409011200000,"VAL_METHOD":"IMAGERY","VAL_DATE":1427846400000}},{"type":"Feature","geometry":{"type":"Point","coordinates":[-77.3738314360013,37.4784439800032]},"properties":{"ID":"147859","NAME":"TAP147859","CITY":"HENRICO","STATE":"VA","COUNTY":"HENRICO","TYPE":"TAP","STATUS":"IN SERVICE","LATITUDE":37.478443980000065,"LONGITUDE":-77.373831435999989,"LINES":2,"MAX_VOLT":115,"MIN_VOLT":115,"SOURCE":"IMAGERY","SOURCEDATE":1406851200000,"VAL_METHOD":"IMAGERY/OTHER","VAL_DATE":1439510400000}},{"type":"Feature","geometry":{"type":"Point","coordinates":[-77.4322257630013,37.4175352260032]},"properties":{"ID":"147860","NAME":"TAP147860","CITY":"RICHMOND","STATE":"VA","COUNTY":"CHESTERFIELD","TYPE":"TAP","STATUS":"IN SERVICE","LATITUDE":37.417535226000041,"LONGITUDE":-77.432225762999963,"LINES":3,"MAX_VOLT":115,"MIN_VOLT":115,"SOURCE":"IMAGERY","SOURCEDATE":1407283200000,"VAL_METHOD":"IMAGERY/OTHER","VAL_DATE":1439510400000}},{"type":"Feature","geometry":{"type":"Point","coordinates":[-77.4322422300013,37.4174108670032]},"properties":{"ID":"147861","NAME":"TAP147861","CITY":"RICHMOND","STATE":"VA","COUNTY":"CHESTERFIELD","TYPE":"TAP","STATUS":"IN SERVICE","LATITUDE":37.417410867000058,"LONGITUDE":-77.432242229999986,"LINES":3,"MAX_VOLT":115,"MIN_VOLT":115,"SOURCE":"IMAGERY","SOURCEDATE":1407283200000,"VAL_METHOD":"IMAGERY/OTHER","VAL_DATE":1439510400000}},{"type":"Feature","geometry":{"type":"Point","coordinates":[-77.4246700920013,37.5100961370032]},"properties":{"ID":"147862","NAME":"TAP147862","CITY":"RICHMOND","STATE":"VA","COUNTY":"RICHMOND","TYPE":"TAP","STATUS":"IN SERVICE","LATITUDE":37.510096137000062,"LONGITUDE":-77.424670091999985,"LINES":3,"MAX_VOLT":115,"MIN_VOLT":115,"SOURCE":"IMAGERY","SOURCEDATE":1407369600000,"VAL_METHOD":"IMAGERY/OTHER","VAL_DATE":1439510400000}},{"type":"Feature","geometry":{"type":"Point","coordinates":[-77.4252411620013,37.5033602790032]},"properties":{"ID":"147863","NAME":"TAP147863","CITY":"RICHMOND","STATE":"VA","COUNTY":"RICHMOND","TYPE":"TAP","STATUS":"IN SERVICE","LATITUDE":37.503360279000049,"LONGITUDE":-77.425241161999963,"LINES":3,"MAX_VOLT":115,"MIN_VOLT":115,"SOURCE":"IMAGERY","SOURCEDATE":1407369600000,"VAL_METHOD":"IMAGERY/OTHER","VAL_DATE":1439510400000}},{"type":"Feature","geometry":{"type":"Point","coordinates":[-77.4245163550013,37.5110838590032]},"properties":{"ID":"147864","NAME":"TAP147864","CITY":"RICHMOND","STATE":"VA","COUNTY":"RICHMOND","TYPE":"TAP","STATUS":"IN SERVICE","LATITUDE":37.511083859000053,"LONGITUDE":-77.42451635499998,"LINES":3,"MAX_VOLT":115,"MIN_VOLT":115,"SOURCE":"IMAGERY","SOURCEDATE":1407369600000,"VAL_METHOD":"IMAGERY/OTHER","VAL_DATE":1439510400000}},{"type":"Feature","geometry":{"type":"Point","coordinates":[-77.4306672450013,37.5243769080032]},"properties":{"ID":"147865","NAME":"TAP147865","CITY":"RICHMOND","STATE":"VA","COUNTY":"RICHMOND","TYPE":"TAP","STATUS":"IN SERVICE","LATITUDE":37.524376908000079,"LONGITUDE":-77.430667244999938,"LINES":3,"MAX_VOLT":115,"MIN_VOLT":115,"SOURCE":"IMAGERY","SOURCEDATE":1407369600000,"VAL_METHOD":"IMAGERY/OTHER","VAL_DATE":1439510400000}},{"type":"Feature","geometry":{"type":"Point","coordinates":[-77.4318270740013,37.5254944220032]},"properties":{"ID":"147866","NAME":"TAP147866","CITY":"RICHMOND","STATE":"VA","COUNTY":"RICHMOND","TYPE":"TAP","STATUS":"IN SERVICE","LATITUDE":37.525494422000065,"LONGITUDE":-77.431827073999955,"LINES":3,"MAX_VOLT":115,"MIN_VOLT":115,"SOURCE":"IMAGERY","SOURCEDATE":1407369600000,"VAL_METHOD":"IMAGERY/OTHER","VAL_DATE":1439510400000}},{"type":"Feature","geometry":{"type":"Point","coordinates":[-77.4108860980012,37.3895981810032]},"properties":{"ID":"147867","NAME":"TAP147867","CITY":"RICHMOND","STATE":"VA","COUNTY":"CHESTERFIELD","TYPE":"TAP","STATUS":"IN SERVICE","LATITUDE":37.389598181000054,"LONGITUDE":-77.410886097999935,"LINES":3,"MAX_VOLT":115,"MIN_VOLT":115,"SOURCE":"IMAGERY","SOURCEDATE":1407456000000,"VAL_METHOD":"IMAGERY/OTHER","VAL_DATE":1439510400000}},{"type":"Feature","geometry":{"type":"Point","coordinates":[-77.3624828690013,37.8373632440033]},"properties":{"ID":"147868","NAME":"TAP147868","CITY":"HANOVER","STATE":"VA","COUNTY":"CAROLINE","TYPE":"TAP","STATUS":"IN SERVICE","LATITUDE":37.837363244000073,"LONGITUDE":-77.362482868999962,"LINES":3,"MAX_VOLT":115,"MIN_VOLT":115,"SOURCE":"IMAGERY","SOURCEDATE":1408320000000,"VAL_METHOD":"IMAGERY/OTHER","VAL_DATE":1439510400000}},{"type":"Feature","geometry":{"type":"Point","coordinates":[-77.2973480910013,37.3373119890032]},"properties":{"ID":"147869","NAME":"TAP147869","CITY":"CHESTER","STATE":"VA","COUNTY":"CHESTERFIELD","TYPE":"TAP","STATUS":"IN SERVICE","LATITUDE":37.337311989000057,"LONGITUDE":-77.297348090999947,"LINES":3,"MAX_VOLT":230,"MIN_VOLT":230,"SOURCE":"IMAGERY","SOURCEDATE":1407888000000,"VAL_METHOD":"IMAGERY/OTHER","VAL_DATE":1439510400000}},{"type":"Feature","geometry":{"type":"Point","coordinates":[-77.2936454970013,37.4464612350032]},"properties":{"ID":"147870","NAME":"TAP147870","CITY":"HENRICO","STATE":"VA","COUNTY":"HENRICO","TYPE":"TAP","STATUS":"IN SERVICE","LATITUDE":37.446461235000072,"LONGITUDE":-77.293645496999943,"LINES":3,"MAX_VOLT":115,"MIN_VOLT":115,"SOURCE":"IMAGERY","SOURCEDATE":1407888000000,"VAL_METHOD":"IMAGERY/OTHER","VAL_DATE":1439510400000}},{"type":"Feature","geometry":{"type":"Point","coordinates":[-77.4040846270013,37.3066024350032]},"properties":{"ID":"147873","NAME":"TAP147873","CITY":"COLONIAL HEIGHTS","STATE":"VA","COUNTY":"CHESTERFIELD","TYPE":"TAP","STATUS":"IN SERVICE","LATITUDE":37.306602435000059,"LONGITUDE":-77.404084626999975,"LINES":3,"MAX_VOLT":115,"MIN_VOLT":115,"SOURCE":"IMAGERY","SOURCEDATE":1407974400000,"VAL_METHOD":"IMAGERY/OTHER","VAL_DATE":1439510400000}},{"type":"Feature","geometry":{"type":"Point","coordinates":[-77.4623087880013,37.7405185560032]},"properties":{"ID":"147874","NAME":"TAP147874","CITY":"ASHLAND","STATE":"VA","COUNTY":"HANOVER","TYPE":"TAP","STATUS":"IN SERVICE","LATITUDE":37.74051855600004,"LONGITUDE":-77.462308787999973,"LINES":3,"MAX_VOLT":115,"MIN_VOLT":115,"SOURCE":"IMAGERY","SOURCEDATE":1407974400000,"VAL_METHOD":"IMAGERY/OTHER","VAL_DATE":1439510400000}},{"type":"Feature","geometry":{"type":"Point","coordinates":[-77.4515038650013,37.3870596290032]},"properties":{"ID":"147875","NAME":"TAP147875","CITY":"CHESTER","STATE":"VA","COUNTY":"CHESTERFIELD","TYPE":"TAP","STATUS":"IN SERVICE","LATITUDE":37.387059629000078,"LONGITUDE":-77.45150386499995,"LINES":3,"MAX_VOLT":115,"MIN_VOLT":115,"SOURCE":"IMAGERY","SOURCEDATE":1452470400000,"VAL_METHOD":"IMAGERY","VAL_DATE":1452470400000}},{"type":"Feature","geometry":{"type":"Point","coordinates":[-77.3014363470012,37.4474827320032]},"properties":{"ID":"147876","NAME":"TURNER ROAD","CITY":"HENRICO","STATE":"VA","COUNTY":"HENRICO","TYPE":"SUBSTATION","STATUS":"IN SERVICE","LATITUDE":37.447482732000026,"LONGITUDE":-77.301436346999935,"LINES":4,"MAX_VOLT":230,"MIN_VOLT":115,"SOURCE":"IMAGERY, OpenStreetMap","SOURCEDATE":1406764800000,"VAL_METHOD":"IMAGERY","VAL_DATE":1406764800000}},{"type":"Feature","geometry":{"type":"Point","coordinates":[-77.4627147910013,37.7406953510032]},"properties":{"ID":"147877","NAME":"HANOVER","CITY":"ASHLAND","STATE":"VA","COUNTY":"HANOVER","TYPE":"SUBSTATION","STATUS":"IN SERVICE","LATITUDE":37.740695351000056,"LONGITUDE":-77.462714790999939,"LINES":3,"MAX_VOLT":230,"MIN_VOLT":115,"SOURCE":"IMAGERY, OpenStreetMap","SOURCEDATE":1407974400000,"VAL_METHOD":"IMAGERY","VAL_DATE":1407974400000}},{"type":"Feature","geometry":{"type":"Point","coordinates":[-77.4435351660013,37.8217878780032]},"properties":{"ID":"147878","NAME":"FOUR RIVERS","CITY":"ASHLAND","STATE":"VA","COUNTY":"HANOVER","TYPE":"SUBSTATION","STATUS":"IN SERVICE","LATITUDE":37.821787878000066,"LONGITUDE":-77.443535165999947,"LINES":6,"MAX_VOLT":230,"MIN_VOLT":115,"SOURCE":"IMAGERY, OpenStreetMap","SOURCEDATE":1407974400000,"VAL_METHOD":"IMAGERY","VAL_DATE":1407974400000}},{"type":"Feature","geometry":{"type":"Point","coordinates":[-77.4372274380013,37.8187825000032]},"properties":{"ID":"147879","NAME":"BEAR ISLAND","CITY":"DOSWELL","STATE":"VA","COUNTY":"HANOVER","TYPE":"SUBSTATION","STATUS":"IN SERVICE","LATITUDE":37.818782500000054,"LONGITUDE":-77.437227437999979,"LINES":1,"MAX_VOLT":230,"MIN_VOLT":230,"SOURCE":"IMAGERY, OpenStreetMap","SOURCEDATE":1407974400000,"VAL_METHOD":"IMAGERY","VAL_DATE":1407974400000}},{"type":"Feature","geometry":{"type":"Point","coordinates":[-77.4417062380012,37.8462842110032]},"properties":{"ID":"147880","NAME":"KINGS DOMINION","CITY":"DOSWELL","STATE":"VA","COUNTY":"HANOVER","TYPE":"SUBSTATION","STATUS":"IN SERVICE","LATITUDE":37.846284211000068,"LONGITUDE":-77.441706237999938,"LINES":2,"MAX_VOLT":115,"MIN_VOLT":115,"SOURCE":"IMAGERY, OpenStreetMap","SOURCEDATE":1407974400000,"VAL_METHOD":"IMAGERY","VAL_DATE":1407974400000}},{"type":"Feature","geometry":{"type":"Point","coordinates":[-77.3659747150013,37.5155916770032]},"properties":{"ID":"147881","NAME":"CHARLES CITY ROAD","CITY":"HENRICO","STATE":"VA","COUNTY":"HENRICO","TYPE":"SUBSTATION","STATUS":"IN SERVICE","LATITUDE":37.515591677000032,"LONGITUDE":-77.365974714999936,"LINES":2,"MAX_VOLT":230,"MIN_VOLT":230,"SOURCE":"IMAGERY, OpenStreetMap","SOURCEDATE":1406851200000,"VAL_METHOD":"IMAGERY","VAL_DATE":1427846400000}},{"type":"Feature","geometry":{"type":"Point","coordinates":[-77.3891976020013,38.4461015890032]},"properties":{"ID":"147882","NAME":"STAFFORD","CITY":"STAFFORD","STATE":"VA","COUNTY":"STAFFORD","TYPE":"SUBSTATION","STATUS":"IN SERVICE","LATITUDE":38.446101589000079,"LONGITUDE":-77.389197601999967,"LINES":1,"MAX_VOLT":230,"MIN_VOLT":230,"SOURCE":"IMAGERY, OpenStreetMap","SOURCEDATE":1408406400000,"VAL_METHOD":"IMAGERY","VAL_DATE":1408406400000}},{"type":"Feature","geometry":{"type":"Point","coordinates":[-77.4454837110013,38.0904889250032]},"properties":{"ID":"147883","NAME":"WOODPECKER","CITY":"WOODFORD","STATE":"VA","COUNTY":"CAROLINE","TYPE":"SUBSTATION","STATUS":"IN SERVICE","LATITUDE":38.090488925000045,"LONGITUDE":-77.445483710999952,"LINES":1,"MAX_VOLT":115,"MIN_VOLT":115,"SOURCE":"IMAGERY, OpenStreetMap","SOURCEDATE":1408406400000,"VAL_METHOD":"IMAGERY","VAL_DATE":1408406400000}},{"type":"Feature","geometry":{"type":"Point","coordinates":[-77.3178577940013,38.2678260840032]},"properties":{"ID":"147884","NAME":"BIRCHWOOD","CITY":"KING GEORGE","STATE":"VA","COUNTY":"KING GEORGE","TYPE":"SUBSTATION","STATUS":"IN SERVICE","LATITUDE":38.267826084000035,"LONGITUDE":-77.317857793999963,"LINES":3,"MAX_VOLT":230,"MIN_VOLT":230,"SOURCE":"IMAGERY, OpenStreetMap","SOURCEDATE":1408579200000,"VAL_METHOD":"IMAGERY","VAL_DATE":1408579200000}},{"type":"Feature","geometry":{"type":"Point","coordinates":[-77.4534447490013,37.3794975470032]},"properties":{"ID":"147885","NAME":"CENTRALIA","CITY":"CHESTER","STATE":"VA","COUNTY":"CHESTERFIELD","TYPE":"SUBSTATION","STATUS":"IN SERVICE","LATITUDE":37.379497547000028,"LONGITUDE":-77.453444748999971,"LINES":2,"MAX_VOLT":115,"MIN_VOLT":-999999,"SOURCE":"IMAGERY, OpenStreetMap","SOURCEDATE":1452470400000,"VAL_METHOD":"IMAGERY","VAL_DATE":1452470400000}},{"type":"Feature","geometry":{"type":"Point","coordinates":[-77.6721068510013,37.3932181560032]},"properties":{"ID":"147890","NAME":"WINTERPOCK","CITY":"CHESTERFIELD","STATE":"VA","COUNTY":"CHESTERFIELD","TYPE":"SUBSTATION","STATUS":"IN SERVICE","LATITUDE":37.393218156000046,"LONGITUDE":-77.672106850999967,"LINES":2,"MAX_VOLT":230,"MIN_VOLT":230,"SOURCE":"IMAGERY, http://www.pjm.com/system-map/default.html","SOURCEDATE":1407801600000,"VAL_METHOD":"IMAGERY","VAL_DATE":1427846400000}},{"type":"Feature","geometry":{"type":"Point","coordinates":[-77.7040517340013,37.5025835180032]},"properties":{"ID":"147891","NAME":"MIDLOTHIAN","CITY":"MIDLOTHIAN","STATE":"VA","COUNTY":"CHESTERFIELD","TYPE":"SUBSTATION","STATUS":"IN SERVICE","LATITUDE":37.502583518000051,"LONGITUDE":-77.704051733999961,"LINES":9,"MAX_VOLT":500,"MIN_VOLT":230,"SOURCE":"IMAGERY, http://www.pjm.com/system-map/default.html","SOURCEDATE":1407715200000,"VAL_METHOD":"IMAGERY","VAL_DATE":1427846400000}},{"type":"Feature","geometry":{"type":"Point","coordinates":[-77.7938563540013,37.6362188980032]},"properties":{"ID":"147892","NAME":"NORTH POLE","CITY":"CROZIER","STATE":"VA","COUNTY":"GOOCHLAND","TYPE":"SUBSTATION","STATUS":"IN SERVICE","LATITUDE":37.636218898000038,"LONGITUDE":-77.793856353999956,"LINES":2,"MAX_VOLT":230,"MIN_VOLT":230,"SOURCE":"IMAGERY, http://www.pjm.com/system-map/default.html","SOURCEDATE":1408060800000,"VAL_METHOD":"IMAGERY","VAL_DATE":1427846400000}},{"type":"Feature","geometry":{"type":"Point","coordinates":[-77.7972162820013,38.0612917210032]},"properties":{"ID":"147893","NAME":"NORTH ANNA","CITY":"MINERAL","STATE":"VA","COUNTY":"LOUISA","TYPE":"SUBSTATION","STATUS":"IN SERVICE","LATITUDE":38.061291721000032,"LONGITUDE":-77.797216281999965,"LINES":5,"MAX_VOLT":500,"MIN_VOLT":230,"SOURCE":"IMAGERY, http://www.pjm.com/system-map/default.html","SOURCEDATE":1408060800000,"VAL_METHOD":"IMAGERY","VAL_DATE":1427846400000}},{"type":"Feature","geometry":{"type":"Point","coordinates":[-77.7567409220013,38.3544317970032]},"properties":{"ID":"147894","NAME":"WILDERNESS DP","CITY":"LOCUST GROVE","STATE":"VA","COUNTY":"ORANGE","TYPE":"SUBSTATION","STATUS":"IN SERVICE","LATITUDE":38.354431797000075,"LONGITUDE":-77.756740921999949,"LINES":1,"MAX_VOLT":115,"MIN_VOLT":115,"SOURCE":"IMAGERY, http://www.pjm.com/system-map/default.html","SOURCEDATE":1408492800000,"VAL_METHOD":"IMAGERY","VAL_DATE":1427846400000}},{"type":"Feature","geometry":{"type":"Point","coordinates":[-77.8349551540013,38.2262249280032]},"properties":{"ID":"147895","NAME":"PAYTES DP","CITY":"SPOTSYLVANIA","STATE":"VA","COUNTY":"SPOTSYLVANIA","TYPE":"SUBSTATION","STATUS":"IN SERVICE","LATITUDE":38.226224928000079,"LONGITUDE":-77.834955153999942,"LINES":3,"MAX_VOLT":115,"MIN_VOLT":-999999,"SOURCE":"IMAGERY, http://www.pjm.com/system-map/default.html","SOURCEDATE":1408492800000,"VAL_METHOD":"IMAGERY","VAL_DATE":1427846400000}},{"type":"Feature","geometry":{"type":"Point","coordinates":[-77.7812542930013,38.3135329950032]},"properties":{"ID":"147896","NAME":"LAKE OF THE WOODS DP","CITY":"LOCUST GROVE","STATE":"VA","COUNTY":"ORANGE","TYPE":"SUBSTATION","STATUS":"IN SERVICE","LATITUDE":38.31353299500006,"LONGITUDE":-77.781254292999961,"LINES":1,"MAX_VOLT":115,"MIN_VOLT":115,"SOURCE":"IMAGERY, http://www.pjm.com/system-map/default.html","SOURCEDATE":1408579200000,"VAL_METHOD":"IMAGERY","VAL_DATE":1427846400000}},{"type":"Feature","geometry":{"type":"Point","coordinates":[-77.7087887360013,38.5010879180032]},"properties":{"ID":"147897","NAME":"MORRISVILLE","CITY":"SUMERDUCK","STATE":"VA","COUNTY":"FAUQUIER","TYPE":"SUBSTATION","STATUS":"IN SERVICE","LATITUDE":38.501087918000053,"LONGITUDE":-77.708788735999974,"LINES":6,"MAX_VOLT":500,"MIN_VOLT":230,"SOURCE":"IMAGERY, http://www.pjm.com/system-map/default.html","SOURCEDATE":1408579200000,"VAL_METHOD":"IMAGERY","VAL_DATE":1427846400000}},{"type":"Feature","geometry":{"type":"Point","coordinates":[-77.7772197030013,38.5396435240032]},"properties":{"ID":"147898","NAME":"REMINGTON","CITY":"REMINGTON","STATE":"VA","COUNTY":"FAUQUIER","TYPE":"SUBSTATION","STATUS":"IN SERVICE","LATITUDE":38.539643524000041,"LONGITUDE":-77.777219702999957,"LINES":4,"MAX_VOLT":230,"MIN_VOLT":115,"SOURCE":"IMAGERY, http://www.pjm.com/system-map/default.html","SOURCEDATE":1408579200000,"VAL_METHOD":"IMAGERY","VAL_DATE":1427846400000}},{"type":"Feature","geometry":{"type":"Point","coordinates":[-77.7695951170013,38.5438519980032]},"properties":{"ID":"147899","NAME":"REMINGTON CT","CITY":"REMINGTON","STATE":"VA","COUNTY":"FAUQUIER","TYPE":"SUBSTATION","STATUS":"IN SERVICE","LATITUDE":38.543851998000036,"LONGITUDE":-77.769595116999938,"LINES":6,"MAX_VOLT":230,"MIN_VOLT":115,"SOURCE":"IMAGERY, http://www.pjm.com/system-map/default.html","SOURCEDATE":1408579200000,"VAL_METHOD":"IMAGERY","VAL_DATE":1427846400000}},{"type":"Feature","geometry":{"type":"Point","coordinates":[-77.7696135000013,38.5278985050032]},"properties":{"ID":"147900","NAME":"MARSH RUN CT","CITY":"WARRENTON","STATE":"VA","COUNTY":"FAUQUIER","TYPE":"SUBSTATION","STATUS":"IN SERVICE","LATITUDE":38.527898505000053,"LONGITUDE":-77.769613499999934,"LINES":5,"MAX_VOLT":230,"MIN_VOLT":230,"SOURCE":"IMAGERY, http://www.pjm.com/system-map/default.html","SOURCEDATE":1409011200000,"VAL_METHOD":"IMAGERY","VAL_DATE":1427846400000}},{"type":"Feature","geometry":{"type":"Point","coordinates":[-77.7674638150013,38.6974236800032]},"properties":{"ID":"147901","NAME":"WARRENTON","CITY":"WARRENTON","STATE":"VA","COUNTY":"FAUQUIER","TYPE":"SUBSTATION","STATUS":"IN SERVICE","LATITUDE":38.697423680000043,"LONGITUDE":-77.767463814999985,"LINES":1,"MAX_VOLT":230,"MIN_VOLT":230,"SOURCE":"IMAGERY, http://www.pjm.com/system-map/default.html","SOURCEDATE":1409011200000,"VAL_METHOD":"IMAGERY","VAL_DATE":1427846400000}},{"type":"Feature","geometry":{"type":"Point","coordinates":[-77.7215611920013,38.9592431490031]},"properties":{"ID":"147902","NAME":"MIDDLEBURG","CITY":"MIDDLEBURG","STATE":"VA","COUNTY":"LOUDOUN","TYPE":"SUBSTATION","STATUS":"IN SERVICE","LATITUDE":38.959243149000031,"LONGITUDE":-77.721561191999967,"LINES":1,"MAX_VOLT":115,"MIN_VOLT":115,"SOURCE":"IMAGERY, http://www.pjm.com/system-map/default.html","SOURCEDATE":1410134400000,"VAL_METHOD":"IMAGERY","VAL_DATE":1427846400000}},{"type":"Feature","geometry":{"type":"Point","coordinates":[-77.8050362470013,37.5311853660032]},"properties":{"ID":"147903","NAME":"TAP147903","CITY":"POWHATAN","STATE":"VA","COUNTY":"POWHATAN","TYPE":"TAP","STATUS":"IN SERVICE","LATITUDE":37.531185366000045,"LONGITUDE":-77.805036246999975,"LINES":2,"MAX_VOLT":230,"MIN_VOLT":230,"SOURCE":"IMAGERY","SOURCEDATE":1407801600000,"VAL_METHOD":"IMAGERY/OTHER","VAL_DATE":1439510400000}},{"type":"Feature","geometry":{"type":"Point","coordinates":[-77.7314176590013,37.7881005190032]},"properties":{"ID":"147904","NAME":"TAP147904","CITY":"MONTPELIER","STATE":"VA","COUNTY":"HANOVER","TYPE":"TAP","STATUS":"IN SERVICE","LATITUDE":37.788100519000068,"LONGITUDE":-77.731417658999987,"LINES":3,"MAX_VOLT":-999999,"MIN_VOLT":-999999,"SOURCE":"IMAGERY","SOURCEDATE":1407974400000,"VAL_METHOD":"IMAGERY/OTHER","VAL_DATE":1439510400000}},{"type":"Feature","geometry":{"type":"Point","coordinates":[-77.6803998790013,39.1464084480032]},"properties":{"ID":"147917","NAME":"HAMILTON","CITY":"HAMILTON","STATE":"VA","COUNTY":"LOUDOUN","TYPE":"SUBSTATION","STATUS":"IN SERVICE","LATITUDE":39.146408448000045,"LONGITUDE":-77.680399878999935,"LINES":1,"MAX_VOLT":-999999,"MIN_VOLT":-999999,"SOURCE":"IMAGERY, OpenStreetMap","SOURCEDATE":1409702400000,"VAL_METHOD":"IMAGERY","VAL_DATE":1409702400000}},{"type":"Feature","geometry":{"type":"Point","coordinates":[-76.7386634830012,37.0147439690033]},"properties":{"ID":"147920","NAME":"SEPTA","CITY":"SMITHFIELD","STATE":"VA","COUNTY":"ISLE OF WIGHT","TYPE":"SUBSTATION","STATUS":"IN SERVICE","LATITUDE":37.014743969000051,"LONGITUDE":-76.738663482999982,"LINES":3,"MAX_VOLT":500,"MIN_VOLT":500,"SOURCE":"IMAGERY, http://www.pjm.com/system-map/default.html","SOURCEDATE":1405555200000,"VAL_METHOD":"IMAGERY","VAL_DATE":1427846400000}},{"type":"Feature","geometry":{"type":"Point","coordinates":[-76.6947772610012,37.1620203270033]},"properties":{"ID":"147921","NAME":"SURRY","CITY":"SURRY","STATE":"VA","COUNTY":"SURRY","TYPE":"SUBSTATION","STATUS":"IN SERVICE","LATITUDE":37.16202032700005,"LONGITUDE":-76.694777260999956,"LINES":14,"MAX_VOLT":500,"MIN_VOLT":230,"SOURCE":"IMAGERY, http://www.pjm.com/system-map/default.html","SOURCEDATE":1405555200000,"VAL_METHOD":"IMAGERY","VAL_DATE":1427846400000}},{"type":"Feature","geometry":{"type":"Point","coordinates":[-76.5461955810012,37.1622856930033]},"properties":{"ID":"147922","NAME":"FORT EUSTIS","CITY":"NEWPORT NEWS","STATE":"VA","COUNTY":"NEWPORT NEWS","TYPE":"SUBSTATION","STATUS":"IN SERVICE","LATITUDE":37.162285693000058,"LONGITUDE":-76.546195580999949,"LINES":2,"MAX_VOLT":230,"MIN_VOLT":230,"SOURCE":"IMAGERY, http://www.pjm.com/system-map/default.html","SOURCEDATE":1406592000000,"VAL_METHOD":"IMAGERY","VAL_DATE":1427846400000}},{"type":"Feature","geometry":{"type":"Point","coordinates":[-76.4984995030012,37.1491392300032]},"properties":{"ID":"147923","NAME":"GRAFTON","CITY":"YORKTOWN","STATE":"VA","COUNTY":"YORK","TYPE":"SUBSTATION","STATUS":"IN SERVICE","LATITUDE":37.14913923000006,"LONGITUDE":-76.498499502999948,"LINES":2,"MAX_VOLT":230,"MIN_VOLT":115,"SOURCE":"IMAGERY, http://www.pjm.com/system-map/default.html","SOURCEDATE":1406592000000,"VAL_METHOD":"IMAGERY","VAL_DATE":1427846400000}},{"type":"Feature","geometry":{"type":"Point","coordinates":[-76.3850346300012,37.0933674210033]},"properties":{"ID":"147924","NAME":"NASA","CITY":"HAMPTON","STATE":"VA","COUNTY":"HAMPTON","TYPE":"SUBSTATION","STATUS":"IN SERVICE","LATITUDE":37.093367421000039,"LONGITUDE":-76.38503462999995,"LINES":2,"MAX_VOLT":115,"MIN_VOLT":115,"SOURCE":"IMAGERY, http://www.pjm.com/system-map/default.html","SOURCEDATE":1406592000000,"VAL_METHOD":"IMAGERY","VAL_DATE":1427846400000}},{"type":"Feature","geometry":{"type":"Point","coordinates":[-76.6051421640012,37.2026856180032]},"properties":{"ID":"147925","NAME":"DOW","CITY":"WILLIAMSBURG","STATE":"VA","COUNTY":"JAMES CITY","TYPE":"SUBSTATION","STATUS":"IN SERVICE","LATITUDE":37.202685618000032,"LONGITUDE":-76.605142163999972,"LINES":1,"MAX_VOLT":115,"MIN_VOLT":115,"SOURCE":"IMAGERY, http://www.pjm.com/system-map/default.html","SOURCEDATE":1406678400000,"VAL_METHOD":"IMAGERY","VAL_DATE":1427846400000}},{"type":"Feature","geometry":{"type":"Point","coordinates":[-76.9119895900012,37.4201669380033]},"properties":{"ID":"147927","NAME":"LANEXA","CITY":"LANEXA","STATE":"VA","COUNTY":"NEW KENT","TYPE":"SUBSTATION","STATUS":"IN SERVICE","LATITUDE":37.420166938000079,"LONGITUDE":-76.911989589999962,"LINES":10,"MAX_VOLT":230,"MIN_VOLT":115,"SOURCE":"IMAGERY, http://www.pjm.com/system-map/default.html","SOURCEDATE":1406678400000,"VAL_METHOD":"IMAGERY","VAL_DATE":1427846400000}},{"type":"Feature","geometry":{"type":"Point","coordinates":[-76.8048774910012,37.3632412990032]},"properties":{"ID":"147928","NAME":"TOANO","CITY":"TOANO","STATE":"VA","COUNTY":"JAMES CITY","TYPE":"SUBSTATION","STATUS":"IN SERVICE","LATITUDE":37.363241299000038,"LONGITUDE":-76.804877490999957,"LINES":2,"MAX_VOLT":115,"MIN_VOLT":115,"SOURCE":"IMAGERY, http://www.pjm.com/system-map/default.html","SOURCEDATE":1406678400000,"VAL_METHOD":"IMAGERY","VAL_DATE":1427846400000}},{"type":"Feature","geometry":{"type":"Point","coordinates":[-76.7571098110012,37.3282305050033]},"properties":{"ID":"147929","NAME":"LIGHTFOOT","CITY":"WILLIAMSBURG","STATE":"VA","COUNTY":"JAMES CITY","TYPE":"SUBSTATION","STATUS":"IN SERVICE","LATITUDE":37.328230505000079,"LONGITUDE":-76.757109810999964,"LINES":6,"MAX_VOLT":230,"MIN_VOLT":115,"SOURCE":"IMAGERY, http://www.pjm.com/system-map/default.html","SOURCEDATE":1406678400000,"VAL_METHOD":"IMAGERY","VAL_DATE":1427846400000}},{"type":"Feature","geometry":{"type":"Point","coordinates":[-76.4948081060012,37.2792031330033]},"properties":{"ID":"147930","NAME":"HAYES","CITY":"HAYES","STATE":"VA","COUNTY":"GLOUCESTER","TYPE":"SUBSTATION","STATUS":"IN SERVICE","LATITUDE":37.279203133000067,"LONGITUDE":-76.494808105999937,"LINES":2,"MAX_VOLT":230,"MIN_VOLT":-999999,"SOURCE":"IMAGERY, http://www.pjm.com/system-map/default.html","SOURCEDATE":1406764800000,"VAL_METHOD":"IMAGERY","VAL_DATE":1427846400000}},{"type":"Feature","geometry":{"type":"Point","coordinates":[-76.4304374790012,36.9865570240032]},"properties":{"ID":"147931","NAME":"NEWPORT NEWS","CITY":"NEWPORT NEWS","STATE":"VA","COUNTY":"NEWPORT NEWS","TYPE":"SUBSTATION","STATUS":"IN SERVICE","LATITUDE":36.986557024000035,"LONGITUDE":-76.430437478999977,"LINES":3,"MAX_VOLT":230,"MIN_VOLT":115,"SOURCE":"IMAGERY, http://www.pjm.com/system-map/default.html","SOURCEDATE":1406246400000,"VAL_METHOD":"IMAGERY","VAL_DATE":1427846400000}},{"type":"Feature","geometry":{"type":"Point","coordinates":[-76.3670870950012,37.0299709150032]},"properties":{"ID":"147932","NAME":"SHELLBANK","CITY":"HAMPTON","STATE":"VA","COUNTY":"HAMPTON","TYPE":"SUBSTATION","STATUS":"IN SERVICE","LATITUDE":37.029970915000035,"LONGITUDE":-76.367087094999988,"LINES":5,"MAX_VOLT":230,"MIN_VOLT":115,"SOURCE":"IMAGERY, http://www.pjm.com/system-map/default.html","SOURCEDATE":1406246400000,"VAL_METHOD":"IMAGERY","VAL_DATE":1427846400000}},{"type":"Feature","geometry":{"type":"Point","coordinates":[-76.3002643500012,37.0607401010033]},"properties":{"ID":"147933","NAME":"BLOXOMS CORNER","CITY":"HAMPTON","STATE":"VA","COUNTY":"HAMPTON","TYPE":"SUBSTATION","STATUS":"IN SERVICE","LATITUDE":37.060740101000079,"LONGITUDE":-76.300264349999964,"LINES":1,"MAX_VOLT":115,"MIN_VOLT":115,"SOURCE":"IMAGERY, http://www.pjm.com/system-map/default.html","SOURCEDATE":1406246400000,"VAL_METHOD":"IMAGERY","VAL_DATE":1427846400000}},{"type":"Feature","geometry":{"type":"Point","coordinates":[-76.4010799160012,37.0579906570033]},"properties":{"ID":"147934","NAME":"MAGRUDER","CITY":"HAMPTON","STATE":"VA","COUNTY":"HAMPTON","TYPE":"SUBSTATION","STATUS":"IN SERVICE","LATITUDE":37.057990657000062,"LONGITUDE":-76.401079915999958,"LINES":2,"MAX_VOLT":230,"MIN_VOLT":115,"SOURCE":"IMAGERY, http://www.pjm.com/system-map/default.html","SOURCEDATE":1406246400000,"VAL_METHOD":"IMAGERY","VAL_DATE":1427846400000}},{"type":"Feature","geometry":{"type":"Point","coordinates":[-76.4313413500012,37.0307417830033]},"properties":{"ID":"147935","NAME":"WHEALTON","CITY":"HAMPTON","STATE":"VA","COUNTY":"HAMPTON","TYPE":"SUBSTATION","STATUS":"IN SERVICE","LATITUDE":37.030741783000053,"LONGITUDE":-76.431341349999968,"LINES":7,"MAX_VOLT":230,"MIN_VOLT":115,"SOURCE":"IMAGERY, http://www.pjm.com/system-map/default.html","SOURCEDATE":1406246400000,"VAL_METHOD":"IMAGERY","VAL_DATE":1427846400000}},{"type":"Feature","geometry":{"type":"Point","coordinates":[-76.3888098450012,37.0914581900032]},"properties":{"ID":"147936","NAME":"PENINSULA","CITY":"HAMPTON","STATE":"VA","COUNTY":"HAMPTON","TYPE":"SUBSTATION","STATUS":"IN SERVICE","LATITUDE":37.091458190000026,"LONGITUDE":-76.388809844999969,"LINES":8,"MAX_VOLT":230,"MIN_VOLT":115,"SOURCE":"IMAGERY, http://www.pjm.com/system-map/default.html","SOURCEDATE":1406246400000,"VAL_METHOD":"IMAGERY","VAL_DATE":1427846400000}},{"type":"Feature","geometry":{"type":"Point","coordinates":[-76.4404531730012,37.1265787720033]},"properties":{"ID":"147937","NAME":"SEAFORD","CITY":"YORKTOWN","STATE":"VA","COUNTY":"YORK","TYPE":"SUBSTATION","STATUS":"IN SERVICE","LATITUDE":37.126578772000073,"LONGITUDE":-76.44045317299998,"LINES":4,"MAX_VOLT":230,"MIN_VOLT":-999999,"SOURCE":"IMAGERY, http://www.pjm.com/system-map/default.html","SOURCEDATE":1406246400000,"VAL_METHOD":"IMAGERY","VAL_DATE":1427846400000}},{"type":"Feature","geometry":{"type":"Point","coordinates":[-76.5041240300012,37.1074516830033]},"properties":{"ID":"147938","NAME":"COLONY","CITY":"NEWPORT NEWS","STATE":"VA","COUNTY":"NEWPORT NEWS","TYPE":"SUBSTATION","STATUS":"IN SERVICE","LATITUDE":37.107451683000079,"LONGITUDE":-76.504124029999957,"LINES":2,"MAX_VOLT":115,"MIN_VOLT":115,"SOURCE":"IMAGERY, http://www.pjm.com/system-map/default.html","SOURCEDATE":1406246400000,"VAL_METHOD":"IMAGERY","VAL_DATE":1427846400000}},{"type":"Feature","geometry":{"type":"Point","coordinates":[-76.4603369780012,37.0834351390033]},"properties":{"ID":"147939","NAME":"WARWICK","CITY":"NEWPORT NEWS","STATE":"VA","COUNTY":"NEWPORT NEWS","TYPE":"SUBSTATION","STATUS":"IN SERVICE","LATITUDE":37.083435139000073,"LONGITUDE":-76.460336977999987,"LINES":2,"MAX_VOLT":230,"MIN_VOLT":230,"SOURCE":"IMAGERY, http://www.pjm.com/system-map/default.html","SOURCEDATE":1406505600000,"VAL_METHOD":"IMAGERY","VAL_DATE":1427846400000}},{"type":"Feature","geometry":{"type":"Point","coordinates":[-76.4610349090012,37.2131632890033]},"properties":{"ID":"147940","NAME":"YORKTOWN","CITY":"YORKTOWN","STATE":"VA","COUNTY":"YORK","TYPE":"SUBSTATION","STATUS":"IN SERVICE","LATITUDE":37.213163289000079,"LONGITUDE":-76.461034908999977,"LINES":11,"MAX_VOLT":230,"MIN_VOLT":115,"SOURCE":"IMAGERY, http://www.pjm.com/system-map/default.html","SOURCEDATE":1406505600000,"VAL_METHOD":"IMAGERY","VAL_DATE":1427846400000}},{"type":"Feature","geometry":{"type":"Point","coordinates":[-76.8038334700013,37.5392622700032]},"properties":{"ID":"147941","NAME":"WEST POINT","CITY":"WEST POINT","STATE":"VA","COUNTY":"KING WILLIAM","TYPE":"SUBSTATION","STATUS":"IN SERVICE","LATITUDE":37.539262270000052,"LONGITUDE":-76.803833469999972,"LINES":2,"MAX_VOLT":230,"MIN_VOLT":230,"SOURCE":"IMAGERY, http://www.pjm.com/system-map/default.html","SOURCEDATE":1408320000000,"VAL_METHOD":"IMAGERY","VAL_DATE":1427846400000}},{"type":"Feature","geometry":{"type":"Point","coordinates":[-76.8126391300012,37.8527789640032]},"properties":{"ID":"147942","NAME":"DUNNSVILLE","CITY":"DUNNSVILLE","STATE":"VA","COUNTY":"ESSEX","TYPE":"SUBSTATION","STATUS":"IN SERVICE","LATITUDE":37.852778964000038,"LONGITUDE":-76.81263912999998,"LINES":2,"MAX_VOLT":230,"MIN_VOLT":230,"SOURCE":"IMAGERY, http://www.pjm.com/system-map/default.html","SOURCEDATE":1408320000000,"VAL_METHOD":"IMAGERY","VAL_DATE":1427846400000}},{"type":"Feature","geometry":{"type":"Point","coordinates":[-76.7120397870012,37.9484779500032]},"properties":{"ID":"147943","NAME":"NORTHERN NECK","CITY":"WARSAW","STATE":"VA","COUNTY":"RICHMOND","TYPE":"SUBSTATION","STATUS":"IN SERVICE","LATITUDE":37.94847795000004,"LONGITUDE":-76.712039786999981,"LINES":3,"MAX_VOLT":230,"MIN_VOLT":-999999,"SOURCE":"IMAGERY, http://www.pjm.com/system-map/default.html","SOURCEDATE":1408492800000,"VAL_METHOD":"IMAGERY","VAL_DATE":1427846400000}},{"type":"Feature","geometry":{"type":"Point","coordinates":[-76.3983001190012,37.6488029650033]},"properties":{"ID":"147944","NAME":"WHITE STONE","CITY":"WHITE STONE","STATE":"VA","COUNTY":"LANCASTER","TYPE":"SUBSTATION","STATUS":"IN SERVICE","LATITUDE":37.648802965000073,"LONGITUDE":-76.398300118999941,"LINES":2,"MAX_VOLT":115,"MIN_VOLT":115,"SOURCE":"IMAGERY, http://www.pjm.com/system-map/default.html","SOURCEDATE":1408492800000,"VAL_METHOD":"IMAGERY","VAL_DATE":1427846400000}},{"type":"Feature","geometry":{"type":"Point","coordinates":[-76.4847813920012,37.5823116630032]},"properties":{"ID":"147945","NAME":"HARMONY VILLAGE","CITY":"TOPPING","STATE":"VA","COUNTY":"MIDDLESEX","TYPE":"SUBSTATION","STATUS":"IN SERVICE","LATITUDE":37.582311663000041,"LONGITUDE":-76.484781391999945,"LINES":5,"MAX_VOLT":230,"MIN_VOLT":-999999,"SOURCE":"IMAGERY, http://www.pjm.com/system-map/default.html","SOURCEDATE":1408492800000,"VAL_METHOD":"IMAGERY","VAL_DATE":1427846400000}},{"type":"Feature","geometry":{"type":"Point","coordinates":[-76.5064192390012,37.8937255060032]},"properties":{"ID":"147946","NAME":"GARNER DP","CITY":"HEATHSVILLE","STATE":"VA","COUNTY":"NORTHUMBERLAND","TYPE":"SUBSTATION","STATUS":"IN SERVICE","LATITUDE":37.893725506000067,"LONGITUDE":-76.506419238999968,"LINES":-999999,"MAX_VOLT":-999999,"MIN_VOLT":-999999,"SOURCE":"IMAGERY, http://www.pjm.com/system-map/default.html","SOURCEDATE":1408492800000,"VAL_METHOD":"IMAGERY","VAL_DATE":1427846400000}},{"type":"Feature","geometry":{"type":"Point","coordinates":[-75.5704357940011,37.9433406660033]},"properties":{"ID":"147947","NAME":"OAK HALL","CITY":"OAK HALL","STATE":"VA","COUNTY":"ACCOMACK","TYPE":"SUBSTATION","STATUS":"IN SERVICE","LATITUDE":37.94334066600004,"LONGITUDE":-75.570435793999934,"LINES":7,"MAX_VOLT":138,"MIN_VOLT":69,"SOURCE":"IMAGERY, http://www.pjm.com/system-map/default.html","SOURCEDATE":1426636800000,"VAL_METHOD":"IMAGERY","VAL_DATE":1426723200000}},{"type":"Feature","geometry":{"type":"Point","coordinates":[-75.5217257590011,37.8809803070033]},"properties":{"ID":"147948","NAME":"CHINCOTEAGUE","CITY":"ASSAWOMAN","STATE":"VA","COUNTY":"ACCOMACK","TYPE":"SUBSTATION","STATUS":"IN SERVICE","LATITUDE":37.880980307000073,"LONGITUDE":-75.521725758999935,"LINES":1,"MAX_VOLT":69,"MIN_VOLT":69,"SOURCE":"IMAGERY, http://www.pjm.com/system-map/default.html","SOURCEDATE":1426723200000,"VAL_METHOD":"IMAGERY","VAL_DATE":1426723200000}},{"type":"Feature","geometry":{"type":"Point","coordinates":[-76.4736845380012,37.1514253750032]},"properties":{"ID":"147949","NAME":"TAP147949","CITY":"YORKTOWN","STATE":"VA","COUNTY":"YORK","TYPE":"TAP","STATUS":"IN SERVICE","LATITUDE":37.151425375000031,"LONGITUDE":-76.473684537999986,"LINES":2,"MAX_VOLT":115,"MIN_VOLT":115,"SOURCE":"IMAGERY","SOURCEDATE":1406505600000,"VAL_METHOD":"IMAGERY/OTHER","VAL_DATE":1439510400000}},{"type":"Feature","geometry":{"type":"Point","coordinates":[-76.4738367930012,37.1515383160032]},"properties":{"ID":"147950","NAME":"TAP147950","CITY":"YORKTOWN","STATE":"VA","COUNTY":"YORK","TYPE":"TAP","STATUS":"IN SERVICE","LATITUDE":37.151538316000028,"LONGITUDE":-76.473836792999975,"LINES":2,"MAX_VOLT":115,"MIN_VOLT":115,"SOURCE":"IMAGERY","SOURCEDATE":1406505600000,"VAL_METHOD":"IMAGERY/OTHER","VAL_DATE":1439510400000}},{"type":"Feature","geometry":{"type":"Point","coordinates":[-76.4247592850012,37.0172425060033]},"properties":{"ID":"147951","NAME":"TAP147951","CITY":"NEWPORT NEWS","STATE":"VA","COUNTY":"NEWPORT NEWS","TYPE":"TAP","STATUS":"IN SERVICE","LATITUDE":37.017242506000059,"LONGITUDE":-76.424759284999936,"LINES":3,"MAX_VOLT":230,"MIN_VOLT":230,"SOURCE":"IMAGERY","SOURCEDATE":1406246400000,"VAL_METHOD":"IMAGERY/OTHER","VAL_DATE":1439510400000}},{"type":"Feature","geometry":{"type":"Point","coordinates":[-76.5152955390012,37.1728622110032]},"properties":{"ID":"147952","NAME":"TAP147952","CITY":"YORKTOWN","STATE":"VA","COUNTY":"NEWPORT NEWS","TYPE":"TAP","STATUS":"IN SERVICE","LATITUDE":37.172862211000052,"LONGITUDE":-76.515295538999965,"LINES":3,"MAX_VOLT":230,"MIN_VOLT":230,"SOURCE":"IMAGERY","SOURCEDATE":1406592000000,"VAL_METHOD":"IMAGERY/OTHER","VAL_DATE":1439510400000}},{"type":"Feature","geometry":{"type":"Point","coordinates":[-76.5753475140012,37.2064051930033]},"properties":{"ID":"147953","NAME":"TAP147953","CITY":"NEWPORT NEWS","STATE":"VA","COUNTY":"NEWPORT NEWS","TYPE":"TAP","STATUS":"IN SERVICE","LATITUDE":37.20640519300008,"LONGITUDE":-76.575347513999986,"LINES":3,"MAX_VOLT":115,"MIN_VOLT":115,"SOURCE":"IMAGERY","SOURCEDATE":1406592000000,"VAL_METHOD":"IMAGERY/OTHER","VAL_DATE":1439510400000}},{"type":"Feature","geometry":{"type":"Point","coordinates":[-76.4994514240012,37.1514348120033]},"properties":{"ID":"147954","NAME":"TAP147954","CITY":"NEWPORT NEWS","STATE":"VA","COUNTY":"YORK","TYPE":"TAP","STATUS":"IN SERVICE","LATITUDE":37.151434812000048,"LONGITUDE":-76.499451423999972,"LINES":3,"MAX_VOLT":230,"MIN_VOLT":230,"SOURCE":"IMAGERY","SOURCEDATE":1406592000000,"VAL_METHOD":"IMAGERY/OTHER","VAL_DATE":1439510400000}},{"type":"Feature","geometry":{"type":"Point","coordinates":[-76.4994057330012,37.1512782020033]},"properties":{"ID":"147955","NAME":"TAP147955","CITY":"NEWPORT NEWS","STATE":"VA","COUNTY":"YORK","TYPE":"TAP","STATUS":"IN SERVICE","LATITUDE":37.151278202000071,"LONGITUDE":-76.499405732999946,"LINES":3,"MAX_VOLT":115,"MIN_VOLT":115,"SOURCE":"IMAGERY","SOURCEDATE":1406592000000,"VAL_METHOD":"IMAGERY/OTHER","VAL_DATE":1439510400000}},{"type":"Feature","geometry":{"type":"Point","coordinates":[-76.5860958730012,37.2103727080033]},"properties":{"ID":"147956","NAME":"TAP147956","CITY":"NEWPORT NEWS","STATE":"VA","COUNTY":"NEWPORT NEWS","TYPE":"TAP","STATUS":"IN SERVICE","LATITUDE":37.210372708000079,"LONGITUDE":-76.586095872999977,"LINES":3,"MAX_VOLT":115,"MIN_VOLT":115,"SOURCE":"IMAGERY","SOURCEDATE":1406592000000,"VAL_METHOD":"IMAGERY/OTHER","VAL_DATE":1439510400000}},{"type":"Feature","geometry":{"type":"Point","coordinates":[-76.8174471030012,37.3720556690033]},"properties":{"ID":"147958","NAME":"TAP147958","CITY":"TOANO","STATE":"VA","COUNTY":"JAMES CITY","TYPE":"TAP","STATUS":"IN SERVICE","LATITUDE":37.372055669000076,"LONGITUDE":-76.817447102999949,"LINES":3,"MAX_VOLT":115,"MIN_VOLT":115,"SOURCE":"IMAGERY","SOURCEDATE":1406764800000,"VAL_METHOD":"IMAGERY/OTHER","VAL_DATE":1439510400000}},{"type":"Feature","geometry":{"type":"Point","coordinates":[-76.8622481030012,37.4897185490032]},"properties":{"ID":"147960","NAME":"TAP147960","CITY":"BARHAMSVILLE","STATE":"VA","COUNTY":"NEW KENT","TYPE":"TAP","STATUS":"IN SERVICE","LATITUDE":37.489718549000031,"LONGITUDE":-76.862248102999956,"LINES":3,"MAX_VOLT":230,"MIN_VOLT":230,"SOURCE":"IMAGERY","SOURCEDATE":1406764800000,"VAL_METHOD":"IMAGERY/OTHER","VAL_DATE":1439510400000}},{"type":"Feature","geometry":{"type":"Point","coordinates":[-76.8141566080012,37.5518362010032]},"properties":{"ID":"147961","NAME":"TAP147961","CITY":"WEST POINT","STATE":"VA","COUNTY":"KING WILLIAM","TYPE":"TAP","STATUS":"IN SERVICE","LATITUDE":37.551836201000071,"LONGITUDE":-76.814156607999962,"LINES":3,"MAX_VOLT":230,"MIN_VOLT":230,"SOURCE":"IMAGERY","SOURCEDATE":1408320000000,"VAL_METHOD":"IMAGERY/OTHER","VAL_DATE":1439510400000}},{"type":"Feature","geometry":{"type":"Point","coordinates":[-76.7020052320012,37.5430429060032]},"properties":{"ID":"147962","NAME":"TAP147962","CITY":"SALUDA","STATE":"VA","COUNTY":"KING AND QUEEN","TYPE":"TAP","STATUS":"IN SERVICE","LATITUDE":37.543042906000039,"LONGITUDE":-76.702005231999976,"LINES":3,"MAX_VOLT":230,"MIN_VOLT":230,"SOURCE":"IMAGERY","SOURCEDATE":1408320000000,"VAL_METHOD":"IMAGERY/OTHER","VAL_DATE":1553472000000}},{"type":"Feature","geometry":{"type":"Point","coordinates":[-75.9343854940012,37.3221399240033]},"properties":{"ID":"147963","NAME":"TAP147963","CITY":"CAPE CHARLES","STATE":"VA","COUNTY":"NORTHAMPTON","TYPE":"TAP","STATUS":"IN SERVICE","LATITUDE":37.322139924000055,"LONGITUDE":-75.934385493999969,"LINES":3,"MAX_VOLT":69,"MIN_VOLT":69,"SOURCE":"IMAGERY","SOURCEDATE":1426636800000,"VAL_METHOD":"IMAGERY/OTHER","VAL_DATE":1439510400000}},{"type":"Feature","geometry":{"type":"Point","coordinates":[-75.6597007740012,37.7458937030033]},"properties":{"ID":"147964","NAME":"TAP147964","CITY":"GREENBUSH","STATE":"VA","COUNTY":"ACCOMACK","TYPE":"TAP","STATUS":"IN SERVICE","LATITUDE":37.745893703000036,"LONGITUDE":-75.659700773999987,"LINES":3,"MAX_VOLT":69,"MIN_VOLT":69,"SOURCE":"IMAGERY","SOURCEDATE":1426636800000,"VAL_METHOD":"IMAGERY/OTHER","VAL_DATE":1439510400000}},{"type":"Feature","geometry":{"type":"Point","coordinates":[-75.8667465330011,37.4484753750033]},"properties":{"ID":"147965","NAME":"TAP147965","CITY":"MARIONVILLE","STATE":"VA","COUNTY":"NORTHAMPTON","TYPE":"TAP","STATUS":"IN SERVICE","LATITUDE":37.448475375000044,"LONGITUDE":-75.866746532999969,"LINES":3,"MAX_VOLT":69,"MIN_VOLT":69,"SOURCE":"IMAGERY","SOURCEDATE":1426636800000,"VAL_METHOD":"IMAGERY/OTHER","VAL_DATE":1439510400000}},{"type":"Feature","geometry":{"type":"Point","coordinates":[-75.7914746000011,37.5486313590033]},"properties":{"ID":"147966","NAME":"TAP147966","CITY":"PAINTER","STATE":"VA","COUNTY":"ACCOMACK","TYPE":"TAP","STATUS":"IN SERVICE","LATITUDE":37.548631359000069,"LONGITUDE":-75.791474599999958,"LINES":3,"MAX_VOLT":69,"MIN_VOLT":69,"SOURCE":"IMAGERY","SOURCEDATE":1426636800000,"VAL_METHOD":"IMAGERY/OTHER","VAL_DATE":1439510400000}},{"type":"Feature","geometry":{"type":"Point","coordinates":[-76.4978055630012,37.0620411160032]},"properties":{"ID":"147967","NAME":"UNKNOWN147967","CITY":"NEWPORT NEWS","STATE":"VA","COUNTY":"NEWPORT NEWS","TYPE":"SUBSTATION","STATUS":"IN SERVICE","LATITUDE":37.062041116000046,"LONGITUDE":-76.497805562999986,"LINES":-999999,"MAX_VOLT":-999999,"MIN_VOLT":-999999,"SOURCE":"OpenStreetMap","SOURCEDATE":1470268800000,"VAL_METHOD":"IMAGERY/OTHER","VAL_DATE":1494460800000}},{"type":"Feature","geometry":{"type":"Point","coordinates":[-76.6965818520012,37.2758451260032]},"properties":{"ID":"147968","NAME":"UNKNOWN147968","CITY":"WILLIAMSBURG","STATE":"VA","COUNTY":"WILLIAMSBURG","TYPE":"SUBSTATION","STATUS":"IN SERVICE","LATITUDE":37.275845126000036,"LONGITUDE":-76.696581851999952,"LINES":-999999,"MAX_VOLT":-999999,"MIN_VOLT":-999999,"SOURCE":"OpenStreetMap","SOURCEDATE":1470268800000,"VAL_METHOD":"IMAGERY/OTHER","VAL_DATE":1494460800000}},{"type":"Feature","geometry":{"type":"Point","coordinates":[-76.4115261900012,36.9753834910033]},"properties":{"ID":"147969","NAME":"UNKNOWN147969","CITY":"NEWPORT NEWS","STATE":"VA","COUNTY":"NEWPORT NEWS","TYPE":"SUBSTATION","STATUS":"IN SERVICE","LATITUDE":36.975383491000059,"LONGITUDE":-76.411526189999961,"LINES":-999999,"MAX_VOLT":-999999,"MIN_VOLT":-999999,"SOURCE":"OpenStreetMap","SOURCEDATE":1470268800000,"VAL_METHOD":"IMAGERY/OTHER","VAL_DATE":1494460800000}},{"type":"Feature","geometry":{"type":"Point","coordinates":[-76.3233647220012,36.9579821980033]},"properties":{"ID":"147970","NAME":"UNKNOWN147970","CITY":"NORFOLK","STATE":"VA","COUNTY":"NORFOLK","TYPE":"SUBSTATION","STATUS":"IN SERVICE","LATITUDE":36.957982198000025,"LONGITUDE":-76.323364721999951,"LINES":-999999,"MAX_VOLT":-999999,"MIN_VOLT":-999999,"SOURCE":"OpenStreetMap","SOURCEDATE":1470268800000,"VAL_METHOD":"IMAGERY","VAL_DATE":1494460800000}},{"type":"Feature","geometry":{"type":"Point","coordinates":[-76.2515603810012,36.9537571670033]},"properties":{"ID":"147971","NAME":"UNKNOWN147971","CITY":"NORFOLK","STATE":"VA","COUNTY":"NORFOLK","TYPE":"SUBSTATION","STATUS":"IN SERVICE","LATITUDE":36.953757167000049,"LONGITUDE":-76.251560380999933,"LINES":-999999,"MAX_VOLT":-999999,"MIN_VOLT":-999999,"SOURCE":"OpenStreetMap","SOURCEDATE":1470268800000,"VAL_METHOD":"IMAGERY","VAL_DATE":1494460800000}},{"type":"Feature","geometry":{"type":"Point","coordinates":[-76.6695678500012,36.9597007010032]},"properties":{"ID":"147972","NAME":"SMITHFIELD","CITY":"SMITHFIELD","STATE":"VA","COUNTY":"ISLE OF WIGHT","TYPE":"SUBSTATION","STATUS":"IN SERVICE","LATITUDE":36.959700701000031,"LONGITUDE":-76.669567849999964,"LINES":2,"MAX_VOLT":230,"MIN_VOLT":230,"SOURCE":"IMAGERY, OpenStreetMap","SOURCEDATE":1405555200000,"VAL_METHOD":"IMAGERY","VAL_DATE":1405555200000}},{"type":"Feature","geometry":{"type":"Point","coordinates":[-76.6309424610012,37.2336881110033]},"properties":{"ID":"147973","NAME":"KING'S MILL","CITY":"WILLIAMSBURG","STATE":"VA","COUNTY":"JAMES CITY","TYPE":"SUBSTATION","STATUS":"IN SERVICE","LATITUDE":37.233688111000049,"LONGITUDE":-76.630942460999961,"LINES":4,"MAX_VOLT":230,"MIN_VOLT":115,"SOURCE":"IMAGERY, OpenStreetMap","SOURCEDATE":1406592000000,"VAL_METHOD":"IMAGERY","VAL_DATE":1406592000000}},{"type":"Feature","geometry":{"type":"Point","coordinates":[-76.4767778200012,37.1741978100033]},"properties":{"ID":"147974","NAME":"SEAFORD","CITY":"YORKTOWN","STATE":"VA","COUNTY":"YORK","TYPE":"SUBSTATION","STATUS":"IN SERVICE","LATITUDE":37.174197810000067,"LONGITUDE":-76.476777819999938,"LINES":4,"MAX_VOLT":115,"MIN_VOLT":115,"SOURCE":"IMAGERY, OpenStreetMap","SOURCEDATE":1406505600000,"VAL_METHOD":"IMAGERY","VAL_DATE":1406505600000}},{"type":"Feature","geometry":{"type":"Point","coordinates":[-76.7435927780012,38.0083503940032]},"properties":{"ID":"147975","NAME":"WESTMORELAND","CITY":"WARSAW","STATE":"VA","COUNTY":"WESTMORELAND","TYPE":"SUBSTATION","STATUS":"IN SERVICE","LATITUDE":38.008350394000047,"LONGITUDE":-76.743592777999936,"LINES":2,"MAX_VOLT":230,"MIN_VOLT":230,"SOURCE":"IMAGERY, OpenStreetMap","SOURCEDATE":1408492800000,"VAL_METHOD":"IMAGERY","VAL_DATE":1408492800000}},{"type":"Feature","geometry":{"type":"Point","coordinates":[-78.4449133240014,36.5721581910032]},"properties":{"ID":"147976","NAME":"BURLINGTON DP","CITY":"CLARKSVILLE","STATE":"VA","COUNTY":"MECKLENBURG","TYPE":"SUBSTATION","STATUS":"IN SERVICE","LATITUDE":36.572158191000028,"LONGITUDE":-78.44491332399997,"LINES":1,"MAX_VOLT":115,"MIN_VOLT":115,"SOURCE":"IMAGERY, http://www.pjm.com/system-map/default.html","SOURCEDATE":1405296000000,"VAL_METHOD":"IMAGERY","VAL_DATE":1427846400000}},{"type":"Feature","geometry":{"type":"Point","coordinates":[-78.4655515470014,36.8090598000032]},"properties":{"ID":"147977","NAME":"CHASE CITY","CITY":"CHASE CITY","STATE":"VA","COUNTY":"MECKLENBURG","TYPE":"SUBSTATION","STATUS":"IN SERVICE","LATITUDE":36.809059800000057,"LONGITUDE":-78.465551546999961,"LINES":7,"MAX_VOLT":115,"MIN_VOLT":115,"SOURCE":"IMAGERY, http://www.pjm.com/system-map/default.html","SOURCEDATE":1405296000000,"VAL_METHOD":"IMAGERY","VAL_DATE":1427846400000}},{"type":"Feature","geometry":{"type":"Point","coordinates":[-78.4669464060014,36.5488796670032]},"properties":{"ID":"147978","NAME":"BUGGS ISLAND NUG","CITY":"CLARKSVILLE","STATE":"VA","COUNTY":"MECKLENBURG","TYPE":"SUBSTATION","STATUS":"IN SERVICE","LATITUDE":36.548879667000051,"LONGITUDE":-78.466946405999977,"LINES":1,"MAX_VOLT":115,"MIN_VOLT":115,"SOURCE":"IMAGERY, http://www.pjm.com/system-map/default.html","SOURCEDATE":1405382400000,"VAL_METHOD":"IMAGERY","VAL_DATE":1427846400000}},{"type":"Feature","geometry":{"type":"Point","coordinates":[-78.3930341040014,37.3114215830032]},"properties":{"ID":"147979","NAME":"FARMVILLE","CITY":"FARMVILLE","STATE":"VA","COUNTY":"CUMBERLAND","TYPE":"SUBSTATION","STATUS":"IN SERVICE","LATITUDE":37.311421583000026,"LONGITUDE":-78.39303410399998,"LINES":4,"MAX_VOLT":230,"MIN_VOLT":115,"SOURCE":"IMAGERY, http://www.pjm.com/system-map/default.html","SOURCEDATE":1408060800000,"VAL_METHOD":"IMAGERY","VAL_DATE":1427846400000}},{"type":"Feature","geometry":{"type":"Point","coordinates":[-78.4454368050014,36.5729215230032]},"properties":{"ID":"147993","NAME":"TAP147993","CITY":"CLARKSVILLE","STATE":"VA","COUNTY":"MECKLENBURG","TYPE":"TAP","STATUS":"IN SERVICE","LATITUDE":36.572921523000048,"LONGITUDE":-78.445436804999986,"LINES":3,"MAX_VOLT":115,"MIN_VOLT":115,"SOURCE":"IMAGERY","SOURCEDATE":1405296000000,"VAL_METHOD":"IMAGERY/OTHER","VAL_DATE":1439510400000}},{"type":"Feature","geometry":{"type":"Point","coordinates":[-78.5092165360013,36.8066925120032]},"properties":{"ID":"147994","NAME":"TAP147994","CITY":"CHASE CITY","STATE":"VA","COUNTY":"MECKLENBURG","TYPE":"TAP","STATUS":"IN SERVICE","LATITUDE":36.806692512000041,"LONGITUDE":-78.50921653599994,"LINES":3,"MAX_VOLT":115,"MIN_VOLT":115,"SOURCE":"IMAGERY","SOURCEDATE":1405296000000,"VAL_METHOD":"IMAGERY/OTHER","VAL_DATE":1439510400000}},{"type":"Feature","geometry":{"type":"Point","coordinates":[-78.4656364110014,36.5492787450032]},"properties":{"ID":"147995","NAME":"TAP147995","CITY":"CLARKSVILLE","STATE":"VA","COUNTY":"MECKLENBURG","TYPE":"TAP","STATUS":"IN SERVICE","LATITUDE":36.549278745000038,"LONGITUDE":-78.465636410999934,"LINES":3,"MAX_VOLT":115,"MIN_VOLT":115,"SOURCE":"IMAGERY","SOURCEDATE":1405382400000,"VAL_METHOD":"IMAGERY/OTHER","VAL_DATE":1439510400000}},{"type":"Feature","geometry":{"type":"Point","coordinates":[-78.5302942580014,36.5972948140032]},"properties":{"ID":"147996","NAME":"TAP147996","CITY":"CLARKSVILLE","STATE":"VA","COUNTY":"MECKLENBURG","TYPE":"TAP","STATUS":"IN SERVICE","LATITUDE":36.597294814000065,"LONGITUDE":-78.530294257999969,"LINES":3,"MAX_VOLT":115,"MIN_VOLT":115,"SOURCE":"IMAGERY","SOURCEDATE":1405382400000,"VAL_METHOD":"IMAGERY/OTHER","VAL_DATE":1439510400000}},{"type":"Feature","geometry":{"type":"Point","coordinates":[-78.3500667450013,36.6855059800032]},"properties":{"ID":"147997","NAME":"TAP147997","CITY":"BOYDTON","STATE":"VA","COUNTY":"MECKLENBURG","TYPE":"TAP","STATUS":"IN SERVICE","LATITUDE":36.685505980000073,"LONGITUDE":-78.350066744999936,"LINES":3,"MAX_VOLT":115,"MIN_VOLT":115,"SOURCE":"IMAGERY","SOURCEDATE":1405382400000,"VAL_METHOD":"IMAGERY/OTHER","VAL_DATE":1439510400000}},{"type":"Feature","geometry":{"type":"Point","coordinates":[-78.3012451110014,36.6008553280032]},"properties":{"ID":"148027","NAME":"KERR DAM","CITY":"BOYDTON","STATE":"VA","COUNTY":"MECKLENBURG","TYPE":"SUBSTATION","STATUS":"IN SERVICE","LATITUDE":36.60085532800008,"LONGITUDE":-78.301245110999957,"LINES":7,"MAX_VOLT":115,"MIN_VOLT":115,"SOURCE":"IMAGERY, http://www.pjm.com/system-map/default.html","SOURCEDATE":1405296000000,"VAL_METHOD":"IMAGERY","VAL_DATE":1427846400000}},{"type":"Feature","geometry":{"type":"Point","coordinates":[-78.1169854340013,36.7262420540032]},"properties":{"ID":"148028","NAME":"SOUTH HILL","CITY":"SOUTH HILL","STATE":"VA","COUNTY":"MECKLENBURG","TYPE":"SUBSTATION","STATUS":"IN SERVICE","LATITUDE":36.726242054000068,"LONGITUDE":-78.116985433999957,"LINES":2,"MAX_VOLT":115,"MIN_VOLT":115,"SOURCE":"IMAGERY, http://www.pjm.com/system-map/default.html","SOURCEDATE":1405296000000,"VAL_METHOD":"IMAGERY","VAL_DATE":1427846400000}},{"type":"Feature","geometry":{"type":"Point","coordinates":[-78.1916604530013,36.6263599090032]},"properties":{"ID":"148029","NAME":"BEECHWOOD DP","CITY":"SOUTH HILL","STATE":"VA","COUNTY":"MECKLENBURG","TYPE":"SUBSTATION","STATUS":"IN SERVICE","LATITUDE":36.62635990900003,"LONGITUDE":-78.19166045299994,"LINES":1,"MAX_VOLT":115,"MIN_VOLT":115,"SOURCE":"IMAGERY, http://www.pjm.com/system-map/default.html","SOURCEDATE":1405382400000,"VAL_METHOD":"IMAGERY","VAL_DATE":1427846400000}},{"type":"Feature","geometry":{"type":"Point","coordinates":[-78.1317236770013,36.9596282020032]},"properties":{"ID":"148030","NAME":"KENBRIDGE","CITY":"KENBRIDGE","STATE":"VA","COUNTY":"LUNENBURG","TYPE":"SUBSTATION","STATUS":"IN SERVICE","LATITUDE":36.959628202000033,"LONGITUDE":-78.131723676999968,"LINES":1,"MAX_VOLT":115,"MIN_VOLT":115,"SOURCE":"IMAGERY, http://www.pjm.com/system-map/default.html","SOURCEDATE":1405382400000,"VAL_METHOD":"IMAGERY","VAL_DATE":1427846400000}},{"type":"Feature","geometry":{"type":"Point","coordinates":[-78.1306840640014,37.1650450080032]},"properties":{"ID":"148031","NAME":"CREWE","CITY":"CREWE","STATE":"VA","COUNTY":"NOTTOWAY","TYPE":"SUBSTATION","STATUS":"IN SERVICE","LATITUDE":37.16504500800005,"LONGITUDE":-78.130684063999979,"LINES":3,"MAX_VOLT":115,"MIN_VOLT":115,"SOURCE":"IMAGERY, http://www.pjm.com/system-map/default.html","SOURCEDATE":1407801600000,"VAL_METHOD":"IMAGERY","VAL_DATE":1427846400000}},{"type":"Feature","geometry":{"type":"Point","coordinates":[-78.1116419660013,37.2806025160032]},"properties":{"ID":"148032","NAME":"JETERSVILLE","CITY":"JETERSVILLE","STATE":"VA","COUNTY":"AMELIA","TYPE":"SUBSTATION","STATUS":"IN SERVICE","LATITUDE":37.280602516000044,"LONGITUDE":-78.111641965999979,"LINES":1,"MAX_VOLT":115,"MIN_VOLT":115,"SOURCE":"IMAGERY, http://www.pjm.com/system-map/default.html","SOURCEDATE":1407888000000,"VAL_METHOD":"IMAGERY","VAL_DATE":1427846400000}},{"type":"Feature","geometry":{"type":"Point","coordinates":[-78.1952386290014,36.9186102600032]},"properties":{"ID":"148044","NAME":"TAP148044","CITY":"KENBRIDGE","STATE":"VA","COUNTY":"LUNENBURG","TYPE":"TAP","STATUS":"IN SERVICE","LATITUDE":36.918610260000037,"LONGITUDE":-78.195238628999959,"LINES":3,"MAX_VOLT":115,"MIN_VOLT":115,"SOURCE":"IMAGERY","SOURCEDATE":1405382400000,"VAL_METHOD":"IMAGERY/OTHER","VAL_DATE":1439510400000}},{"type":"Feature","geometry":{"type":"Point","coordinates":[-78.2790286460014,37.2321350020032]},"properties":{"ID":"148045","NAME":"TAP148045","CITY":"RICE","STATE":"VA","COUNTY":"PRINCE EDWARD","TYPE":"TAP","STATUS":"IN SERVICE","LATITUDE":37.232135002000064,"LONGITUDE":-78.279028645999972,"LINES":3,"MAX_VOLT":115,"MIN_VOLT":115,"SOURCE":"IMAGERY","SOURCEDATE":1408320000000,"VAL_METHOD":"IMAGERY/OTHER","VAL_DATE":1439510400000}},{"type":"Feature","geometry":{"type":"Point","coordinates":[-78.1502719990014,37.1784583140033]},"properties":{"ID":"148046","NAME":"TAP148046","CITY":"CREWE","STATE":"VA","COUNTY":"NOTTOWAY","TYPE":"TAP","STATUS":"IN SERVICE","LATITUDE":37.178458314000068,"LONGITUDE":-78.150271998999983,"LINES":3,"MAX_VOLT":115,"MIN_VOLT":115,"SOURCE":"IMAGERY","SOURCEDATE":1407888000000,"VAL_METHOD":"IMAGERY/OTHER","VAL_DATE":1439510400000}},{"type":"Feature","geometry":{"type":"Point","coordinates":[-78.2546184240013,36.9720704790032]},"properties":{"ID":"148048","NAME":"TAP148048","CITY":"VICTORIA","STATE":"VA","COUNTY":"LUNENBURG","TYPE":"TAP","STATUS":"IN SERVICE","LATITUDE":36.972070479000024,"LONGITUDE":-78.254618423999943,"LINES":3,"MAX_VOLT":115,"MIN_VOLT":115,"SOURCE":"IMAGERY","SOURCEDATE":1452211200000,"VAL_METHOD":"IMAGERY","VAL_DATE":1452211200000}},{"type":"Feature","geometry":{"type":"Point","coordinates":[-78.2531984060014,36.9726377670032]},"properties":{"ID":"148049","NAME":"TAP148049","CITY":"VICTORIA","STATE":"VA","COUNTY":"LUNENBURG","TYPE":"TAP","STATUS":"IN SERVICE","LATITUDE":36.972637767000037,"LONGITUDE":-78.253198405999967,"LINES":3,"MAX_VOLT":115,"MIN_VOLT":115,"SOURCE":"IMAGERY","SOURCEDATE":1452211200000,"VAL_METHOD":"IMAGERY","VAL_DATE":1452211200000}},{"type":"Feature","geometry":{"type":"Point","coordinates":[-78.0111149570013,36.7343514260032]},"properties":{"ID":"148052","NAME":"BRODNAX","CITY":"BRODNAX","STATE":"VA","COUNTY":"BRUNSWICK","TYPE":"SUBSTATION","STATUS":"IN SERVICE","LATITUDE":36.734351426000046,"LONGITUDE":-78.011114956999961,"LINES":2,"MAX_VOLT":115,"MIN_VOLT":115,"SOURCE":"IMAGERY, http://www.pjm.com/system-map/default.html","SOURCEDATE":1405296000000,"VAL_METHOD":"IMAGERY","VAL_DATE":1427846400000}},{"type":"Feature","geometry":{"type":"Point","coordinates":[-77.9211507090013,36.7414008170032]},"properties":{"ID":"148053","NAME":"BRUNSWICK","CITY":"BRODNAX","STATE":"VA","COUNTY":"BRUNSWICK","TYPE":"SUBSTATION","STATUS":"IN SERVICE","LATITUDE":36.741400817000056,"LONGITUDE":-77.92115070899996,"LINES":3,"MAX_VOLT":115,"MIN_VOLT":115,"SOURCE":"IMAGERY, http://www.pjm.com/system-map/default.html","SOURCEDATE":1405296000000,"VAL_METHOD":"IMAGERY","VAL_DATE":1427846400000}},{"type":"Feature","geometry":{"type":"Point","coordinates":[-77.9380495330013,37.1209464850032]},"properties":{"ID":"148054","NAME":"FORK PICKETT","CITY":"BLACKSTONE","STATE":"VA","COUNTY":"NOTTOWAY","TYPE":"SUBSTATION","STATUS":"IN SERVICE","LATITUDE":37.120946485000047,"LONGITUDE":-77.938049532999969,"LINES":1,"MAX_VOLT":-999999,"MIN_VOLT":-999999,"SOURCE":"IMAGERY, http://www.pjm.com/system-map/default.html","SOURCEDATE":1407801600000,"VAL_METHOD":"IMAGERY","VAL_DATE":1427846400000}},{"type":"Feature","geometry":{"type":"Point","coordinates":[-77.5282656420013,36.8340799780032]},"properties":{"ID":"148189","NAME":"TAP148189","CITY":"JARRATT","STATE":"VA","COUNTY":"GREENSVILLE","TYPE":"TAP","STATUS":"IN SERVICE","LATITUDE":36.834079978000034,"LONGITUDE":-77.528265641999951,"LINES":3,"MAX_VOLT":115,"MIN_VOLT":115,"SOURCE":"IMAGERY","SOURCEDATE":1470096000000,"VAL_METHOD":"IMAGERY","VAL_DATE":1470096000000}},{"type":"Feature","geometry":{"type":"Point","coordinates":[-77.5849978390013,36.7181951430032]},"properties":{"ID":"148191","NAME":"CLUBHOUSE","CITY":"EMPORIA","STATE":"VA","COUNTY":"GREENSVILLE","TYPE":"SUBSTATION","STATUS":"IN SERVICE","LATITUDE":36.718195143000059,"LONGITUDE":-77.584997838999982,"LINES":4,"MAX_VOLT":230,"MIN_VOLT":115,"SOURCE":"IMAGERY, http://www.pjm.com/system-map/default.html","SOURCEDATE":1405382400000,"VAL_METHOD":"IMAGERY","VAL_DATE":1427846400000}},{"type":"Feature","geometry":{"type":"Point","coordinates":[-76.8978409410013,36.8979026870032]},"properties":{"ID":"148192","NAME":"WAKEFIELD","CITY":"IVOR","STATE":"VA","COUNTY":"SOUTHAMPTON","TYPE":"SUBSTATION","STATUS":"IN SERVICE","LATITUDE":36.897902687000055,"LONGITUDE":-76.89784094099997,"LINES":2,"MAX_VOLT":115,"MIN_VOLT":115,"SOURCE":"IMAGERY, http://www.pjm.com/system-map/default.html","SOURCEDATE":1405468800000,"VAL_METHOD":"IMAGERY","VAL_DATE":1427846400000}},{"type":"Feature","geometry":{"type":"Point","coordinates":[-77.6371969760013,36.6010095020033]},"properties":{"ID":"148193","NAME":"TREGO","CITY":"SKIPPERS","STATE":"VA","COUNTY":"GREENSVILLE","TYPE":"SUBSTATION","STATUS":"IN SERVICE","LATITUDE":36.601009502000068,"LONGITUDE":-77.637196975999984,"LINES":1,"MAX_VOLT":115,"MIN_VOLT":115,"SOURCE":"IMAGERY, http://www.pjm.com/system-map/default.html","SOURCEDATE":1405468800000,"VAL_METHOD":"IMAGERY","VAL_DATE":1427846400000}},{"type":"Feature","geometry":{"type":"Point","coordinates":[-77.5290478510013,36.5511114740032]},"properties":{"ID":"148194","NAME":"PLEASANT HILL","CITY":"EMPORIA","STATE":"VA","COUNTY":"GREENSVILLE","TYPE":"SUBSTATION","STATUS":"IN SERVICE","LATITUDE":36.551111474000038,"LONGITUDE":-77.529047850999973,"LINES":1,"MAX_VOLT":115,"MIN_VOLT":115,"SOURCE":"IMAGERY, http://www.pjm.com/system-map/default.html","SOURCEDATE":1405468800000,"VAL_METHOD":"IMAGERY","VAL_DATE":1427846400000}},{"type":"Feature","geometry":{"type":"Point","coordinates":[-77.1936815560013,36.6004468030032]},"properties":{"ID":"148195","NAME":"BOYKINS","CITY":"BOYKINS","STATE":"VA","COUNTY":"SOUTHAMPTON","TYPE":"SUBSTATION","STATUS":"IN SERVICE","LATITUDE":36.600446803000068,"LONGITUDE":-77.193681555999945,"LINES":3,"MAX_VOLT":230,"MIN_VOLT":-999999,"SOURCE":"IMAGERY, http://www.pjm.com/system-map/default.html","SOURCEDATE":1405468800000,"VAL_METHOD":"IMAGERY","VAL_DATE":1427846400000}},{"type":"Feature","geometry":{"type":"Point","coordinates":[-76.7818206640012,36.8226849970033]},"properties":{"ID":"148196","NAME":"WINDSOR DP","CITY":"WINDSOR","STATE":"VA","COUNTY":"ISLE OF WIGHT","TYPE":"SUBSTATION","STATUS":"IN SERVICE","LATITUDE":36.822684997000067,"LONGITUDE":-76.781820663999952,"LINES":2,"MAX_VOLT":115,"MIN_VOLT":115,"SOURCE":"IMAGERY, http://www.pjm.com/system-map/default.html","SOURCEDATE":1405468800000,"VAL_METHOD":"IMAGERY","VAL_DATE":1427846400000}},{"type":"Feature","geometry":{"type":"Point","coordinates":[-76.6966516010012,36.7713002130033]},"properties":{"ID":"148203","NAME":"MYRTLE","CITY":"SUFFOLK","STATE":"VA","COUNTY":"SUFFOLK","TYPE":"SUBSTATION","STATUS":"IN SERVICE","LATITUDE":36.771300213000075,"LONGITUDE":-76.696651600999985,"LINES":2,"MAX_VOLT":115,"MIN_VOLT":-999999,"SOURCE":"IMAGERY, OpenStreetMap","SOURCEDATE":1405468800000,"VAL_METHOD":"IMAGERY","VAL_DATE":1405468800000}},{"type":"Feature","geometry":{"type":"Point","coordinates":[-80.8612993810016,37.3697430060031]},"properties":{"ID":"148204","NAME":"GLEN LYN","CITY":"GLEN LYN","STATE":"VA","COUNTY":"GILES","TYPE":"SUBSTATION","STATUS":"IN SERVICE","LATITUDE":37.369743006000078,"LONGITUDE":-80.861299380999981,"LINES":11,"MAX_VOLT":138,"MIN_VOLT":138,"SOURCE":"IMAGERY, http://www.pjm.com/system-map/default.html","SOURCEDATE":1410739200000,"VAL_METHOD":"IMAGERY","VAL_DATE":1425427200000}},{"type":"Feature","geometry":{"type":"Point","coordinates":[-80.9880552680016,36.7152595780031]},"properties":{"ID":"148205","NAME":"FRIES","CITY":"FRIES","STATE":"VA","COUNTY":"GRAYSON","TYPE":"SUBSTATION","STATUS":"IN SERVICE","LATITUDE":36.71525957800003,"LONGITUDE":-80.988055267999982,"LINES":4,"MAX_VOLT":69,"MIN_VOLT":-999999,"SOURCE":"IMAGERY, http://www.pjm.com/system-map/default.html","SOURCEDATE":1410739200000,"VAL_METHOD":"IMAGERY","VAL_DATE":1425427200000}},{"type":"Feature","geometry":{"type":"Point","coordinates":[-80.6090733350015,36.6344695610031]},"properties":{"ID":"148206","NAME":"UNKNOWN148206","CITY":"ARARAT","STATE":"VA","COUNTY":"CARROLL","TYPE":"SUBSTATION","STATUS":"IN SERVICE","LATITUDE":36.63446956100006,"LONGITUDE":-80.609073334999948,"LINES":1,"MAX_VOLT":-999999,"MIN_VOLT":-999999,"SOURCE":"IMAGERY","SOURCEDATE":1470096000000,"VAL_METHOD":"IMAGERY","VAL_DATE":1470096000000}},{"type":"Feature","geometry":{"type":"Point","coordinates":[-80.6667283770015,37.3532906300031]},"properties":{"ID":"148207","NAME":"KIMBALLTON","CITY":"RIPPLEMEAD","STATE":"VA","COUNTY":"GILES","TYPE":"SUBSTATION","STATUS":"IN SERVICE","LATITUDE":37.35329063000006,"LONGITUDE":-80.66672837699997,"LINES":1,"MAX_VOLT":-999999,"MIN_VOLT":-999999,"SOURCE":"IMAGERY, http://www.pjm.com/system-map/default.html","SOURCEDATE":1425427200000,"VAL_METHOD":"IMAGERY","VAL_DATE":1425427200000}},{"type":"Feature","geometry":{"type":"Point","coordinates":[-77.8464665270013,36.7496721810032]},"properties":{"ID":"148208","NAME":"LAWRENCEVILLE","CITY":"LAWRENCEVILLE","STATE":"VA","COUNTY":"BRUNSWICK","TYPE":"SUBSTATION","STATUS":"IN SERVICE","LATITUDE":36.749672181000051,"LONGITUDE":-77.846466526999961,"LINES":2,"MAX_VOLT":115,"MIN_VOLT":115,"SOURCE":"IMAGERY, http://www.pjm.com/system-map/default.html","SOURCEDATE":1405296000000,"VAL_METHOD":"IMAGERY","VAL_DATE":1427846400000}},{"type":"Feature","geometry":{"type":"Point","coordinates":[-77.7010881600013,36.7642032830032]},"properties":{"ID":"148209","NAME":"FREEMAN DP","CITY":"FREEMAN","STATE":"VA","COUNTY":"BRUNSWICK","TYPE":"SUBSTATION","STATUS":"IN SERVICE","LATITUDE":36.764203283000029,"LONGITUDE":-77.701088159999983,"LINES":1,"MAX_VOLT":115,"MIN_VOLT":115,"SOURCE":"IMAGERY, http://www.pjm.com/system-map/default.html","SOURCEDATE":1405296000000,"VAL_METHOD":"IMAGERY","VAL_DATE":1427846400000}},{"type":"Feature","geometry":{"type":"Point","coordinates":[-77.4766802300013,36.9447817410032]},"properties":{"ID":"148210","NAME":"SAPONY","CITY":"STONY CREEK","STATE":"VA","COUNTY":"SUSSEX","TYPE":"SUBSTATION","STATUS":"IN SERVICE","LATITUDE":36.944781741000043,"LONGITUDE":-77.476680229999943,"LINES":2,"MAX_VOLT":230,"MIN_VOLT":230,"SOURCE":"IMAGERY, http://www.pjm.com/system-map/default.html","SOURCEDATE":1405382400000,"VAL_METHOD":"IMAGERY","VAL_DATE":1427846400000}},{"type":"Feature","geometry":{"type":"Point","coordinates":[-77.4251751270013,37.0891950390033]},"properties":{"ID":"148211","NAME":"UKNOWN","CITY":"PETERSBURG","STATE":"VA","COUNTY":"DINWIDDIE","TYPE":"SUBSTATION","STATUS":"IN SERVICE","LATITUDE":37.08919503900006,"LONGITUDE":-77.425175126999989,"LINES":2,"MAX_VOLT":115,"MIN_VOLT":115,"SOURCE":"IMAGERY, http://www.pjm.com/system-map/default.html","SOURCEDATE":1405382400000,"VAL_METHOD":"IMAGERY","VAL_DATE":1551830400000}},{"type":"Feature","geometry":{"type":"Point","coordinates":[-77.4837649220013,36.8202733680032]},"properties":{"ID":"148212","NAME":"JARRATT","CITY":"DEWITT","STATE":"VA","COUNTY":"GREENSVILLE","TYPE":"SUBSTATION","STATUS":"IN SERVICE","LATITUDE":36.820273368000073,"LONGITUDE":-77.483764921999978,"LINES":1,"MAX_VOLT":115,"MIN_VOLT":115,"SOURCE":"IMAGERY, http://www.pjm.com/system-map/default.html","SOURCEDATE":1405468800000,"VAL_METHOD":"IMAGERY","VAL_DATE":1427846400000}},{"type":"Feature","geometry":{"type":"Point","coordinates":[-77.2252126650013,37.1102893040032]},"properties":{"ID":"148213","NAME":"DISPUTANTA","CITY":"DISPUTANTA","STATE":"VA","COUNTY":"PRINCE GEORGE","TYPE":"SUBSTATION","STATUS":"IN SERVICE","LATITUDE":37.110289304000048,"LONGITUDE":-77.225212664999958,"LINES":1,"MAX_VOLT":115,"MIN_VOLT":115,"SOURCE":"IMAGERY, http://www.pjm.com/system-map/default.html","SOURCEDATE":1405641600000,"VAL_METHOD":"IMAGERY","VAL_DATE":1427846400000}},{"type":"Feature","geometry":{"type":"Point","coordinates":[-77.3590911530013,37.1999537110032]},"properties":{"ID":"148214","NAME":"POE","CITY":"PETERSBURG","STATE":"VA","COUNTY":"PETERSBURG","TYPE":"SUBSTATION","STATUS":"IN SERVICE","LATITUDE":37.199953711000035,"LONGITUDE":-77.359091152999952,"LINES":5,"MAX_VOLT":230,"MIN_VOLT":115,"SOURCE":"IMAGERY, http://www.pjm.com/system-map/default.html","SOURCEDATE":1405641600000,"VAL_METHOD":"IMAGERY","VAL_DATE":1427846400000}},{"type":"Feature","geometry":{"type":"Point","coordinates":[-77.4435645790013,37.2219769940032]},"properties":{"ID":"148215","NAME":"LOCKS","CITY":"PETERSBURG","STATE":"VA","COUNTY":"PETERSBURG","TYPE":"SUBSTATION","STATUS":"IN SERVICE","LATITUDE":37.221976994000045,"LONGITUDE":-77.44356457899994,"LINES":5,"MAX_VOLT":230,"MIN_VOLT":115,"SOURCE":"IMAGERY, http://www.pjm.com/system-map/default.html","SOURCEDATE":1405641600000,"VAL_METHOD":"IMAGERY","VAL_DATE":1443398400000}},{"type":"Feature","geometry":{"type":"Point","coordinates":[-77.3720308830013,37.2564965490032]},"properties":{"ID":"148216","NAME":"HARVELL","CITY":"PRINCE GEORGE","STATE":"VA","COUNTY":"PRINCE GEORGE","TYPE":"SUBSTATION","STATUS":"IN SERVICE","LATITUDE":37.256496549000076,"LONGITUDE":-77.372030882999979,"LINES":2,"MAX_VOLT":115,"MIN_VOLT":115,"SOURCE":"IMAGERY, http://www.pjm.com/system-map/default.html","SOURCEDATE":1405641600000,"VAL_METHOD":"IMAGERY","VAL_DATE":1427846400000}},{"type":"Feature","geometry":{"type":"Point","coordinates":[-77.7054128600013,36.7377812410032]},"properties":{"ID":"148227","NAME":"TAP148227","CITY":"FREEMAN","STATE":"VA","COUNTY":"BRUNSWICK","TYPE":"TAP","STATUS":"IN SERVICE","LATITUDE":36.73778124100005,"LONGITUDE":-77.705412859999967,"LINES":3,"MAX_VOLT":115,"MIN_VOLT":115,"SOURCE":"IMAGERY","SOURCEDATE":1405296000000,"VAL_METHOD":"IMAGERY/OTHER","VAL_DATE":1439510400000}},{"type":"Feature","geometry":{"type":"Point","coordinates":[-77.5853809330013,36.7183426700032]},"properties":{"ID":"148228","NAME":"TAP148228","CITY":"EMPORIA","STATE":"VA","COUNTY":"GREENSVILLE","TYPE":"TAP","STATUS":"IN SERVICE","LATITUDE":36.718342670000027,"LONGITUDE":-77.585380932999954,"LINES":3,"MAX_VOLT":230,"MIN_VOLT":230,"SOURCE":"IMAGERY","SOURCEDATE":1405382400000,"VAL_METHOD":"IMAGERY/OTHER","VAL_DATE":1439510400000}},{"type":"Feature","geometry":{"type":"Point","coordinates":[-77.5872319830013,36.7141476510033]},"properties":{"ID":"148229","NAME":"TAP148229","CITY":"EMPORIA","STATE":"VA","COUNTY":"GREENSVILLE","TYPE":"TAP","STATUS":"IN SERVICE","LATITUDE":36.714147651000076,"LONGITUDE":-77.587231982999981,"LINES":3,"MAX_VOLT":115,"MIN_VOLT":115,"SOURCE":"IMAGERY","SOURCEDATE":1405382400000,"VAL_METHOD":"IMAGERY/OTHER","VAL_DATE":1439510400000}},{"type":"Feature","geometry":{"type":"Point","coordinates":[-77.4248076080013,37.0891604750032]},"properties":{"ID":"148230","NAME":"TAP148230","CITY":"PETERSBURG","STATE":"VA","COUNTY":"DINWIDDIE","TYPE":"TAP","STATUS":"IN SERVICE","LATITUDE":37.089160475000028,"LONGITUDE":-77.424807607999981,"LINES":3,"MAX_VOLT":115,"MIN_VOLT":115,"SOURCE":"IMAGERY","SOURCEDATE":1405382400000,"VAL_METHOD":"IMAGERY/OTHER","VAL_DATE":1439510400000}},{"type":"Feature","geometry":{"type":"Point","coordinates":[-77.4769783890013,36.9448802880032]},"properties":{"ID":"148231","NAME":"TAP148231","CITY":"STONY CREEK","STATE":"VA","COUNTY":"SUSSEX","TYPE":"TAP","STATUS":"IN SERVICE","LATITUDE":36.944880288000036,"LONGITUDE":-77.476978388999953,"LINES":3,"MAX_VOLT":115,"MIN_VOLT":115,"SOURCE":"IMAGERY","SOURCEDATE":1405382400000,"VAL_METHOD":"IMAGERY/OTHER","VAL_DATE":1439510400000}},{"type":"Feature","geometry":{"type":"Point","coordinates":[-77.4561299600013,37.0954798180032]},"properties":{"ID":"148232","NAME":"TAP148232","CITY":"PETERSBURG","STATE":"VA","COUNTY":"DINWIDDIE","TYPE":"TAP","STATUS":"IN SERVICE","LATITUDE":37.095479818000058,"LONGITUDE":-77.456129959999942,"LINES":3,"MAX_VOLT":115,"MIN_VOLT":115,"SOURCE":"IMAGERY","SOURCEDATE":1405382400000,"VAL_METHOD":"IMAGERY/OTHER","VAL_DATE":1439510400000}},{"type":"Feature","geometry":{"type":"Point","coordinates":[-77.5768889070013,36.9633070310032]},"properties":{"ID":"148233","NAME":"TAP148233","CITY":"DINWIDDIE","STATE":"VA","COUNTY":"DINWIDDIE","TYPE":"TAP","STATUS":"IN SERVICE","LATITUDE":36.963307031000056,"LONGITUDE":-77.576888906999955,"LINES":3,"MAX_VOLT":115,"MIN_VOLT":115,"SOURCE":"IMAGERY","SOURCEDATE":1405468800000,"VAL_METHOD":"IMAGERY/OTHER","VAL_DATE":1439510400000}},{"type":"Feature","geometry":{"type":"Point","coordinates":[-77.4376404970013,37.1800797380033]},"properties":{"ID":"148234","NAME":"TAP148234","CITY":"PETERSBURG","STATE":"VA","COUNTY":"DINWIDDIE","TYPE":"TAP","STATUS":"IN SERVICE","LATITUDE":37.180079738000074,"LONGITUDE":-77.437640496999961,"LINES":3,"MAX_VOLT":230,"MIN_VOLT":230,"SOURCE":"IMAGERY","SOURCEDATE":1405468800000,"VAL_METHOD":"IMAGERY/OTHER","VAL_DATE":1439510400000}},{"type":"Feature","geometry":{"type":"Point","coordinates":[-77.1404719470013,37.0589444590032]},"properties":{"ID":"148235","NAME":"TAP148235","CITY":"WAVERLY","STATE":"VA","COUNTY":"SUSSEX","TYPE":"TAP","STATUS":"IN SERVICE","LATITUDE":37.058944459000031,"LONGITUDE":-77.14047194699998,"LINES":3,"MAX_VOLT":115,"MIN_VOLT":115,"SOURCE":"IMAGERY","SOURCEDATE":1405468800000,"VAL_METHOD":"IMAGERY/OTHER","VAL_DATE":1439510400000}},{"type":"Feature","geometry":{"type":"Point","coordinates":[-76.9917412490013,36.9645311900033]},"properties":{"ID":"148236","NAME":"TAP148236","CITY":"WAKEFIELD","STATE":"VA","COUNTY":"SUSSEX","TYPE":"TAP","STATUS":"IN SERVICE","LATITUDE":36.964531190000059,"LONGITUDE":-76.991741248999972,"LINES":3,"MAX_VOLT":115,"MIN_VOLT":115,"SOURCE":"IMAGERY","SOURCEDATE":1405468800000,"VAL_METHOD":"IMAGERY/OTHER","VAL_DATE":1439510400000}},{"type":"Feature","geometry":{"type":"Point","coordinates":[-77.5653704230013,36.6063630670033]},"properties":{"ID":"148237","NAME":"TAP148237","CITY":"SKIPPERS","STATE":"VA","COUNTY":"GREENSVILLE","TYPE":"TAP","STATUS":"IN SERVICE","LATITUDE":36.606363067000075,"LONGITUDE":-77.565370422999933,"LINES":3,"MAX_VOLT":115,"MIN_VOLT":115,"SOURCE":"IMAGERY","SOURCEDATE":1405468800000,"VAL_METHOD":"IMAGERY/OTHER","VAL_DATE":1439510400000}},{"type":"Feature","geometry":{"type":"Point","coordinates":[-77.5818742160013,36.5639479850032]},"properties":{"ID":"148238","NAME":"TAP148238","CITY":"SKIPPERS","STATE":"VA","COUNTY":"GREENSVILLE","TYPE":"TAP","STATUS":"IN SERVICE","LATITUDE":36.563947985000027,"LONGITUDE":-77.58187421599996,"LINES":1,"MAX_VOLT":115,"MIN_VOLT":115,"SOURCE":"IMAGERY","SOURCEDATE":1405468800000,"VAL_METHOD":"IMAGERY/OTHER","VAL_DATE":1439510400000}},{"type":"Feature","geometry":{"type":"Point","coordinates":[-77.0815177130013,36.6394409790032]},"properties":{"ID":"148239","NAME":"TAP148239","CITY":"NEWSOMS","STATE":"VA","COUNTY":"SOUTHAMPTON","TYPE":"TAP","STATUS":"IN SERVICE","LATITUDE":36.639440979000028,"LONGITUDE":-77.081517712999982,"LINES":3,"MAX_VOLT":230,"MIN_VOLT":230,"SOURCE":"IMAGERY","SOURCEDATE":1405468800000,"VAL_METHOD":"IMAGERY/OTHER","VAL_DATE":1439510400000}},{"type":"Feature","geometry":{"type":"Point","coordinates":[-77.3175410390012,37.1779793520033]},"properties":{"ID":"148240","NAME":"TAP148240","CITY":"DISPUTANTA","STATE":"VA","COUNTY":"PRINCE GEORGE","TYPE":"TAP","STATUS":"IN SERVICE","LATITUDE":37.177979352000079,"LONGITUDE":-77.317541038999934,"LINES":3,"MAX_VOLT":115,"MIN_VOLT":115,"SOURCE":"IMAGERY","SOURCEDATE":1405641600000,"VAL_METHOD":"IMAGERY/OTHER","VAL_DATE":1439510400000}},{"type":"Feature","geometry":{"type":"Point","coordinates":[-77.3084444150012,37.2263131500032]},"properties":{"ID":"148241","NAME":"TAP148241","CITY":"PRINCE GEORGE","STATE":"VA","COUNTY":"PRINCE GEORGE","TYPE":"TAP","STATUS":"IN SERVICE","LATITUDE":37.226313150000067,"LONGITUDE":-77.30844441499994,"LINES":3,"MAX_VOLT":115,"MIN_VOLT":115,"SOURCE":"IMAGERY","SOURCEDATE":1405641600000,"VAL_METHOD":"IMAGERY/OTHER","VAL_DATE":1439510400000}},{"type":"Feature","geometry":{"type":"Point","coordinates":[-77.2252936840013,37.1101273040032]},"properties":{"ID":"148242","NAME":"TAP148242","CITY":"DISPUTANTA","STATE":"VA","COUNTY":"PRINCE GEORGE","TYPE":"TAP","STATUS":"IN SERVICE","LATITUDE":37.110127304000059,"LONGITUDE":-77.225293683999951,"LINES":3,"MAX_VOLT":115,"MIN_VOLT":115,"SOURCE":"IMAGERY","SOURCEDATE":1405641600000,"VAL_METHOD":"IMAGERY/OTHER","VAL_DATE":1439510400000}},{"type":"Feature","geometry":{"type":"Point","coordinates":[-77.2907077530012,37.1499700790032]},"properties":{"ID":"148243","NAME":"TAP148243","CITY":"DISPUTANTA","STATE":"VA","COUNTY":"PRINCE GEORGE","TYPE":"TAP","STATUS":"IN SERVICE","LATITUDE":37.14997007900007,"LONGITUDE":-77.290707752999936,"LINES":3,"MAX_VOLT":115,"MIN_VOLT":115,"SOURCE":"IMAGERY","SOURCEDATE":1405641600000,"VAL_METHOD":"IMAGERY/OTHER","VAL_DATE":1439510400000}},{"type":"Feature","geometry":{"type":"Point","coordinates":[-77.3400631860013,37.2561694800032]},"properties":{"ID":"148244","NAME":"UNKNOWN148244","CITY":"HOPEWELL","STATE":"VA","COUNTY":"PRINCE GEORGE","TYPE":"SUBSTATION","STATUS":"IN SERVICE","LATITUDE":37.25616948000004,"LONGITUDE":-77.340063185999952,"LINES":2,"MAX_VOLT":115,"MIN_VOLT":115,"SOURCE":"OpenStreetMap","SOURCEDATE":1470268800000,"VAL_METHOD":"IMAGERY","VAL_DATE":1494460800000}},{"type":"Feature","geometry":{"type":"Point","coordinates":[-77.4058758430013,37.0853882460032]},"properties":{"ID":"148246","NAME":"CARSON","CITY":"PETERSBURG","STATE":"VA","COUNTY":"DINWIDDIE","TYPE":"SUBSTATION","STATUS":"IN SERVICE","LATITUDE":37.085388246000036,"LONGITUDE":-77.40587584299999,"LINES":8,"MAX_VOLT":500,"MIN_VOLT":230,"SOURCE":"IMAGERY, OpenStreetMap","SOURCEDATE":1405382400000,"VAL_METHOD":"IMAGERY","VAL_DATE":1405382400000}},{"type":"Feature","geometry":{"type":"Point","coordinates":[-80.3085917710015,36.9259294150031]},"properties":{"ID":"148692","NAME":"FLOYD","CITY":"FLOYD","STATE":"VA","COUNTY":"FLOYD","TYPE":"SUBSTATION","STATUS":"IN SERVICE","LATITUDE":36.925929415000041,"LONGITUDE":-80.308591770999953,"LINES":3,"MAX_VOLT":138,"MIN_VOLT":138,"SOURCE":"IMAGERY, http://www.pjm.com/system-map/default.html","SOURCEDATE":1425513600000,"VAL_METHOD":"IMAGERY","VAL_DATE":1425513600000}},{"type":"Feature","geometry":{"type":"Point","coordinates":[-80.5931394220015,37.1170438400031]},"properties":{"ID":"148697","NAME":"INGLES ST","CITY":"RADFORD","STATE":"VA","COUNTY":"RADFORD","TYPE":"SUBSTATION","STATUS":"IN SERVICE","LATITUDE":37.117043840000065,"LONGITUDE":-80.593139421999979,"LINES":3,"MAX_VOLT":138,"MIN_VOLT":-999999,"SOURCE":"IMAGERY, http://www.pjm.com/system-map/default.html","SOURCEDATE":1425427200000,"VAL_METHOD":"IMAGERY","VAL_DATE":1425427200000}},{"type":"Feature","geometry":{"type":"Point","coordinates":[-80.5302673600015,37.1232617980031]},"properties":{"ID":"148698","NAME":"NORTH CLAYTOR","CITY":"RADFORD","STATE":"VA","COUNTY":"RADFORD","TYPE":"SUBSTATION","STATUS":"IN SERVICE","LATITUDE":37.123261798000044,"LONGITUDE":-80.530267359999982,"LINES":3,"MAX_VOLT":138,"MIN_VOLT":-999999,"SOURCE":"IMAGERY, http://www.pjm.com/system-map/default.html","SOURCEDATE":1425427200000,"VAL_METHOD":"IMAGERY","VAL_DATE":1425427200000}},{"type":"Feature","geometry":{"type":"Point","coordinates":[-80.3809712620015,37.2770818760031]},"properties":{"ID":"148717","NAME":"NORTH BLACKSBURG","CITY":"BLACKSBURG","STATE":"VA","COUNTY":"MONTGOMERY","TYPE":"SUBSTATION","STATUS":"IN SERVICE","LATITUDE":37.277081876000068,"LONGITUDE":-80.380971261999946,"LINES":4,"MAX_VOLT":138,"MIN_VOLT":-999999,"SOURCE":"IMAGERY, http://www.pjm.com/system-map/default.html","SOURCEDATE":1425427200000,"VAL_METHOD":"IMAGERY","VAL_DATE":1425427200000}},{"type":"Feature","geometry":{"type":"Point","coordinates":[-80.4671016930015,37.1022245370031]},"properties":{"ID":"148718","NAME":"EDGEMONT","CITY":"CHRISTIANSBURG","STATE":"VA","COUNTY":"MONTGOMERY","TYPE":"SUBSTATION","STATUS":"IN SERVICE","LATITUDE":37.102224537000041,"LONGITUDE":-80.467101692999961,"LINES":5,"MAX_VOLT":138,"MIN_VOLT":138,"SOURCE":"IMAGERY, http://www.pjm.com/system-map/default.html","SOURCEDATE":1425427200000,"VAL_METHOD":"IMAGERY","VAL_DATE":1425427200000}},{"type":"Feature","geometry":{"type":"Point","coordinates":[-80.4440586060015,37.1652466440031]},"properties":{"ID":"148719","NAME":"VICKER","CITY":"CHRISTIANSBURG","STATE":"VA","COUNTY":"MONTGOMERY","TYPE":"SUBSTATION","STATUS":"IN SERVICE","LATITUDE":37.165246644000035,"LONGITUDE":-80.444058605999942,"LINES":2,"MAX_VOLT":138,"MIN_VOLT":138,"SOURCE":"IMAGERY, http://www.pjm.com/system-map/default.html","SOURCEDATE":1425427200000,"VAL_METHOD":"IMAGERY","VAL_DATE":1425427200000}},{"type":"Feature","geometry":{"type":"Point","coordinates":[-80.3839599640015,37.1225283790031]},"properties":{"ID":"148720","NAME":"SOUTH CHRISTIANBURG","CITY":"CHRISTIANSBURG","STATE":"VA","COUNTY":"MONTGOMERY","TYPE":"SUBSTATION","STATUS":"IN SERVICE","LATITUDE":37.122528379000073,"LONGITUDE":-80.383959963999985,"LINES":2,"MAX_VOLT":138,"MIN_VOLT":138,"SOURCE":"IMAGERY, http://www.pjm.com/system-map/default.html","SOURCEDATE":1425427200000,"VAL_METHOD":"IMAGERY","VAL_DATE":1425427200000}},{"type":"Feature","geometry":{"type":"Point","coordinates":[-80.3311930370015,37.1383030150032]},"properties":{"ID":"148721","NAME":"FALLING BRANCH","CITY":"CHRISTIANSBURG","STATE":"VA","COUNTY":"MONTGOMERY","TYPE":"SUBSTATION","STATUS":"IN SERVICE","LATITUDE":37.138303015000076,"LONGITUDE":-80.331193036999935,"LINES":3,"MAX_VOLT":138,"MIN_VOLT":138,"SOURCE":"IMAGERY, http://www.pjm.com/system-map/default.html","SOURCEDATE":1425427200000,"VAL_METHOD":"IMAGERY","VAL_DATE":1425427200000}},{"type":"Feature","geometry":{"type":"Point","coordinates":[-80.3984202090015,36.9753942450031]},"properties":{"ID":"148722","NAME":"ALUM RIDGE","CITY":"RINER","STATE":"VA","COUNTY":"FLOYD","TYPE":"SUBSTATION","STATUS":"IN SERVICE","LATITUDE":36.975394245000075,"LONGITUDE":-80.398420208999937,"LINES":2,"MAX_VOLT":138,"MIN_VOLT":138,"SOURCE":"IMAGERY, http://www.pjm.com/system-map/default.html","SOURCEDATE":1425427200000,"VAL_METHOD":"IMAGERY","VAL_DATE":1425513600000}},{"type":"Feature","geometry":{"type":"Point","coordinates":[-80.4188161140015,37.1925447330031]},"properties":{"ID":"148723","NAME":"MERRIMAC","CITY":"BLACKSBURG","STATE":"VA","COUNTY":"MONTGOMERY","TYPE":"SUBSTATION","STATUS":"IN SERVICE","LATITUDE":37.192544733000034,"LONGITUDE":-80.418816113999981,"LINES":5,"MAX_VOLT":138,"MIN_VOLT":-999999,"SOURCE":"IMAGERY, http://www.pjm.com/system-map/default.html","SOURCEDATE":1425513600000,"VAL_METHOD":"IMAGERY","VAL_DATE":1425513600000}},{"type":"Feature","geometry":{"type":"Point","coordinates":[-80.5476369060015,37.1957637810031]},"properties":{"ID":"150352","NAME":"UNKNOWN150352","CITY":"BLACKSBURG","STATE":"VA","COUNTY":"PULASKI","TYPE":"SUBSTATION","STATUS":"IN SERVICE","LATITUDE":37.195763781000039,"LONGITUDE":-80.54763690599998,"LINES":-999999,"MAX_VOLT":-999999,"MIN_VOLT":-999999,"SOURCE":"OpenStreetMap","SOURCEDATE":1470268800000,"VAL_METHOD":"IMAGERY/OTHER","VAL_DATE":1494460800000}},{"type":"Feature","geometry":{"type":"Point","coordinates":[-80.5586434090015,37.1814969410031]},"properties":{"ID":"150353","NAME":"UNKNOWN150353","CITY":"RADFORD","STATE":"VA","COUNTY":"MONTGOMERY","TYPE":"SUBSTATION","STATUS":"IN SERVICE","LATITUDE":37.181496941000034,"LONGITUDE":-80.558643408999956,"LINES":1,"MAX_VOLT":-999999,"MIN_VOLT":-999999,"SOURCE":"OpenStreetMap","SOURCEDATE":1470268800000,"VAL_METHOD":"IMAGERY/OTHER","VAL_DATE":1494460800000}},{"type":"Feature","geometry":{"type":"Point","coordinates":[-80.5823853440016,37.0723637830031]},"properties":{"ID":"150378","NAME":"CLAYTOR","CITY":"RADFORD","STATE":"VA","COUNTY":"PULASKI","TYPE":"SUBSTATION","STATUS":"IN SERVICE","LATITUDE":37.072363783000071,"LONGITUDE":-80.582385343999988,"LINES":7,"MAX_VOLT":138,"MIN_VOLT":-999999,"SOURCE":"IMAGERY, OpenStreetMap","SOURCEDATE":1410739200000,"VAL_METHOD":"IMAGERY","VAL_DATE":1410739200000}},{"type":"Feature","geometry":{"type":"Point","coordinates":[-80.3276098900015,37.1340785700031]},"properties":{"ID":"150588","NAME":"TAP150588","CITY":"CHRISTIANSBURG","STATE":"VA","COUNTY":"MONTGOMERY","TYPE":"TAP","STATUS":"IN SERVICE","LATITUDE":37.134078570000042,"LONGITUDE":-80.327609889999962,"LINES":3,"MAX_VOLT":138,"MIN_VOLT":138,"SOURCE":"IMAGERY","SOURCEDATE":1425427200000,"VAL_METHOD":"IMAGERY/OTHER","VAL_DATE":1439510400000}},{"type":"Feature","geometry":{"type":"Point","coordinates":[-80.3273965320015,37.1341250420031]},"properties":{"ID":"150589","NAME":"TAP150589","CITY":"CHRISTIANSBURG","STATE":"VA","COUNTY":"MONTGOMERY","TYPE":"TAP","STATUS":"IN SERVICE","LATITUDE":37.134125042000051,"LONGITUDE":-80.327396531999966,"LINES":3,"MAX_VOLT":138,"MIN_VOLT":138,"SOURCE":"IMAGERY","SOURCEDATE":1425427200000,"VAL_METHOD":"IMAGERY/OTHER","VAL_DATE":1439510400000}},{"type":"Feature","geometry":{"type":"Point","coordinates":[-80.3891218430015,37.2058001450031]},"properties":{"ID":"150638","NAME":"TAP150638","CITY":"BLACKSBURG","STATE":"VA","COUNTY":"MONTGOMERY","TYPE":"TAP","STATUS":"IN SERVICE","LATITUDE":37.205800145000069,"LONGITUDE":-80.389121842999941,"LINES":3,"MAX_VOLT":-999999,"MIN_VOLT":-999999,"SOURCE":"IMAGERY","SOURCEDATE":1425513600000,"VAL_METHOD":"IMAGERY/OTHER","VAL_DATE":1439510400000}},{"type":"Feature","geometry":{"type":"Point","coordinates":[-80.4255446240015,37.2339444300031]},"properties":{"ID":"150692","NAME":"TAP150692","CITY":"BLACKSBURG","STATE":"VA","COUNTY":"MONTGOMERY","TYPE":"TAP","STATUS":"IN SERVICE","LATITUDE":37.233944430000065,"LONGITUDE":-80.42554462399994,"LINES":2,"MAX_VOLT":-999999,"MIN_VOLT":-999999,"SOURCE":"IMAGERY","SOURCEDATE":1452211200000,"VAL_METHOD":"IMAGERY","VAL_DATE":1452211200000}},{"type":"Feature","geometry":{"type":"Point","coordinates":[-80.3979086820015,37.1192674950031]},"properties":{"ID":"150722","NAME":"SOUTH CHRISTIANSBURG","CITY":"CHRISTIANSBURG","STATE":"VA","COUNTY":"MONTGOMERY","TYPE":"SUBSTATION","STATUS":"IN SERVICE","LATITUDE":37.119267495000031,"LONGITUDE":-80.397908681999979,"LINES":4,"MAX_VOLT":138,"MIN_VOLT":138,"SOURCE":"IMAGERY, OpenStreetMap","SOURCEDATE":1404691200000,"VAL_METHOD":"IMAGERY","VAL_DATE":1425427200000}},{"type":"Feature","geometry":{"type":"Point","coordinates":[-80.4455484950015,37.2592965450031]},"properties":{"ID":"150723","NAME":"MOUNT VIEW","CITY":"BLACKSBURG","STATE":"VA","COUNTY":"MONTGOMERY","TYPE":"SUBSTATION","STATUS":"IN SERVICE","LATITUDE":37.259296545000041,"LONGITUDE":-80.445548494999969,"LINES":2,"MAX_VOLT":-999999,"MIN_VOLT":-999999,"SOURCE":"IMAGERY, OpenStreetMap","SOURCEDATE":1425427200000,"VAL_METHOD":"IMAGERY","VAL_DATE":1425427200000}},{"type":"Feature","geometry":{"type":"Point","coordinates":[-80.4446001410015,37.2296172110032]},"properties":{"ID":"150724","NAME":"PRICES FORK","CITY":"BLACKSBURG","STATE":"VA","COUNTY":"MONTGOMERY","TYPE":"SUBSTATION","STATUS":"IN SERVICE","LATITUDE":37.229617211000061,"LONGITUDE":-80.444600140999967,"LINES":2,"MAX_VOLT":-999999,"MIN_VOLT":-999999,"SOURCE":"IMAGERY, OpenStreetMap","SOURCEDATE":1425427200000,"VAL_METHOD":"IMAGERY","VAL_DATE":1425427200000}},{"type":"Feature","geometry":{"type":"Point","coordinates":[-80.4200647010015,37.2101402680031]},"properties":{"ID":"150725","NAME":"LANE","CITY":"BLACKSBURG","STATE":"VA","COUNTY":"MONTGOMERY","TYPE":"SUBSTATION","STATUS":"IN SERVICE","LATITUDE":37.210140268000032,"LONGITUDE":-80.420064700999944,"LINES":2,"MAX_VOLT":-999999,"MIN_VOLT":-999999,"SOURCE":"IMAGERY, OpenStreetMap","SOURCEDATE":1425513600000,"VAL_METHOD":"IMAGERY","VAL_DATE":1425513600000}},{"type":"Feature","geometry":{"type":"Point","coordinates":[-80.4227036400015,37.1707657280031]},"properties":{"ID":"150726","NAME":"MIDWAY","CITY":"CHRISTIANSBURG","STATE":"VA","COUNTY":"MONTGOMERY","TYPE":"SUBSTATION","STATUS":"IN SERVICE","LATITUDE":37.170765728000049,"LONGITUDE":-80.422703639999952,"LINES":2,"MAX_VOLT":-999999,"MIN_VOLT":-999999,"SOURCE":"IMAGERY, OpenStreetMap","SOURCEDATE":1425513600000,"VAL_METHOD":"IMAGERY","VAL_DATE":1425513600000}},{"type":"Feature","geometry":{"type":"Point","coordinates":[-80.4115276680015,37.1525902150031]},"properties":{"ID":"150727","NAME":"HANS MEADOW","CITY":"CHRISTIANSBURG","STATE":"VA","COUNTY":"MONTGOMERY","TYPE":"SUBSTATION","STATUS":"IN SERVICE","LATITUDE":37.152590215000032,"LONGITUDE":-80.411527667999962,"LINES":2,"MAX_VOLT":-999999,"MIN_VOLT":-999999,"SOURCE":"IMAGERY, OpenStreetMap","SOURCEDATE":1425513600000,"VAL_METHOD":"IMAGERY","VAL_DATE":1425513600000}},{"type":"Feature","geometry":{"type":"Point","coordinates":[-80.4147365050015,37.1425146350031]},"properties":{"ID":"150728","NAME":"CAMBRIA","CITY":"CHRISTIANSBURG","STATE":"VA","COUNTY":"MONTGOMERY","TYPE":"SUBSTATION","STATUS":"IN SERVICE","LATITUDE":37.142514635000055,"LONGITUDE":-80.414736504999951,"LINES":1,"MAX_VOLT":-999999,"MIN_VOLT":-999999,"SOURCE":"IMAGERY, OpenStreetMap","SOURCEDATE":1425513600000,"VAL_METHOD":"IMAGERY","VAL_DATE":1425513600000}},{"type":"Feature","geometry":{"type":"Point","coordinates":[-80.1774649570015,37.2370979870031]},"properties":{"ID":"150886","NAME":"TAP150886","CITY":"SALEM","STATE":"VA","COUNTY":"ROANOKE","TYPE":"TAP","STATUS":"IN SERVICE","LATITUDE":37.237097987000027,"LONGITUDE":-80.177464956999984,"LINES":3,"MAX_VOLT":138,"MIN_VOLT":138,"SOURCE":"IMAGERY","SOURCEDATE":1425513600000,"VAL_METHOD":"IMAGERY/OTHER","VAL_DATE":1439510400000}},{"type":"Feature","geometry":{"type":"Point","coordinates":[-80.1700778650015,37.2372864840031]},"properties":{"ID":"150926","NAME":"MATT FUNK","CITY":"SALEM","STATE":"VA","COUNTY":"ROANOKE","TYPE":"SUBSTATION","STATUS":"IN SERVICE","LATITUDE":37.237286484000037,"LONGITUDE":-80.170077864999939,"LINES":4,"MAX_VOLT":345,"MIN_VOLT":-999999,"SOURCE":"IMAGERY, OpenStreetMap","SOURCEDATE":1404259200000,"VAL_METHOD":"IMAGERY","VAL_DATE":1404259200000}},{"type":"Feature","geometry":{"type":"Point","coordinates":[-82.4647378870016,36.794329761003]},"properties":{"ID":"151044","NAME":"COPPER RIDGE","CITY":"NICKELSVILLE","STATE":"VA","COUNTY":"SCOTT","TYPE":"SUBSTATION","STATUS":"IN SERVICE","LATITUDE":36.794329761000029,"LONGITUDE":-82.464737886999956,"LINES":-999999,"MAX_VOLT":-999999,"MIN_VOLT":-999999,"SOURCE":"OpenStreetMap","SOURCEDATE":1470268800000,"VAL_METHOD":"IMAGERY/OTHER","VAL_DATE":1494460800000}},{"type":"Feature","geometry":{"type":"Point","coordinates":[-80.5376569190015,37.1455036380031]},"properties":{"ID":"151346","NAME":"UNKNOWN151346","CITY":"RADFORD","STATE":"VA","COUNTY":"PULASKI","TYPE":"SUBSTATION","STATUS":"IN SERVICE","LATITUDE":37.145503638000037,"LONGITUDE":-80.537656918999971,"LINES":2,"MAX_VOLT":-999999,"MIN_VOLT":-999999,"SOURCE":"OpenStreetMap","SOURCEDATE":1470268800000,"VAL_METHOD":"IMAGERY","VAL_DATE":1494460800000}},{"type":"Feature","geometry":{"type":"Point","coordinates":[-82.1967570930017,37.005979080003]},"properties":{"ID":"151612","NAME":"TAP151612","CITY":"CLEVELAND","STATE":"VA","COUNTY":"RUSSELL","TYPE":"TAP","STATUS":"IN SERVICE","LATITUDE":37.005979080000031,"LONGITUDE":-82.196757092999974,"LINES":3,"MAX_VOLT":-999999,"MIN_VOLT":-999999,"SOURCE":"IMAGERY","SOURCEDATE":1410307200000,"VAL_METHOD":"IMAGERY/OTHER","VAL_DATE":1439510400000}},{"type":"Feature","geometry":{"type":"Point","coordinates":[-82.1980339410016,36.9305092880031]},"properties":{"ID":"151631","NAME":"CLINCH RIVER","CITY":"CLEVELAND","STATE":"VA","COUNTY":"RUSSELL","TYPE":"SUBSTATION","STATUS":"IN SERVICE","LATITUDE":36.930509288000053,"LONGITUDE":-82.198033940999949,"LINES":13,"MAX_VOLT":138,"MIN_VOLT":138,"SOURCE":"IMAGERY, OpenStreetMap","SOURCEDATE":1403740800000,"VAL_METHOD":"IMAGERY","VAL_DATE":1403740800000}},{"type":"Feature","geometry":{"type":"Point","coordinates":[-82.1886426950016,36.6245427020031]},"properties":{"ID":"151632","NAME":"NORTH BRISTOL","CITY":"BRISTOL","STATE":"VA","COUNTY":"WASHINGTON","TYPE":"SUBSTATION","STATUS":"IN SERVICE","LATITUDE":36.624542702000042,"LONGITUDE":-82.188642694999942,"LINES":8,"MAX_VOLT":138,"MIN_VOLT":-999999,"SOURCE":"IMAGERY, OpenStreetMap","SOURCEDATE":1403827200000,"VAL_METHOD":"IMAGERY","VAL_DATE":1403827200000}},{"type":"Feature","geometry":{"type":"Point","coordinates":[-80.0562733810015,37.2814948470031]},"properties":{"ID":"151812","NAME":"TAP151812","CITY":"SALEM","STATE":"VA","COUNTY":"SALEM","TYPE":"TAP","STATUS":"IN SERVICE","LATITUDE":37.281494847000033,"LONGITUDE":-80.056273380999983,"LINES":3,"MAX_VOLT":-999999,"MIN_VOLT":-999999,"SOURCE":"IMAGERY","SOURCEDATE":1425513600000,"VAL_METHOD":"IMAGERY/OTHER","VAL_DATE":1439510400000}},{"type":"Feature","geometry":{"type":"Point","coordinates":[-81.7542896520016,37.2129076910031]},"properties":{"ID":"151950","NAME":"TAP151950","CITY":"JEWELL RIDGE","STATE":"VA","COUNTY":"TAZEWELL","TYPE":"TAP","STATUS":"IN SERVICE","LATITUDE":37.212907691000055,"LONGITUDE":-81.754289651999954,"LINES":3,"MAX_VOLT":69,"MIN_VOLT":69,"SOURCE":"IMAGERY","SOURCEDATE":1410393600000,"VAL_METHOD":"IMAGERY/OTHER","VAL_DATE":1439510400000}},{"type":"Feature","geometry":{"type":"Point","coordinates":[-81.7539593250016,36.896601552003]},"properties":{"ID":"151951","NAME":"TAP151951","CITY":"SALTVILLE","STATE":"VA","COUNTY":"SMYTH","TYPE":"TAP","STATUS":"IN SERVICE","LATITUDE":36.89660155200005,"LONGITUDE":-81.753959324999983,"LINES":3,"MAX_VOLT":138,"MIN_VOLT":138,"SOURCE":"IMAGERY","SOURCEDATE":1410480000000,"VAL_METHOD":"IMAGERY/OTHER","VAL_DATE":1439510400000}},{"type":"Feature","geometry":{"type":"Point","coordinates":[-81.7663208950016,36.8567201560031]},"properties":{"ID":"151956","NAME":"UNKNOWN151956","CITY":"SALTVILLE","STATE":"VA","COUNTY":"WASHINGTON","TYPE":"SUBSTATION","STATUS":"IN SERVICE","LATITUDE":36.856720156000051,"LONGITUDE":-81.766320894999978,"LINES":-999999,"MAX_VOLT":-999999,"MIN_VOLT":-999999,"SOURCE":"OpenStreetMap","SOURCEDATE":1470268800000,"VAL_METHOD":"IMAGERY","VAL_DATE":1494460800000}},{"type":"Feature","geometry":{"type":"Point","coordinates":[-81.7533454240016,36.895487965003]},"properties":{"ID":"151997","NAME":"SALTVILLE","CITY":"SALTVILLE","STATE":"VA","COUNTY":"SMYTH","TYPE":"SUBSTATION","STATUS":"IN SERVICE","LATITUDE":36.895487965000029,"LONGITUDE":-81.753345423999974,"LINES":10,"MAX_VOLT":138,"MIN_VOLT":-999999,"SOURCE":"IMAGERY, OpenStreetMap","SOURCEDATE":1403654400000,"VAL_METHOD":"IMAGERY","VAL_DATE":1403654400000}},{"type":"Feature","geometry":{"type":"Point","coordinates":[-83.1102396050017,36.768100634003]},"properties":{"ID":"152103","NAME":"TAP152103","CITY":"PENNINGTON GAP","STATE":"VA","COUNTY":"LEE","TYPE":"TAP","STATUS":"IN SERVICE","LATITUDE":36.768100634000064,"LONGITUDE":-83.110239604999947,"LINES":3,"MAX_VOLT":-999999,"MIN_VOLT":-999999,"SOURCE":"IMAGERY","SOURCEDATE":1410220800000,"VAL_METHOD":"IMAGERY/OTHER","VAL_DATE":1439510400000}},{"type":"Feature","geometry":{"type":"Point","coordinates":[-82.8453816380017,36.917520837003]},"properties":{"ID":"152104","NAME":"TAP152104","CITY":"APPALACHIA","STATE":"VA","COUNTY":"WISE","TYPE":"TAP","STATUS":"IN SERVICE","LATITUDE":36.917520837000041,"LONGITUDE":-82.845381637999935,"LINES":3,"MAX_VOLT":69,"MIN_VOLT":69,"SOURCE":"IMAGERY","SOURCEDATE":1410307200000,"VAL_METHOD":"IMAGERY/OTHER","VAL_DATE":1439510400000}},{"type":"Feature","geometry":{"type":"Point","coordinates":[-82.9420938660017,36.8448327690031]},"properties":{"ID":"152114","NAME":"UNKNOWN152114","CITY":"KEOKEE","STATE":"VA","COUNTY":"LEE","TYPE":"SUBSTATION","STATUS":"IN SERVICE","LATITUDE":36.84483276900005,"LONGITUDE":-82.942093865999936,"LINES":-999999,"MAX_VOLT":-999999,"MIN_VOLT":-999999,"SOURCE":"OpenStreetMap","SOURCEDATE":1470268800000,"VAL_METHOD":"IMAGERY","VAL_DATE":1494460800000}},{"type":"Feature","geometry":{"type":"Point","coordinates":[-82.8964249530017,36.8630801620031]},"properties":{"ID":"152115","NAME":"UNKNOWN152115","CITY":"KEOKEE","STATE":"VA","COUNTY":"LEE","TYPE":"SUBSTATION","STATUS":"IN SERVICE","LATITUDE":36.863080162000074,"LONGITUDE":-82.896424952999951,"LINES":-999999,"MAX_VOLT":-999999,"MIN_VOLT":-999999,"SOURCE":"OpenStreetMap","SOURCEDATE":1470268800000,"VAL_METHOD":"IMAGERY/OTHER","VAL_DATE":1494460800000}},{"type":"Feature","geometry":{"type":"Point","coordinates":[-83.0433243920017,36.7839953380031]},"properties":{"ID":"152121","NAME":"POCKET NORTH","CITY":"SAINT CHARLES","STATE":"VA","COUNTY":"LEE","TYPE":"SUBSTATION","STATUS":"IN SERVICE","LATITUDE":36.783995338000068,"LONGITUDE":-83.043324391999988,"LINES":5,"MAX_VOLT":500,"MIN_VOLT":161,"SOURCE":"IMAGERY, OpenStreetMap, FERC 714","SOURCEDATE":1397606400000,"VAL_METHOD":"IMAGERY","VAL_DATE":1508284800000}},{"type":"Feature","geometry":{"type":"Point","coordinates":[-83.0445535100017,36.781575532003]},"properties":{"ID":"152122","NAME":"POCKET","CITY":"SAINT CHARLES","STATE":"VA","COUNTY":"LEE","TYPE":"SUBSTATION","STATUS":"IN SERVICE","LATITUDE":36.781575532000033,"LONGITUDE":-83.044553509999957,"LINES":7,"MAX_VOLT":161,"MIN_VOLT":-999999,"SOURCE":"IMAGERY, OpenStreetMap","SOURCEDATE":1397606400000,"VAL_METHOD":"IMAGERY","VAL_DATE":1403654400000}},{"type":"Feature","geometry":{"type":"Point","coordinates":[-82.2323646060017,36.8889839660031]},"properties":{"ID":"152242","NAME":"TAP152242","CITY":"CASTLEWOOD","STATE":"VA","COUNTY":"RUSSELL","TYPE":"TAP","STATUS":"IN SERVICE","LATITUDE":36.888983966000069,"LONGITUDE":-82.232364605999976,"LINES":3,"MAX_VOLT":138,"MIN_VOLT":138,"SOURCE":"IMAGERY","SOURCEDATE":1410220800000,"VAL_METHOD":"IMAGERY/OTHER","VAL_DATE":1439510400000}},{"type":"Feature","geometry":{"type":"Point","coordinates":[-82.2272617340017,36.8432645650031]},"properties":{"ID":"152271","NAME":"DICKENS","CITY":"CASTLEWOOD","STATE":"VA","COUNTY":"RUSSELL","TYPE":"SUBSTATION","STATUS":"IN SERVICE","LATITUDE":36.843264565000027,"LONGITUDE":-82.227261733999967,"LINES":1,"MAX_VOLT":138,"MIN_VOLT":138,"SOURCE":"IMAGERY, OpenStreetMap","SOURCEDATE":1410220800000,"VAL_METHOD":"IMAGERY","VAL_DATE":1410220800000}},{"type":"Feature","geometry":{"type":"Point","coordinates":[-81.0634165140016,36.9351996870032]},"properties":{"ID":"152824","NAME":"TAP152824","CITY":"WYTHEVILLE","STATE":"VA","COUNTY":"WYTHE","TYPE":"TAP","STATUS":"IN SERVICE","LATITUDE":36.935199687000079,"LONGITUDE":-81.063416513999982,"LINES":3,"MAX_VOLT":138,"MIN_VOLT":138,"SOURCE":"IMAGERY","SOURCEDATE":1410480000000,"VAL_METHOD":"IMAGERY/OTHER","VAL_DATE":1439510400000}},{"type":"Feature","geometry":{"type":"Point","coordinates":[-81.0602452690015,36.9466552050032]},"properties":{"ID":"152834","NAME":"LEE HIGHWAY","CITY":"WYTHEVILLE","STATE":"VA","COUNTY":"WYTHE","TYPE":"SUBSTATION","STATUS":"IN SERVICE","LATITUDE":36.94665520500007,"LONGITUDE":-81.06024526899995,"LINES":1,"MAX_VOLT":138,"MIN_VOLT":138,"SOURCE":"OpenStreetMap","SOURCEDATE":1470268800000,"VAL_METHOD":"IMAGERY/OTHER","VAL_DATE":1549411200000}},{"type":"Feature","geometry":{"type":"Point","coordinates":[-81.0604994690016,36.9484323960031]},"properties":{"ID":"152866","NAME":"WYTHE","CITY":"WYTHEVILLE","STATE":"VA","COUNTY":"WYTHE","TYPE":"SUBSTATION","STATUS":"IN SERVICE","LATITUDE":36.948432396000044,"LONGITUDE":-81.060499468999978,"LINES":7,"MAX_VOLT":138,"MIN_VOLT":69,"SOURCE":"IMAGERY, OpenStreetMap","SOURCEDATE":1410480000000,"VAL_METHOD":"IMAGERY","VAL_DATE":1410480000000}},{"type":"Feature","geometry":{"type":"Point","coordinates":[-81.0036018790016,36.9610874640031]},"properties":{"ID":"152867","NAME":"PROGRESS PARK","CITY":"WYTHEVILLE","STATE":"VA","COUNTY":"WYTHE","TYPE":"SUBSTATION","STATUS":"IN SERVICE","LATITUDE":36.961087464000059,"LONGITUDE":-81.003601878999973,"LINES":3,"MAX_VOLT":138,"MIN_VOLT":138,"SOURCE":"IMAGERY, OpenStreetMap","SOURCEDATE":1410480000000,"VAL_METHOD":"IMAGERY","VAL_DATE":1410480000000}},{"type":"Feature","geometry":{"type":"Point","coordinates":[-82.1510276190017,36.6043877880031]},"properties":{"ID":"152886","NAME":"TAP152886","CITY":"BRISTOL","STATE":"VA","COUNTY":"BRISTOL","TYPE":"TAP","STATUS":"IN SERVICE","LATITUDE":36.604387788000054,"LONGITUDE":-82.15102761899999,"LINES":3,"MAX_VOLT":-999999,"MIN_VOLT":-999999,"SOURCE":"IMAGERY","SOURCEDATE":1410393600000,"VAL_METHOD":"IMAGERY/OTHER","VAL_DATE":1439510400000}},{"type":"Feature","geometry":{"type":"Point","coordinates":[-82.1213249530016,36.8478190160031]},"properties":{"ID":"152903","NAME":"HANSONVILLE","CITY":"LEBANON","STATE":"VA","COUNTY":"RUSSELL","TYPE":"SUBSTATION","STATUS":"IN SERVICE","LATITUDE":36.847819016000074,"LONGITUDE":-82.121324952999942,"LINES":2,"MAX_VOLT":138,"MIN_VOLT":138,"SOURCE":"IMAGERY, OpenStreetMap","SOURCEDATE":1410220800000,"VAL_METHOD":"IMAGERY","VAL_DATE":1410220800000}},{"type":"Feature","geometry":{"type":"Point","coordinates":[-81.6829524810016,36.9207387650031]},"properties":{"ID":"153211","NAME":"BROADFORD (138 KV)","CITY":"SALTVILLE","STATE":"VA","COUNTY":"SMYTH","TYPE":"SUBSTATION","STATUS":"IN SERVICE","LATITUDE":36.920738765000067,"LONGITUDE":-81.682952480999973,"LINES":6,"MAX_VOLT":138,"MIN_VOLT":138,"SOURCE":"IMAGERY, OpenStreetMap, https://aeptransmission.com/virginia/Tazewell-Bearwallow/docs/VOLUME%201%20(Exhibits%206%20through%2013).pdf","SOURCEDATE":1403654400000,"VAL_METHOD":"IMAGERY","VAL_DATE":1549411200000}},{"type":"Feature","geometry":{"type":"Point","coordinates":[-81.8006339710016,37.1634809520031]},"properties":{"ID":"153937","NAME":"TAP153937","CITY":"ST PAULS","STATE":"VA","COUNTY":"TAZEWELL","TYPE":"TAP","STATUS":"IN SERVICE","LATITUDE":37.163480952000043,"LONGITUDE":-81.800633970999968,"LINES":3,"MAX_VOLT":69,"MIN_VOLT":69,"SOURCE":"IMAGERY","SOURCEDATE":1403654400000,"VAL_METHOD":"IMAGERY/OTHER","VAL_DATE":1439510400000}},{"type":"Feature","geometry":{"type":"Point","coordinates":[-80.6720510130015,37.3562095840031]},"properties":{"ID":"154137","NAME":"TAP154137","CITY":"GOOSE CREEK","STATE":"VA","COUNTY":"GILES","TYPE":"TAP","STATUS":"IN SERVICE","LATITUDE":37.356209584000055,"LONGITUDE":-80.672051012999987,"LINES":3,"MAX_VOLT":-999999,"MIN_VOLT":-999999,"SOURCE":"IMAGERY","SOURCEDATE":1425427200000,"VAL_METHOD":"IMAGERY/OTHER","VAL_DATE":1439510400000}},{"type":"Feature","geometry":{"type":"Point","coordinates":[-80.6275380350015,37.0895285930031]},"properties":{"ID":"154140","NAME":"UNKNOWN154140","CITY":"DUBLIN","STATE":"VA","COUNTY":"PULASKI","TYPE":"SUBSTATION","STATUS":"IN SERVICE","LATITUDE":37.089528593000068,"LONGITUDE":-80.627538034999986,"LINES":1,"MAX_VOLT":-999999,"MIN_VOLT":-999999,"SOURCE":"OpenStreetMap","SOURCEDATE":1470268800000,"VAL_METHOD":"IMAGERY/OTHER","VAL_DATE":1494460800000}},{"type":"Feature","geometry":{"type":"Point","coordinates":[-80.8571265770016,37.3676493980031]},"properties":{"ID":"154211","NAME":"TAP154211","CITY":"GLEN LYN","STATE":"VA","COUNTY":"GILES","TYPE":"TAP","STATUS":"IN SERVICE","LATITUDE":37.367649398000026,"LONGITUDE":-80.857126576999974,"LINES":3,"MAX_VOLT":138,"MIN_VOLT":138,"SOURCE":"IMAGERY","SOURCEDATE":1425427200000,"VAL_METHOD":"IMAGERY/OTHER","VAL_DATE":1439510400000}},{"type":"Feature","geometry":{"type":"Point","coordinates":[-80.8231702540016,36.8791621950031]},"properties":{"ID":"154233","NAME":"JACKSONS FERRY","CITY":"MAX MEADOWS","STATE":"VA","COUNTY":"WYTHE","TYPE":"SUBSTATION","STATUS":"IN SERVICE","LATITUDE":36.879162195000049,"LONGITUDE":-80.82317025399999,"LINES":7,"MAX_VOLT":765,"MIN_VOLT":138,"SOURCE":"IMAGERY, OpenStreetMap","SOURCEDATE":1404172800000,"VAL_METHOD":"IMAGERY","VAL_DATE":1404172800000}},{"type":"Feature","geometry":{"type":"Point","coordinates":[-80.8257177240015,36.8770329630031]},"properties":{"ID":"154234","NAME":"JACKSONS FERRY","CITY":"MAX MEADOWS","STATE":"VA","COUNTY":"WYTHE","TYPE":"SUBSTATION","STATUS":"IN SERVICE","LATITUDE":36.877032963000033,"LONGITUDE":-80.825717723999958,"LINES":6,"MAX_VOLT":138,"MIN_VOLT":138,"SOURCE":"IMAGERY, OpenStreetMap","SOURCEDATE":1404172800000,"VAL_METHOD":"IMAGERY","VAL_DATE":1404172800000}},{"type":"Feature","geometry":{"type":"Point","coordinates":[-80.7981455770015,37.3721004420031]},"properties":{"ID":"154239","NAME":"PETERS MOUNTAIN","CITY":"NARROWS","STATE":"VA","COUNTY":"GILES","TYPE":"SUBSTATION","STATUS":"IN SERVICE","LATITUDE":37.372100442000033,"LONGITUDE":-80.798145576999957,"LINES":1,"MAX_VOLT":138,"MIN_VOLT":138,"SOURCE":"IMAGERY, OpenStreetMap","SOURCEDATE":1410825600000,"VAL_METHOD":"IMAGERY","VAL_DATE":1410825600000}},{"type":"Feature","geometry":{"type":"Point","coordinates":[-82.6347553060017,36.7223602880031]},"properties":{"ID":"154294","NAME":"HILL","CITY":"FORT BLACKMORE","STATE":"VA","COUNTY":"SCOTT","TYPE":"SUBSTATION","STATUS":"IN SERVICE","LATITUDE":36.722360288000061,"LONGITUDE":-82.634755305999988,"LINES":5,"MAX_VOLT":138,"MIN_VOLT":-999999,"SOURCE":"IMAGERY, OpenStreetMap","SOURCEDATE":1403827200000,"VAL_METHOD":"IMAGERY","VAL_DATE":1403827200000}},{"type":"Feature","geometry":{"type":"Point","coordinates":[-82.5388525360017,37.1385145830031]},"properties":{"ID":"154516","NAME":"TAP154516","CITY":"CLINTWOOD","STATE":"VA","COUNTY":"DICKENSON","TYPE":"TAP","STATUS":"IN SERVICE","LATITUDE":37.138514583000074,"LONGITUDE":-82.538852535999979,"LINES":3,"MAX_VOLT":46,"MIN_VOLT":46,"SOURCE":"IMAGERY","SOURCEDATE":1403827200000,"VAL_METHOD":"IMAGERY/OTHER","VAL_DATE":1439510400000}},{"type":"Feature","geometry":{"type":"Point","coordinates":[-82.0106686630016,37.2053012210031]},"properties":{"ID":"154562","NAME":"TAP154562","CITY":"OAKWOOD","STATE":"VA","COUNTY":"BUCHANAN","TYPE":"TAP","STATUS":"IN SERVICE","LATITUDE":37.20530122100007,"LONGITUDE":-82.01066866299999,"LINES":3,"MAX_VOLT":138,"MIN_VOLT":138,"SOURCE":"IMAGERY","SOURCEDATE":1403740800000,"VAL_METHOD":"IMAGERY/OTHER","VAL_DATE":1439510400000}},{"type":"Feature","geometry":{"type":"Point","coordinates":[-82.0357763180016,37.1814072960031]},"properties":{"ID":"154580","NAME":"TAP154580","CITY":"BATESBURG","STATE":"VA","COUNTY":"BUCHANAN","TYPE":"TAP","STATUS":"IN SERVICE","LATITUDE":37.181407296000032,"LONGITUDE":-82.035776317999989,"LINES":3,"MAX_VOLT":138,"MIN_VOLT":138,"SOURCE":"IMAGERY","SOURCEDATE":1410307200000,"VAL_METHOD":"IMAGERY/OTHER","VAL_DATE":1512086400000}},{"type":"Feature","geometry":{"type":"Point","coordinates":[-82.0705137870017,36.9226449310031]},"properties":{"ID":"154596","NAME":"LEBANON","CITY":"LEBANON","STATE":"VA","COUNTY":"RUSSELL","TYPE":"SUBSTATION","STATUS":"IN SERVICE","LATITUDE":36.922644931000036,"LONGITUDE":-82.070513786999982,"LINES":2,"MAX_VOLT":138,"MIN_VOLT":138,"SOURCE":"IMAGERY, OpenStreetMap","SOURCEDATE":1403740800000,"VAL_METHOD":"IMAGERY","VAL_DATE":1403740800000}},{"type":"Feature","geometry":{"type":"Point","coordinates":[-82.0079665830016,36.7200462060031]},"properties":{"ID":"154597","NAME":"ABINGDON","CITY":"ABINGDON","STATE":"VA","COUNTY":"WASHINGTON","TYPE":"SUBSTATION","STATUS":"IN SERVICE","LATITUDE":36.720046206000063,"LONGITUDE":-82.007966582999984,"LINES":3,"MAX_VOLT":138,"MIN_VOLT":138,"SOURCE":"IMAGERY, OpenStreetMap","SOURCEDATE":1403827200000,"VAL_METHOD":"IMAGERY","VAL_DATE":1403827200000}},{"type":"Feature","geometry":{"type":"Point","coordinates":[-81.9969910040016,36.9147640610031]},"properties":{"ID":"154913","NAME":"ELK GARDEN","CITY":"LEBANON","STATE":"VA","COUNTY":"RUSSELL","TYPE":"SUBSTATION","STATUS":"IN SERVICE","LATITUDE":36.914764061000028,"LONGITUDE":-81.996991003999938,"LINES":1,"MAX_VOLT":138,"MIN_VOLT":138,"SOURCE":"IMAGERY, OpenStreetMap","SOURCEDATE":1403740800000,"VAL_METHOD":"IMAGERY","VAL_DATE":1403740800000}},{"type":"Feature","geometry":{"type":"Point","coordinates":[-81.6796453280016,36.9216769800031]},"properties":{"ID":"155015","NAME":"BROADFORD (765 KV)","CITY":"SALTVILLE","STATE":"VA","COUNTY":"SMYTH","TYPE":"SUBSTATION","STATUS":"IN SERVICE","LATITUDE":36.921676980000029,"LONGITUDE":-81.679645327999935,"LINES":4,"MAX_VOLT":765,"MIN_VOLT":138,"SOURCE":"IMAGERY, OpenStreetMap, https://aeptransmission.com/virginia/Tazewell-Bearwallow/docs/VOLUME%201%20(Exhibits%206%20through%2013).pdf","SOURCEDATE":1403827200000,"VAL_METHOD":"IMAGERY","VAL_DATE":1549411200000}},{"type":"Feature","geometry":{"type":"Point","coordinates":[-81.5456841740016,37.1480938820031]},"properties":{"ID":"155328","NAME":"TAZEWELL","CITY":"NORTH TAZEWELL","STATE":"VA","COUNTY":"TAZEWELL","TYPE":"SUBSTATION","STATUS":"IN SERVICE","LATITUDE":37.148093882000069,"LONGITUDE":-81.545684173999973,"LINES":6,"MAX_VOLT":138,"MIN_VOLT":138,"SOURCE":"IMAGERY, OpenStreetMap","SOURCEDATE":1403654400000,"VAL_METHOD":"IMAGERY","VAL_DATE":1403654400000}},{"type":"Feature","geometry":{"type":"Point","coordinates":[-81.5447151900016,37.1472252590031]},"properties":{"ID":"155329","NAME":"TAZEWELL","CITY":"NORTH TAZEWELL","STATE":"VA","COUNTY":"TAZEWELL","TYPE":"SUBSTATION","STATUS":"IN SERVICE","LATITUDE":37.147225259000038,"LONGITUDE":-81.544715189999977,"LINES":2,"MAX_VOLT":34,"MIN_VOLT":-999999,"SOURCE":"IMAGERY, OpenStreetMap","SOURCEDATE":1410393600000,"VAL_METHOD":"IMAGERY","VAL_DATE":1410393600000}},{"type":"Feature","geometry":{"type":"Point","coordinates":[-77.8080544170013,38.1142456570032]},"properties":{"ID":"155684","NAME":"RISER155684","CITY":"SPOTSYLVANIA","STATE":"VA","COUNTY":"SPOTSYLVANIA","TYPE":"RISER","STATUS":"IN SERVICE","LATITUDE":38.114245657000026,"LONGITUDE":-77.808054416999937,"LINES":2,"MAX_VOLT":-999999,"MIN_VOLT":-999999,"SOURCE":"IMAGERY","SOURCEDATE":1511913600000,"VAL_METHOD":"IMAGERY","VAL_DATE":1511913600000}},{"type":"Feature","geometry":{"type":"Point","coordinates":[-81.1309276350016,37.0969898300031]},"properties":{"ID":"155901","NAME":"TAP155901","CITY":"BLAND","STATE":"VA","COUNTY":"BLAND","TYPE":"TAP","STATUS":"IN SERVICE","LATITUDE":37.096989830000041,"LONGITUDE":-81.130927634999978,"LINES":3,"MAX_VOLT":69,"MIN_VOLT":69,"SOURCE":"IMAGERY","SOURCEDATE":1508112000000,"VAL_METHOD":"IMAGERY","VAL_DATE":1508112000000}},{"type":"Feature","geometry":{"type":"Point","coordinates":[-78.2009206020013,36.5653445500032]},"properties":{"ID":"155931","NAME":"TAP155931","CITY":"BOYDTON","STATE":"VA","COUNTY":"MECKLENBURG","TYPE":"TAP","STATUS":"IN SERVICE","LATITUDE":36.565344550000077,"LONGITUDE":-78.20092060199994,"LINES":3,"MAX_VOLT":115,"MIN_VOLT":115,"SOURCE":"IMAGERY","SOURCEDATE":1510272000000,"VAL_METHOD":"IMAGERY","VAL_DATE":1510272000000}},{"type":"Feature","geometry":{"type":"Point","coordinates":[-77.8056762620013,38.1059209360033]},"properties":{"ID":"155933","NAME":"RISER155933","CITY":"SPOTSYLVANIA","STATE":"VA","COUNTY":"SPOTSYLVANIA","TYPE":"RISER","STATUS":"IN SERVICE","LATITUDE":38.105920936000075,"LONGITUDE":-77.805676261999963,"LINES":2,"MAX_VOLT":-999999,"MIN_VOLT":-999999,"SOURCE":"IMAGERY","SOURCEDATE":1511913600000,"VAL_METHOD":"IMAGERY","VAL_DATE":1511913600000}},{"type":"Feature","geometry":{"type":"Point","coordinates":[-77.0519783500012,38.8205244740032]},"properties":{"ID":"155934","NAME":"NORTH ALEXANDRIA","CITY":"ALEXANDRIA","STATE":"VA","COUNTY":"ALEXANDRIA","TYPE":"SUBSTATION","STATUS":"IN SERVICE","LATITUDE":38.820524474000024,"LONGITUDE":-77.051978349999956,"LINES":4,"MAX_VOLT":230,"MIN_VOLT":230,"SOURCE":"IMAGERY, https://www.alexandriava.gov/uploadedFiles/special/dominion/DVP%20Presentation%2003-23-16%20230%20kV%20Update.pdf","SOURCEDATE":1512000000000,"VAL_METHOD":"IMAGERY","VAL_DATE":1512000000000}},{"type":"Feature","geometry":{"type":"Point","coordinates":[-75.6786216590012,37.7526665360033]},"properties":{"ID":"156257","NAME":"TAP156257","CITY":"GREENBUSH","STATE":"VA","COUNTY":"ACCOMACK","TYPE":"TAP","STATUS":"IN SERVICE","LATITUDE":37.752666536000049,"LONGITUDE":-75.678621658999987,"LINES":3,"MAX_VOLT":69,"MIN_VOLT":69,"SOURCE":"IMAGERY","SOURCEDATE":1525219200000,"VAL_METHOD":"IMAGERY","VAL_DATE":1525219200000}},{"type":"Feature","geometry":{"type":"Point","coordinates":[-79.3711113080014,38.0600935630032]},"properties":{"ID":"156388","NAME":"UNKNOWN156388","CITY":"CRAIGSVILLE","STATE":"VA","COUNTY":"AUGUSTA","TYPE":"SUBSTATION","STATUS":"IN SERVICE","LATITUDE":38.060093563000066,"LONGITUDE":-79.371111307999968,"LINES":-999999,"MAX_VOLT":-999999,"MIN_VOLT":-999999,"SOURCE":"OpenStreetMap","SOURCEDATE":1507507200000,"VAL_METHOD":"IMAGERY","VAL_DATE":1508112000000}},{"type":"Feature","geometry":{"type":"Point","coordinates":[-78.9322427580014,38.3459202990032]},"properties":{"ID":"156521","NAME":"UNKNOWN156521","CITY":"MT CRAWFORD","STATE":"VA","COUNTY":"ROCKINGHAM","TYPE":"SUBSTATION","STATUS":"IN SERVICE","LATITUDE":38.345920299000056,"LONGITUDE":-78.932242757999973,"LINES":-999999,"MAX_VOLT":-999999,"MIN_VOLT":-999999,"SOURCE":"OpenStreetMap","SOURCEDATE":1507507200000,"VAL_METHOD":"IMAGERY","VAL_DATE":1508112000000}},{"type":"Feature","geometry":{"type":"Point","coordinates":[-82.0584776970016,36.6872599990031]},"properties":{"ID":"156532","NAME":"UNKNOWN156532","CITY":"ABINGDON","STATE":"VA","COUNTY":"WASHINGTON","TYPE":"SUBSTATION","STATUS":"IN SERVICE","LATITUDE":36.687259999000048,"LONGITUDE":-82.058477696999944,"LINES":2,"MAX_VOLT":138,"MIN_VOLT":138,"SOURCE":"OpenStreetMap","SOURCEDATE":1507507200000,"VAL_METHOD":"IMAGERY","VAL_DATE":1508112000000}},{"type":"Feature","geometry":{"type":"Point","coordinates":[-81.8044159530017,37.0936929740031]},"properties":{"ID":"156533","NAME":"UNKNOWN156533","CITY":"RICHLANDS","STATE":"VA","COUNTY":"TAZEWELL","TYPE":"SUBSTATION","STATUS":"IN SERVICE","LATITUDE":37.093692974000078,"LONGITUDE":-81.804415952999989,"LINES":1,"MAX_VOLT":69,"MIN_VOLT":69,"SOURCE":"OpenStreetMap","SOURCEDATE":1507507200000,"VAL_METHOD":"IMAGERY","VAL_DATE":1508112000000}},{"type":"Feature","geometry":{"type":"Point","coordinates":[-81.7937537510016,36.7940058280031]},"properties":{"ID":"156534","NAME":"UNKNOWN156534","CITY":"GLADE SPRING","STATE":"VA","COUNTY":"WASHINGTON","TYPE":"SUBSTATION","STATUS":"IN SERVICE","LATITUDE":36.794005828000024,"LONGITUDE":-81.79375375099994,"LINES":2,"MAX_VOLT":-999999,"MIN_VOLT":-999999,"SOURCE":"OpenStreetMap","SOURCEDATE":1507507200000,"VAL_METHOD":"IMAGERY","VAL_DATE":1508112000000}},{"type":"Feature","geometry":{"type":"Point","coordinates":[-80.6822046640015,37.1018307170031]},"properties":{"ID":"156552","NAME":"UNKNOWN156552","CITY":"DUBLIN","STATE":"VA","COUNTY":"PULASKI","TYPE":"SUBSTATION","STATUS":"IN SERVICE","LATITUDE":37.101830717000041,"LONGITUDE":-80.682204663999983,"LINES":-999999,"MAX_VOLT":-999999,"MIN_VOLT":-999999,"SOURCE":"OpenStreetMap","SOURCEDATE":1507507200000,"VAL_METHOD":"IMAGERY","VAL_DATE":1508112000000}},{"type":"Feature","geometry":{"type":"Point","coordinates":[-78.8768832450014,38.4324681940032]},"properties":{"ID":"156585","NAME":"UNKNOWN156585","CITY":"HARRISONBURG","STATE":"VA","COUNTY":"HARRISONBURG","TYPE":"SUBSTATION","STATUS":"IN SERVICE","LATITUDE":38.43246819400008,"LONGITUDE":-78.876883244999988,"LINES":1,"MAX_VOLT":-999999,"MIN_VOLT":-999999,"SOURCE":"OpenStreetMap","SOURCEDATE":1507507200000,"VAL_METHOD":"IMAGERY","VAL_DATE":1508112000000}},{"type":"Feature","geometry":{"type":"Point","coordinates":[-77.1284679310013,38.8980448640032]},"properties":{"ID":"156590","NAME":"UNKNOWN156590","CITY":"ARLINGTON","STATE":"VA","COUNTY":"ARLINGTON","TYPE":"SUBSTATION","STATUS":"IN SERVICE","LATITUDE":38.898044864000042,"LONGITUDE":-77.128467930999989,"LINES":-999999,"MAX_VOLT":-999999,"MIN_VOLT":-999999,"SOURCE":"OpenStreetMap","SOURCEDATE":1507507200000,"VAL_METHOD":"IMAGERY","VAL_DATE":1508112000000}},{"type":"Feature","geometry":{"type":"Point","coordinates":[-78.9869177280014,38.0211118160031]},"properties":{"ID":"156741","NAME":"UNKNOWN156741","CITY":"STUARTS DRAFT","STATE":"VA","COUNTY":"AUGUSTA","TYPE":"SUBSTATION","STATUS":"IN SERVICE","LATITUDE":38.02111181600003,"LONGITUDE":-78.98691772799998,"LINES":-999999,"MAX_VOLT":-999999,"MIN_VOLT":-999999,"SOURCE":"OpenStreetMap","SOURCEDATE":1507507200000,"VAL_METHOD":"IMAGERY","VAL_DATE":1508112000000}},{"type":"Feature","geometry":{"type":"Point","coordinates":[-76.2059822540012,36.8728292210033]},"properties":{"ID":"156774","NAME":"UNKNOWN156774","CITY":"NORFOLK","STATE":"VA","COUNTY":"NORFOLK","TYPE":"SUBSTATION","STATUS":"IN SERVICE","LATITUDE":36.872829221000075,"LONGITUDE":-76.205982253999935,"LINES":-999999,"MAX_VOLT":-999999,"MIN_VOLT":-999999,"SOURCE":"OpenStreetMap","SOURCEDATE":1507507200000,"VAL_METHOD":"IMAGERY","VAL_DATE":1508112000000}},{"type":"Feature","geometry":{"type":"Point","coordinates":[-77.6202087570013,38.9323990890032]},"properties":{"ID":"156823","NAME":"UNKNOWN156823","CITY":"ALDIE","STATE":"VA","COUNTY":"LOUDOUN","TYPE":"SUBSTATION","STATUS":"IN SERVICE","LATITUDE":38.932399089000057,"LONGITUDE":-77.620208756999943,"LINES":3,"MAX_VOLT":230,"MIN_VOLT":115,"SOURCE":"IMAGERY","SOURCEDATE":1511827200000,"VAL_METHOD":"IMAGERY","VAL_DATE":1511827200000}},{"type":"Feature","geometry":{"type":"Point","coordinates":[-77.5337509900013,38.7746404660032]},"properties":{"ID":"156824","NAME":"UNKNOWN156824","CITY":"MANASSAS","STATE":"VA","COUNTY":"PRINCE WILLIAM","TYPE":"SUBSTATION","STATUS":"IN SERVICE","LATITUDE":38.774640466000051,"LONGITUDE":-77.533750989999987,"LINES":4,"MAX_VOLT":230,"MIN_VOLT":115,"SOURCE":"IMAGERY","SOURCEDATE":1511827200000,"VAL_METHOD":"IMAGERY","VAL_DATE":1511827200000}},{"type":"Feature","geometry":{"type":"Point","coordinates":[-77.5357021480013,38.7772769090032]},"properties":{"ID":"156825","NAME":"UNKNOWN156825","CITY":"MANASSAS","STATE":"VA","COUNTY":"PRINCE WILLIAM","TYPE":"SUBSTATION","STATUS":"IN SERVICE","LATITUDE":38.777276909000079,"LONGITUDE":-77.535702147999984,"LINES":2,"MAX_VOLT":230,"MIN_VOLT":230,"SOURCE":"IMAGERY","SOURCEDATE":1511827200000,"VAL_METHOD":"IMAGERY","VAL_DATE":1511827200000}},{"type":"Feature","geometry":{"type":"Point","coordinates":[-77.8014432010013,38.0910921350032]},"properties":{"ID":"156826","NAME":"UNKNOWN156826","CITY":"MINERAL","STATE":"VA","COUNTY":"SPOTSYLVANIA","TYPE":"SUBSTATION","STATUS":"IN SERVICE","LATITUDE":38.091092135000054,"LONGITUDE":-77.801443200999984,"LINES":1,"MAX_VOLT":-999999,"MIN_VOLT":-999999,"SOURCE":"IMAGERY","SOURCEDATE":1511913600000,"VAL_METHOD":"IMAGERY","VAL_DATE":1511913600000}},{"type":"Feature","geometry":{"type":"Point","coordinates":[-75.7201795160012,37.7453651120032]},"properties":{"ID":"156947","NAME":"ONANCOCK DIESEL GENERATION FACILITY","CITY":"ONANCOCK","STATE":"VA","COUNTY":"ACCOMACK","TYPE":"SUBSTATION","STATUS":"IN SERVICE","LATITUDE":37.745365112000059,"LONGITUDE":-75.720179515999973,"LINES":1,"MAX_VOLT":69,"MIN_VOLT":69,"SOURCE":"IMAGERY, EIA 860","SOURCEDATE":1525219200000,"VAL_METHOD":"IMAGERY","VAL_DATE":1622505600000}},{"type":"Feature","geometry":{"type":"Point","coordinates":[-80.0185080000014,37.2773550000031]},"properties":{"ID":"157204","NAME":"UNKNOWN157204","CITY":"SALEM","STATE":"VA","COUNTY":"SALEM","TYPE":"SUBSTATION","STATUS":"IN SERVICE","LATITUDE":37.277355000000057,"LONGITUDE":-80.01850799999994,"LINES":-999999,"MAX_VOLT":-999999,"MIN_VOLT":-999999,"SOURCE":"IMAGERY","SOURCEDATE":1527811200000,"VAL_METHOD":"IMAGERY","VAL_DATE":1527811200000}},{"type":"Feature","geometry":{"type":"Point","coordinates":[-79.9858748860015,37.7697914560031]},"properties":{"ID":"157264","NAME":"UNKNOWN157264","CITY":"COVINGTON","STATE":"VA","COUNTY":"COVINGTON","TYPE":"SUBSTATION","STATUS":"IN SERVICE","LATITUDE":37.769791456000064,"LONGITUDE":-79.985874885999976,"LINES":-999999,"MAX_VOLT":-999999,"MIN_VOLT":-999999,"SOURCE":"OpenStreetMap","SOURCEDATE":1507507200000,"VAL_METHOD":"IMAGERY","VAL_DATE":1508112000000}},{"type":"Feature","geometry":{"type":"Point","coordinates":[-81.1305387290016,37.0972815350031]},"properties":{"ID":"157442","NAME":"BLAND","CITY":"BLAND","STATE":"VA","COUNTY":"BLAND","TYPE":"SUBSTATION","STATUS":"IN SERVICE","LATITUDE":37.097281535000036,"LONGITUDE":-81.130538728999966,"LINES":1,"MAX_VOLT":69,"MIN_VOLT":69,"SOURCE":"OpenStreetMap, https://aeptransmission.com/virginia/Tazewell-Bearwallow/docs/VOLUME%201%20(Exhibits%206%20through%2013).pdf","SOURCEDATE":1507507200000,"VAL_METHOD":"IMAGERY","VAL_DATE":1549411200000}},{"type":"Feature","geometry":{"type":"Point","coordinates":[-77.4553316110013,37.8608662570032]},"properties":{"ID":"157529","NAME":"UNKNOWN157529","CITY":"DOSWELL","STATE":"VA","COUNTY":"HANOVER","TYPE":"SUBSTATION","STATUS":"IN SERVICE","LATITUDE":37.860866257000055,"LONGITUDE":-77.455331610999963,"LINES":-999999,"MAX_VOLT":-999999,"MIN_VOLT":-999999,"SOURCE":"OpenStreetMap","SOURCEDATE":1507507200000,"VAL_METHOD":"IMAGERY","VAL_DATE":1508112000000}},{"type":"Feature","geometry":{"type":"Point","coordinates":[-77.5314644130013,39.0755088700032]},"properties":{"ID":"157646","NAME":"GOOSE CREEK","CITY":"LEESBURG","STATE":"VA","COUNTY":"LOUDOUN","TYPE":"SUBSTATION","STATUS":"IN SERVICE","LATITUDE":39.075508870000078,"LONGITUDE":-77.531464412999981,"LINES":3,"MAX_VOLT":500,"MIN_VOLT":-999999,"SOURCE":"OpenStreetMap","SOURCEDATE":1507507200000,"VAL_METHOD":"IMAGERY","VAL_DATE":1551398400000}},{"type":"Feature","geometry":{"type":"Point","coordinates":[-79.0387790990014,38.0236387470032]},"properties":{"ID":"157664","NAME":"UNKNOWN157664","CITY":"STUARTS DRAFT","STATE":"VA","COUNTY":"AUGUSTA","TYPE":"SUBSTATION","STATUS":"IN SERVICE","LATITUDE":38.023638747000064,"LONGITUDE":-79.038779098999953,"LINES":-999999,"MAX_VOLT":-999999,"MIN_VOLT":-999999,"SOURCE":"OpenStreetMap","SOURCEDATE":1507507200000,"VAL_METHOD":"IMAGERY","VAL_DATE":1508112000000}},{"type":"Feature","geometry":{"type":"Point","coordinates":[-77.5566857240013,36.6911410580032]},"properties":{"ID":"157682","NAME":"UNKNOWN157682","CITY":"EMPORIA","STATE":"VA","COUNTY":"EMPORIA","TYPE":"SUBSTATION","STATUS":"IN SERVICE","LATITUDE":36.691141058000028,"LONGITUDE":-77.556685723999976,"LINES":-999999,"MAX_VOLT":-999999,"MIN_VOLT":-999999,"SOURCE":"OpenStreetMap","SOURCEDATE":1507507200000,"VAL_METHOD":"IMAGERY","VAL_DATE":1508112000000}},{"type":"Feature","geometry":{"type":"Point","coordinates":[-77.5645470320013,38.8941318910031]},"properties":{"ID":"157733","NAME":"LOUDON","CITY":"ALDIE","STATE":"VA","COUNTY":"LOUDOUN","TYPE":"SUBSTATION","STATUS":"IN SERVICE","LATITUDE":38.894131891000029,"LONGITUDE":-77.56454703199995,"LINES":5,"MAX_VOLT":500,"MIN_VOLT":500,"SOURCE":"IMAGERY","SOURCEDATE":1511827200000,"VAL_METHOD":"IMAGERY","VAL_DATE":1551916800000}},{"type":"Feature","geometry":{"type":"Point","coordinates":[-79.3475933970014,36.6039649400032]},"properties":{"ID":"158344","NAME":"UNKNOWN158344","CITY":"DANVILLE","STATE":"VA","COUNTY":"PITTSYLVANIA","TYPE":"SUBSTATION","STATUS":"IN SERVICE","LATITUDE":36.603964940000026,"LONGITUDE":-79.347593396999969,"LINES":3,"MAX_VOLT":-999999,"MIN_VOLT":-999999,"SOURCE":"OpenStreetMap","SOURCEDATE":1507507200000,"VAL_METHOD":"IMAGERY","VAL_DATE":1508112000000}},{"type":"Feature","geometry":{"type":"Point","coordinates":[-76.5844524780012,37.2135558730033]},"properties":{"ID":"158366","NAME":"UNKNOWN158366","CITY":"NEWPORT NEWS","STATE":"VA","COUNTY":"YORK","TYPE":"SUBSTATION","STATUS":"IN SERVICE","LATITUDE":37.213555873000075,"LONGITUDE":-76.584452477999946,"LINES":-999999,"MAX_VOLT":-999999,"MIN_VOLT":-999999,"SOURCE":"OpenStreetMap","SOURCEDATE":1507507200000,"VAL_METHOD":"IMAGERY","VAL_DATE":1508112000000}},{"type":"Feature","geometry":{"type":"Point","coordinates":[-77.9722805710013,37.0605921810032]},"properties":{"ID":"158375","NAME":"UNKNOWN158375","CITY":"BLACKSTONE","STATE":"VA","COUNTY":"NOTTOWAY","TYPE":"SUBSTATION","STATUS":"IN SERVICE","LATITUDE":37.060592181000061,"LONGITUDE":-77.972280570999942,"LINES":2,"MAX_VOLT":-999999,"MIN_VOLT":-999999,"SOURCE":"OpenStreetMap","SOURCEDATE":1507507200000,"VAL_METHOD":"IMAGERY","VAL_DATE":1508112000000}},{"type":"Feature","geometry":{"type":"Point","coordinates":[-77.1664889790013,36.6138500930032]},"properties":{"ID":"159795","NAME":"SOUTHAMPTON SOLAR, LLC","CITY":"NEWSOMS","STATE":"VA","COUNTY":"SOUTHAMPTON","TYPE":"SUBSTATION","STATUS":"UNDER CONSTRUCTION","LATITUDE":36.613850093000053,"LONGITUDE":-77.166488978999951,"LINES":-999999,"MAX_VOLT":-999999,"MIN_VOLT":-999999,"SOURCE":"IMAGERY, EIA 860","SOURCEDATE":1544054400000,"VAL_METHOD":"IMAGERY","VAL_DATE":1622505600000}},{"type":"Feature","geometry":{"type":"Point","coordinates":[-82.8117240000017,36.881305000003]},"properties":{"ID":"160521","NAME":"TAP160521","CITY":"APPALACHIA","STATE":"VA","COUNTY":"WISE","TYPE":"TAP","STATUS":"IN SERVICE","LATITUDE":36.881305000000054,"LONGITUDE":-82.81172399999997,"LINES":3,"MAX_VOLT":161,"MIN_VOLT":161,"SOURCE":"IMAGERY","SOURCEDATE":1549324800000,"VAL_METHOD":"IMAGERY","VAL_DATE":1549324800000}},{"type":"Feature","geometry":{"type":"Point","coordinates":[-82.8144210000017,36.880393000003]},"properties":{"ID":"160522","NAME":"TAP160522","CITY":"APPALACHIA","STATE":"VA","COUNTY":"WISE","TYPE":"TAP","STATUS":"IN SERVICE","LATITUDE":36.880393000000026,"LONGITUDE":-82.814420999999982,"LINES":3,"MAX_VOLT":161,"MIN_VOLT":161,"SOURCE":"IMAGERY","SOURCEDATE":1549324800000,"VAL_METHOD":"IMAGERY","VAL_DATE":1549324800000}},{"type":"Feature","geometry":{"type":"Point","coordinates":[-83.1102671620017,36.7682940380031]},"properties":{"ID":"160528","NAME":"TAP160528","CITY":"PENNINGTON GAP","STATE":"VA","COUNTY":"LEE","TYPE":"TAP","STATUS":"IN SERVICE","LATITUDE":36.768294038000079,"LONGITUDE":-83.110267161999957,"LINES":3,"MAX_VOLT":-999999,"MIN_VOLT":-999999,"SOURCE":"IMAGERY","SOURCEDATE":1549324800000,"VAL_METHOD":"IMAGERY","VAL_DATE":1549324800000}},{"type":"Feature","geometry":{"type":"Point","coordinates":[-81.9876400000016,37.1583930000031]},"properties":{"ID":"160532","NAME":"TAP160532","CITY":"OAKWOOD","STATE":"VA","COUNTY":"BUCHANAN","TYPE":"TAP","STATUS":"IN SERVICE","LATITUDE":37.158393000000046,"LONGITUDE":-81.987639999999942,"LINES":3,"MAX_VOLT":69,"MIN_VOLT":69,"SOURCE":"IMAGERY","SOURCEDATE":1549324800000,"VAL_METHOD":"IMAGERY","VAL_DATE":1549324800000}},{"type":"Feature","geometry":{"type":"Point","coordinates":[-81.9860326370016,37.1608929180031]},"properties":{"ID":"160533","NAME":"UNKNOWN160533","CITY":"OAKWOOD","STATE":"VA","COUNTY":"BUCHANAN","TYPE":"SUBSTATION","STATUS":"IN SERVICE","LATITUDE":37.160892918000059,"LONGITUDE":-81.986032636999937,"LINES":1,"MAX_VOLT":69,"MIN_VOLT":69,"SOURCE":"IMAGERY","SOURCEDATE":1549324800000,"VAL_METHOD":"IMAGERY","VAL_DATE":1549324800000}},{"type":"Feature","geometry":{"type":"Point","coordinates":[-81.9835390000016,37.1572680000031]},"properties":{"ID":"160534","NAME":"TAP160534","CITY":"OAKWOOD","STATE":"VA","COUNTY":"BUCHANAN","TYPE":"TAP","STATUS":"IN SERVICE","LATITUDE":37.157268000000045,"LONGITUDE":-81.983538999999951,"LINES":3,"MAX_VOLT":69,"MIN_VOLT":69,"SOURCE":"IMAGERY","SOURCEDATE":1549324800000,"VAL_METHOD":"IMAGERY","VAL_DATE":1549324800000}},{"type":"Feature","geometry":{"type":"Point","coordinates":[-81.9698050000016,37.1607640000031]},"properties":{"ID":"160535","NAME":"TAP160535","CITY":"OAKWOOD","STATE":"VA","COUNTY":"BUCHANAN","TYPE":"TAP","STATUS":"IN SERVICE","LATITUDE":37.160764000000029,"LONGITUDE":-81.969804999999951,"LINES":3,"MAX_VOLT":69,"MIN_VOLT":69,"SOURCE":"IMAGERY","SOURCEDATE":1549324800000,"VAL_METHOD":"IMAGERY","VAL_DATE":1549324800000}},{"type":"Feature","geometry":{"type":"Point","coordinates":[-81.9580710000016,37.1647770000031]},"properties":{"ID":"160536","NAME":"TAP160536","CITY":"OAKWOOD","STATE":"VA","COUNTY":"BUCHANAN","TYPE":"TAP","STATUS":"IN SERVICE","LATITUDE":37.164777000000072,"LONGITUDE":-81.958070999999961,"LINES":3,"MAX_VOLT":69,"MIN_VOLT":69,"SOURCE":"IMAGERY","SOURCEDATE":1549324800000,"VAL_METHOD":"IMAGERY","VAL_DATE":1549324800000}},{"type":"Feature","geometry":{"type":"Point","coordinates":[-81.9576861180016,37.1643835870031]},"properties":{"ID":"160537","NAME":"UNKNOWN160537","CITY":"OAKWOOD","STATE":"VA","COUNTY":"BUCHANAN","TYPE":"SUBSTATION","STATUS":"IN SERVICE","LATITUDE":37.164383587000032,"LONGITUDE":-81.95768611799997,"LINES":1,"MAX_VOLT":69,"MIN_VOLT":69,"SOURCE":"IMAGERY","SOURCEDATE":1549324800000,"VAL_METHOD":"IMAGERY","VAL_DATE":1549324800000}},{"type":"Feature","geometry":{"type":"Point","coordinates":[-81.9545700000017,37.1723040000031]},"properties":{"ID":"160538","NAME":"TAP160538","CITY":"RAVEN","STATE":"VA","COUNTY":"BUCHANAN","TYPE":"TAP","STATUS":"IN SERVICE","LATITUDE":37.172304000000054,"LONGITUDE":-81.95456999999999,"LINES":3,"MAX_VOLT":69,"MIN_VOLT":69,"SOURCE":"IMAGERY","SOURCEDATE":1549324800000,"VAL_METHOD":"IMAGERY","VAL_DATE":1549324800000}},{"type":"Feature","geometry":{"type":"Point","coordinates":[-81.9547450000016,37.1723860000031]},"properties":{"ID":"160539","NAME":"TAP160539","CITY":"RAVEN","STATE":"VA","COUNTY":"BUCHANAN","TYPE":"TAP","STATUS":"IN SERVICE","LATITUDE":37.172386000000074,"LONGITUDE":-81.954744999999946,"LINES":3,"MAX_VOLT":69,"MIN_VOLT":69,"SOURCE":"IMAGERY","SOURCEDATE":1549324800000,"VAL_METHOD":"IMAGERY","VAL_DATE":1549324800000}},{"type":"Feature","geometry":{"type":"Point","coordinates":[-81.9835342030016,37.1570453300031]},"properties":{"ID":"160540","NAME":"PERMAC","CITY":"OAKWOOD","STATE":"VA","COUNTY":"BUCHANAN","TYPE":"SUBSTATION","STATUS":"IN SERVICE","LATITUDE":37.157045330000074,"LONGITUDE":-81.983534202999977,"LINES":1,"MAX_VOLT":69,"MIN_VOLT":69,"SOURCE":"IMAGERY, https://aeptransmission.com/virginia/Tazewell-Bearwallow/docs/VOLUME%201%20(Exhibits%206%20through%2013).pdf","SOURCEDATE":1549324800000,"VAL_METHOD":"IMAGERY","VAL_DATE":1549411200000}},{"type":"Feature","geometry":{"type":"Point","coordinates":[-82.0322731370016,37.2392211120031]},"properties":{"ID":"160541","NAME":"UNKNOWN160541","CITY":"OAKWOOD","STATE":"VA","COUNTY":"BUCHANAN","TYPE":"SUBSTATION","STATUS":"IN SERVICE","LATITUDE":37.239221112000052,"LONGITUDE":-82.032273136999947,"LINES":1,"MAX_VOLT":69,"MIN_VOLT":69,"SOURCE":"IMAGERY","SOURCEDATE":1549411200000,"VAL_METHOD":"IMAGERY","VAL_DATE":1549411200000}},{"type":"Feature","geometry":{"type":"Point","coordinates":[-82.1215853740016,37.2251664280031]},"properties":{"ID":"160555","NAME":"TURKEY PEN","CITY":"VANSANT","STATE":"VA","COUNTY":"BUCHANAN","TYPE":"SUBSTATION","STATUS":"IN SERVICE","LATITUDE":37.22516642800008,"LONGITUDE":-82.121585373999949,"LINES":1,"MAX_VOLT":69,"MIN_VOLT":69,"SOURCE":"IMAGERY, https://aeptransmission.com/virginia/Tazewell-Bearwallow/docs/VOLUME%201%20(Exhibits%206%20through%2013).pdf","SOURCEDATE":1549411200000,"VAL_METHOD":"IMAGERY","VAL_DATE":1549411200000}},{"type":"Feature","geometry":{"type":"Point","coordinates":[-82.0337650590016,37.2406416500031]},"properties":{"ID":"160556","NAME":"DISMAL RIVER","CITY":"OAKWOOD","STATE":"VA","COUNTY":"BUCHANAN","TYPE":"SUBSTATION","STATUS":"IN SERVICE","LATITUDE":37.240641650000043,"LONGITUDE":-82.033765058999961,"LINES":5,"MAX_VOLT":69,"MIN_VOLT":69,"SOURCE":"IMAGERY, https://aeptransmission.com/virginia/Tazewell-Bearwallow/docs/VOLUME%201%20(Exhibits%206%20through%2013).pdf","SOURCEDATE":1549411200000,"VAL_METHOD":"IMAGERY","VAL_DATE":1549411200000}},{"type":"Feature","geometry":{"type":"Point","coordinates":[-81.9747825450016,37.1708581010031]},"properties":{"ID":"160560","NAME":"MARVIN","CITY":"OAKWOOD","STATE":"VA","COUNTY":"BUCHANAN","TYPE":"SUBSTATION","STATUS":"IN SERVICE","LATITUDE":37.170858101000078,"LONGITUDE":-81.974782544999982,"LINES":1,"MAX_VOLT":69,"MIN_VOLT":69,"SOURCE":"IMAGERY, https://aeptransmission.com/virginia/Tazewell-Bearwallow/docs/VOLUME%201%20(Exhibits%206%20through%2013).pdf","SOURCEDATE":1549324800000,"VAL_METHOD":"IMAGERY","VAL_DATE":1549411200000}},{"type":"Feature","geometry":{"type":"Point","coordinates":[-81.8043794490016,37.0934076240031]},"properties":{"ID":"160561","NAME":"TAP160561","CITY":"RICHLANDS","STATE":"VA","COUNTY":"TAZEWELL","TYPE":"TAP","STATUS":"IN SERVICE","LATITUDE":37.093407624000065,"LONGITUDE":-81.804379448999953,"LINES":3,"MAX_VOLT":69,"MIN_VOLT":69,"SOURCE":"IMAGERY","SOURCEDATE":1549411200000,"VAL_METHOD":"IMAGERY","VAL_DATE":1549411200000}},{"type":"Feature","geometry":{"type":"Point","coordinates":[-81.9552733440016,37.1727569110031]},"properties":{"ID":"160562","NAME":"WHITESTONE BRANCH","CITY":"RAVEN","STATE":"VA","COUNTY":"BUCHANAN","TYPE":"SUBSTATION","STATUS":"IN SERVICE","LATITUDE":37.172756911000079,"LONGITUDE":-81.955273343999977,"LINES":1,"MAX_VOLT":69,"MIN_VOLT":69,"SOURCE":"IMAGERY, https://aeptransmission.com/virginia/Tazewell-Bearwallow/docs/VOLUME%201%20(Exhibits%206%20through%2013).pdf","SOURCEDATE":1549324800000,"VAL_METHOD":"IMAGERY","VAL_DATE":1549411200000}},{"type":"Feature","geometry":{"type":"Point","coordinates":[-77.5571190000012,39.1076990000031]},"properties":{"ID":"161075","NAME":"TAP161075","CITY":"LEESBURG","STATE":"VA","COUNTY":"LOUDOUN","TYPE":"TAP","STATUS":"IN SERVICE","LATITUDE":39.107699000000025,"LONGITUDE":-77.557118999999943,"LINES":2,"MAX_VOLT":-999999,"MIN_VOLT":-999999,"SOURCE":"IMAGERY","SOURCEDATE":1551398400000,"VAL_METHOD":"IMAGERY","VAL_DATE":1551398400000}},{"type":"Feature","geometry":{"type":"Point","coordinates":[-77.5396910290013,39.0580963670032]},"properties":{"ID":"161085","NAME":"TAP161085","CITY":"LEESBURG","STATE":"VA","COUNTY":"LOUDOUN","TYPE":"TAP","STATUS":"IN SERVICE","LATITUDE":39.058096367000076,"LONGITUDE":-77.539691028999982,"LINES":3,"MAX_VOLT":230,"MIN_VOLT":230,"SOURCE":"IMAGERY","SOURCEDATE":1551657600000,"VAL_METHOD":"IMAGERY","VAL_DATE":1553472000000}},{"type":"Feature","geometry":{"type":"Point","coordinates":[-77.4119324370013,38.9897149880032]},"properties":{"ID":"161090","NAME":"DAVIS DRIVE","CITY":"STERLING","STATE":"VA","COUNTY":"LOUDOUN","TYPE":"SUBSTATION","STATUS":"IN SERVICE","LATITUDE":38.98971498800006,"LONGITUDE":-77.411932436999962,"LINES":2,"MAX_VOLT":230,"MIN_VOLT":230,"SOURCE":"IMAGERY, https://www.dominionenergy.com/library/domcom/media/about-us/electric-projects/power-line-projects/davis-drive-substation/illustrative-plan.pdf?la=en","SOURCEDATE":1551657600000,"VAL_METHOD":"IMAGERY","VAL_DATE":1551657600000}},{"type":"Feature","geometry":{"type":"Point","coordinates":[-77.5404595810012,39.0580049180032]},"properties":{"ID":"161091","NAME":"STONEWALL ENERGY CENTER","CITY":"LEESBURG","STATE":"VA","COUNTY":"LOUDOUN","TYPE":"SUBSTATION","STATUS":"IN SERVICE","LATITUDE":39.058004918000051,"LONGITUDE":-77.540459580999936,"LINES":2,"MAX_VOLT":230,"MIN_VOLT":230,"SOURCE":"IMAGERY","SOURCEDATE":1551657600000,"VAL_METHOD":"IMAGERY","VAL_DATE":1553472000000}},{"type":"Feature","geometry":{"type":"Point","coordinates":[-77.5186353000013,38.9501818880031]},"properties":{"ID":"161092","NAME":"YARDLEY RIDGE","CITY":"STERLING","STATE":"VA","COUNTY":"LOUDOUN","TYPE":"SUBSTATION","STATUS":"IN SERVICE","LATITUDE":38.950181888000031,"LONGITUDE":-77.518635299999971,"LINES":2,"MAX_VOLT":230,"MIN_VOLT":230,"SOURCE":"IMAGERY, https://www.dominionenergy.com/library/domcom/media/about-us/electric-projects/power-line-projects/poland-road/stipulated-route-vicinity-final.pdf?la=en","SOURCEDATE":1551657600000,"VAL_METHOD":"IMAGERY","VAL_DATE":1551657600000}},{"type":"Feature","geometry":{"type":"Point","coordinates":[-77.9937732080013,36.9032519440032]},"properties":{"ID":"161131","NAME":"DANIELTOWN","CITY":"DUNDAS","STATE":"VA","COUNTY":"BRUNSWICK","TYPE":"SUBSTATION","STATUS":"IN SERVICE","LATITUDE":36.903251944000033,"LONGITUDE":-77.993773207999936,"LINES":1,"MAX_VOLT":115,"MIN_VOLT":115,"SOURCE":"IMAGERY","SOURCEDATE":1551830400000,"VAL_METHOD":"IMAGERY","VAL_DATE":1551830400000}},{"type":"Feature","geometry":{"type":"Point","coordinates":[-77.9552940950013,36.8077994730032]},"properties":{"ID":"161132","NAME":"UNKNOWN161132","CITY":"BRODNAX","STATE":"VA","COUNTY":"BRUNSWICK","TYPE":"SUBSTATION","STATUS":"IN SERVICE","LATITUDE":36.807799473000046,"LONGITUDE":-77.955294094999942,"LINES":1,"MAX_VOLT":115,"MIN_VOLT":115,"SOURCE":"IMAGERY","SOURCEDATE":1551830400000,"VAL_METHOD":"IMAGERY","VAL_DATE":1551830400000}},{"type":"Feature","geometry":{"type":"Point","coordinates":[-77.8739418380013,36.6166204790033]},"properties":{"ID":"161133","NAME":"UNKNOWN161133","CITY":"BRODNAX","STATE":"VA","COUNTY":"BRUNSWICK","TYPE":"SUBSTATION","STATUS":"IN SERVICE","LATITUDE":36.616620479000062,"LONGITUDE":-77.873941837999951,"LINES":1,"MAX_VOLT":115,"MIN_VOLT":115,"SOURCE":"IMAGERY","SOURCEDATE":1551830400000,"VAL_METHOD":"IMAGERY","VAL_DATE":1551830400000}},{"type":"Feature","geometry":{"type":"Point","coordinates":[-77.9547970000014,36.8083180000032]},"properties":{"ID":"161134","NAME":"TAP161134","CITY":"BRODNAX","STATE":"VA","COUNTY":"BRUNSWICK","TYPE":"TAP","STATUS":"IN SERVICE","LATITUDE":36.808318000000043,"LONGITUDE":-77.954796999999985,"LINES":3,"MAX_VOLT":115,"MIN_VOLT":115,"SOURCE":"IMAGERY","SOURCEDATE":1551830400000,"VAL_METHOD":"IMAGERY","VAL_DATE":1551830400000}},{"type":"Feature","geometry":{"type":"Point","coordinates":[-77.9205870000013,36.7411280000033]},"properties":{"ID":"161135","NAME":"TAP161135","CITY":"BRODNAX","STATE":"VA","COUNTY":"BRUNSWICK","TYPE":"TAP","STATUS":"IN SERVICE","LATITUDE":36.74112800000006,"LONGITUDE":-77.920586999999955,"LINES":3,"MAX_VOLT":115,"MIN_VOLT":115,"SOURCE":"IMAGERY","SOURCEDATE":1551830400000,"VAL_METHOD":"IMAGERY","VAL_DATE":1551830400000}},{"type":"Feature","geometry":{"type":"Point","coordinates":[-77.6048454650013,37.0625073030032]},"properties":{"ID":"161136","NAME":"UNKNOWN161136","CITY":"DINWIDDIE","STATE":"VA","COUNTY":"DINWIDDIE","TYPE":"SUBSTATION","STATUS":"IN SERVICE","LATITUDE":37.062507303000075,"LONGITUDE":-77.604845464999983,"LINES":-999999,"MAX_VOLT":-999999,"MIN_VOLT":-999999,"SOURCE":"IMAGERY","SOURCEDATE":1551830400000,"VAL_METHOD":"IMAGERY","VAL_DATE":1551830400000}},{"type":"Feature","geometry":{"type":"Point","coordinates":[-77.4294806610013,37.5225582800032]},"properties":{"ID":"161137","NAME":"TAP161137","CITY":"RICHMOND","STATE":"VA","COUNTY":"RICHMOND","TYPE":"TAP","STATUS":"IN SERVICE","LATITUDE":37.522558280000055,"LONGITUDE":-77.429480660999957,"LINES":3,"MAX_VOLT":115,"MIN_VOLT":115,"SOURCE":"IMAGERY","SOURCEDATE":1551830400000,"VAL_METHOD":"IMAGERY","VAL_DATE":1551830400000}},{"type":"Feature","geometry":{"type":"Point","coordinates":[-76.9671800000013,37.8941170000032]},"properties":{"ID":"161183","NAME":"TAP161183","CITY":"TAPPAHANNOCK","STATE":"VA","COUNTY":"ESSEX","TYPE":"TAP","STATUS":"IN SERVICE","LATITUDE":37.894117000000051,"LONGITUDE":-76.967179999999985,"LINES":3,"MAX_VOLT":-999999,"MIN_VOLT":-999999,"SOURCE":"IMAGERY","SOURCEDATE":1551916800000,"VAL_METHOD":"IMAGERY","VAL_DATE":1551916800000}},{"type":"Feature","geometry":{"type":"Point","coordinates":[-76.9374809250013,37.9672125650032]},"properties":{"ID":"161184","NAME":"UNKNOWN161184","CITY":"TAPPAHANNOCK","STATE":"VA","COUNTY":"ESSEX","TYPE":"SUBSTATION","STATUS":"IN SERVICE","LATITUDE":37.967212565000068,"LONGITUDE":-76.937480924999988,"LINES":2,"MAX_VOLT":-999999,"MIN_VOLT":-999999,"SOURCE":"IMAGERY","SOURCEDATE":1551916800000,"VAL_METHOD":"IMAGERY","VAL_DATE":1551916800000}},{"type":"Feature","geometry":{"type":"Point","coordinates":[-79.8938402990015,37.3758348010032]},"properties":{"ID":"161185","NAME":"CLOVERDALE EAST","CITY":"TROUTVILLE","STATE":"VA","COUNTY":"BOTETOURT","TYPE":"SUBSTATION","STATUS":"IN SERVICE","LATITUDE":37.375834801000053,"LONGITUDE":-79.893840298999976,"LINES":4,"MAX_VOLT":500,"MIN_VOLT":345,"SOURCE":"IMAGERY, https://aeptransmission.com/virginia/Cloverdale/docs/CloverdaleFact%20Sheet.pdf#view=Fit","SOURCEDATE":1551916800000,"VAL_METHOD":"IMAGERY","VAL_DATE":1551916800000}},{"type":"Feature","geometry":{"type":"Point","coordinates":[-79.3699709790014,37.7301590210032]},"properties":{"ID":"161412","NAME":"TAP161412","CITY":"BUENA VISTA","STATE":"VA","COUNTY":"BUENA VISTA","TYPE":"TAP","STATUS":"IN SERVICE","LATITUDE":37.730159021000077,"LONGITUDE":-79.369970978999959,"LINES":3,"MAX_VOLT":115,"MIN_VOLT":115,"SOURCE":"IMAGERY","SOURCEDATE":1552521600000,"VAL_METHOD":"IMAGERY","VAL_DATE":1552521600000}},{"type":"Feature","geometry":{"type":"Point","coordinates":[-77.4917362850012,38.9175163050032]},"properties":{"ID":"161590","NAME":"POLAND RD","CITY":"CHANTILLY","STATE":"VA","COUNTY":"LOUDOUN","TYPE":"SUBSTATION","STATUS":"IN SERVICE","LATITUDE":38.917516305000049,"LONGITUDE":-77.491736284999945,"LINES":2,"MAX_VOLT":230,"MIN_VOLT":230,"SOURCE":"IMAGERY, https://www.dominionenergy.com/library/domcom/media/about-us/electric-projects/power-line-projects/poland-road/stipulated-route-vicinity-final.pdf?la=en","SOURCEDATE":1551657600000,"VAL_METHOD":"IMAGERY","VAL_DATE":1553040000000}},{"type":"Feature","geometry":{"type":"Point","coordinates":[-80.4343565620015,37.2318830530031]},"properties":{"ID":"161591","NAME":"RISER161591","CITY":"BLACKSBURG","STATE":"VA","COUNTY":"MONTGOMERY","TYPE":"RISER","STATUS":"IN SERVICE","LATITUDE":37.231883053000047,"LONGITUDE":-80.434356561999948,"LINES":2,"MAX_VOLT":-999999,"MIN_VOLT":-999999,"SOURCE":"IMAGERY","SOURCEDATE":1553040000000,"VAL_METHOD":"IMAGERY","VAL_DATE":1553040000000}},{"type":"Feature","geometry":{"type":"Point","coordinates":[-80.4441909160015,37.2222940390032]},"properties":{"ID":"161592","NAME":"TAP161592","CITY":"BLACKSBURG","STATE":"VA","COUNTY":"MONTGOMERY","TYPE":"TAP","STATUS":"IN SERVICE","LATITUDE":37.222294039000076,"LONGITUDE":-80.444190915999968,"LINES":2,"MAX_VOLT":-999999,"MIN_VOLT":-999999,"SOURCE":"IMAGERY","SOURCEDATE":1553040000000,"VAL_METHOD":"IMAGERY","VAL_DATE":1553040000000}},{"type":"Feature","geometry":{"type":"Point","coordinates":[-80.9197045360016,36.6661384610031]},"properties":{"ID":"161593","NAME":"UNKNOWN161593","CITY":"GALAX","STATE":"VA","COUNTY":"GALAX","TYPE":"SUBSTATION","STATUS":"IN SERVICE","LATITUDE":36.66613846100006,"LONGITUDE":-80.919704535999983,"LINES":2,"MAX_VOLT":69,"MIN_VOLT":-999999,"SOURCE":"IMAGERY","SOURCEDATE":1553040000000,"VAL_METHOD":"IMAGERY","VAL_DATE":1553040000000}},{"type":"Feature","geometry":{"type":"Point","coordinates":[-79.6823125830014,36.6722932490031]},"properties":{"ID":"161594","NAME":"TAP161594","CITY":"AXTON","STATE":"VA","COUNTY":"PITTSYLVANIA","TYPE":"TAP","STATUS":"IN SERVICE","LATITUDE":36.672293249000063,"LONGITUDE":-79.682312582999941,"LINES":3,"MAX_VOLT":-999999,"MIN_VOLT":-999999,"SOURCE":"IMAGERY","SOURCEDATE":1553040000000,"VAL_METHOD":"IMAGERY","VAL_DATE":1553040000000}},{"type":"Feature","geometry":{"type":"Point","coordinates":[-80.9174830000015,36.6670930000032]},"properties":{"ID":"161595","NAME":"TAP161595","CITY":"GALAX","STATE":"VA","COUNTY":"GALAX","TYPE":"TAP","STATUS":"IN SERVICE","LATITUDE":36.667093000000079,"LONGITUDE":-80.917482999999947,"LINES":3,"MAX_VOLT":69,"MIN_VOLT":69,"SOURCE":"IMAGERY","SOURCEDATE":1553040000000,"VAL_METHOD":"IMAGERY","VAL_DATE":1553040000000}},{"type":"Feature","geometry":{"type":"Point","coordinates":[-77.6037006270013,37.2492478320032]},"properties":{"ID":"161686","NAME":"TAP161686","CITY":"CHURCH ROAD","STATE":"VA","COUNTY":"DINWIDDIE","TYPE":"TAP","STATUS":"IN SERVICE","LATITUDE":37.249247832000037,"LONGITUDE":-77.603700626999967,"LINES":3,"MAX_VOLT":115,"MIN_VOLT":115,"SOURCE":"IMAGERY","SOURCEDATE":1553126400000,"VAL_METHOD":"IMAGERY","VAL_DATE":1553126400000}},{"type":"Feature","geometry":{"type":"Point","coordinates":[-77.5661317400013,37.2715935100032]},"properties":{"ID":"161687","NAME":"UNKNOWN161687","CITY":"CHESTERFIELD","STATE":"VA","COUNTY":"CHESTERFIELD","TYPE":"SUBSTATION","STATUS":"IN SERVICE","LATITUDE":37.271593510000059,"LONGITUDE":-77.566131739999946,"LINES":1,"MAX_VOLT":115,"MIN_VOLT":115,"SOURCE":"IMAGERY","SOURCEDATE":1553126400000,"VAL_METHOD":"IMAGERY","VAL_DATE":1553126400000}},{"type":"Feature","geometry":{"type":"Point","coordinates":[-77.6133673400013,37.9895427950032]},"properties":{"ID":"161757","NAME":"TAP161757","CITY":"BEAVERDAM","STATE":"VA","COUNTY":"CAROLINE","TYPE":"TAP","STATUS":"IN SERVICE","LATITUDE":37.989542795000034,"LONGITUDE":-77.613367339999968,"LINES":3,"MAX_VOLT":115,"MIN_VOLT":115,"SOURCE":"IMAGERY","SOURCEDATE":1553212800000,"VAL_METHOD":"IMAGERY","VAL_DATE":1553212800000}},{"type":"Feature","geometry":{"type":"Point","coordinates":[-77.3276300960013,38.5335376490032]},"properties":{"ID":"161758","NAME":"UNKNOWN161758","CITY":"TRIANGLE","STATE":"VA","COUNTY":"PRINCE WILLIAM","TYPE":"SUBSTATION","STATUS":"IN SERVICE","LATITUDE":38.533537649000039,"LONGITUDE":-77.32763009599995,"LINES":2,"MAX_VOLT":230,"MIN_VOLT":230,"SOURCE":"IMAGERY","SOURCEDATE":1553212800000,"VAL_METHOD":"IMAGERY","VAL_DATE":1553212800000}},{"type":"Feature","geometry":{"type":"Point","coordinates":[-78.9242937950014,36.7840700360032]},"properties":{"ID":"161759","NAME":"UNKNOWN161759","CITY":"HALIFAX","STATE":"VA","COUNTY":"HALIFAX","TYPE":"SUBSTATION","STATUS":"UNDER CONSTRUCTION","LATITUDE":36.78407003600006,"LONGITUDE":-78.924293794999983,"LINES":-999999,"MAX_VOLT":-999999,"MIN_VOLT":-999999,"SOURCE":"IMAGERY","SOURCEDATE":1553212800000,"VAL_METHOD":"IMAGERY","VAL_DATE":1553212800000}},{"type":"Feature","geometry":{"type":"Point","coordinates":[-78.8765340610014,36.6983528570032]},"properties":{"ID":"161760","NAME":"HALIFAX COUNTY BIOMASS","CITY":"SOUTH BOSTON","STATE":"VA","COUNTY":"HALIFAX","TYPE":"SUBSTATION","STATUS":"IN SERVICE","LATITUDE":36.698352857000032,"LONGITUDE":-78.876534060999973,"LINES":3,"MAX_VOLT":115,"MIN_VOLT":115,"SOURCE":"IMAGERY, EIA 860","SOURCEDATE":1553212800000,"VAL_METHOD":"IMAGERY","VAL_DATE":1622505600000}},{"type":"Feature","geometry":{"type":"Point","coordinates":[-78.9146312630014,36.6978252670032]},"properties":{"ID":"161761","NAME":"TAP161761","CITY":"SOUTH BOSTON","STATE":"VA","COUNTY":"HALIFAX","TYPE":"TAP","STATUS":"IN SERVICE","LATITUDE":36.697825267000042,"LONGITUDE":-78.91463126299999,"LINES":3,"MAX_VOLT":115,"MIN_VOLT":115,"SOURCE":"IMAGERY","SOURCEDATE":1553212800000,"VAL_METHOD":"IMAGERY","VAL_DATE":1553212800000}},{"type":"Feature","geometry":{"type":"Point","coordinates":[-76.3052577090012,36.7654273940032]},"properties":{"ID":"161768","NAME":"TAP161768","CITY":"CHESAPEAKE","STATE":"VA","COUNTY":"CHESAPEAKE","TYPE":"TAP","STATUS":"IN SERVICE","LATITUDE":36.765427394000028,"LONGITUDE":-76.305257708999989,"LINES":3,"MAX_VOLT":230,"MIN_VOLT":230,"SOURCE":"IMAGERY","SOURCEDATE":1553472000000,"VAL_METHOD":"IMAGERY","VAL_DATE":1553472000000}},{"type":"Feature","geometry":{"type":"Point","coordinates":[-76.2527925880012,36.7910853980033]},"properties":{"ID":"161774","NAME":"TAP161774","CITY":"CHESAPEAKE","STATE":"VA","COUNTY":"CHESAPEAKE","TYPE":"TAP","STATUS":"IN SERVICE","LATITUDE":36.791085398000064,"LONGITUDE":-76.252792587999977,"LINES":3,"MAX_VOLT":115,"MIN_VOLT":115,"SOURCE":"IMAGERY","SOURCEDATE":1553472000000,"VAL_METHOD":"IMAGERY","VAL_DATE":1553472000000}},{"type":"Feature","geometry":{"type":"Point","coordinates":[-76.1935190740012,36.8125526250033]},"properties":{"ID":"161807","NAME":"TAP161807","CITY":"VIRGINIA BEACH","STATE":"VA","COUNTY":"VIRGINIA BEACH","TYPE":"TAP","STATUS":"IN SERVICE","LATITUDE":36.81255262500008,"LONGITUDE":-76.193519073999937,"LINES":3,"MAX_VOLT":115,"MIN_VOLT":115,"SOURCE":"IMAGERY","SOURCEDATE":1553472000000,"VAL_METHOD":"IMAGERY","VAL_DATE":1553472000000}},{"type":"Feature","geometry":{"type":"Point","coordinates":[-76.5516114680012,37.1935954330032]},"properties":{"ID":"161808","NAME":"TAP161808","CITY":"NEWPORT NEWS","STATE":"VA","COUNTY":"NEWPORT NEWS","TYPE":"TAP","STATUS":"IN SERVICE","LATITUDE":37.193595433000041,"LONGITUDE":-76.551611467999976,"LINES":3,"MAX_VOLT":115,"MIN_VOLT":115,"SOURCE":"IMAGERY","SOURCEDATE":1553472000000,"VAL_METHOD":"IMAGERY","VAL_DATE":1553472000000}},{"type":"Feature","geometry":{"type":"Point","coordinates":[-76.0403340000012,36.8810440000033]},"properties":{"ID":"161809","NAME":"TAP161809","CITY":"VIRGINIA BEACH","STATE":"VA","COUNTY":"VIRGINIA BEACH","TYPE":"TAP","STATUS":"IN SERVICE","LATITUDE":36.881044000000031,"LONGITUDE":-76.040333999999973,"LINES":3,"MAX_VOLT":115,"MIN_VOLT":115,"SOURCE":"IMAGERY","SOURCEDATE":1553472000000,"VAL_METHOD":"IMAGERY","VAL_DATE":1553472000000}},{"type":"Feature","geometry":{"type":"Point","coordinates":[-78.1834020000013,38.9059040000032]},"properties":{"ID":"161841","NAME":"UNKNOWN161841","CITY":"FRONT ROYAL","STATE":"VA","COUNTY":"WARREN","TYPE":"SUBSTATION","STATUS":"IN SERVICE","LATITUDE":38.905904000000078,"LONGITUDE":-78.183401999999944,"LINES":1,"MAX_VOLT":-999999,"MIN_VOLT":-999999,"SOURCE":"IMAGERY","SOURCEDATE":1553731200000,"VAL_METHOD":"IMAGERY","VAL_DATE":1553731200000}},{"type":"Feature","geometry":{"type":"Point","coordinates":[-77.3801970000013,37.5043530000032]},"properties":{"ID":"161842","NAME":"RICHMOND ENERGY","CITY":"HENRICO","STATE":"VA","COUNTY":"HENRICO","TYPE":"SUBSTATION","STATUS":"IN SERVICE","LATITUDE":37.504353000000037,"LONGITUDE":-77.380196999999953,"LINES":-999999,"MAX_VOLT":-999999,"MIN_VOLT":-999999,"SOURCE":"IMAGERY, EIA 860","SOURCEDATE":1553817600000,"VAL_METHOD":"IMAGERY","VAL_DATE":1622505600000}},{"type":"Feature","geometry":{"type":"Point","coordinates":[-79.2984070000014,36.6611540000032]},"properties":{"ID":"161843","NAME":"UNKNOWN161843","CITY":"RINGGOLD","STATE":"VA","COUNTY":"PITTSYLVANIA","TYPE":"SUBSTATION","STATUS":"IN SERVICE","LATITUDE":36.661154000000067,"LONGITUDE":-79.298406999999941,"LINES":2,"MAX_VOLT":69,"MIN_VOLT":69,"SOURCE":"IMAGERY","SOURCEDATE":1553817600000,"VAL_METHOD":"IMAGERY","VAL_DATE":1553817600000}},{"type":"Feature","geometry":{"type":"Point","coordinates":[-79.2988250000014,36.6610210000032]},"properties":{"ID":"162225","NAME":"TAP162225","CITY":"RINGGOLD","STATE":"VA","COUNTY":"PITTSYLVANIA","TYPE":"TAP","STATUS":"IN SERVICE","LATITUDE":36.661021000000062,"LONGITUDE":-79.298824999999965,"LINES":3,"MAX_VOLT":69,"MIN_VOLT":69,"SOURCE":"IMAGERY","SOURCEDATE":1553817600000,"VAL_METHOD":"IMAGERY","VAL_DATE":1553817600000}},{"type":"Feature","geometry":{"type":"Point","coordinates":[-79.2988690000014,36.6611210000032]},"properties":{"ID":"162226","NAME":"TAP162226","CITY":"RINGGOLD","STATE":"VA","COUNTY":"PITTSYLVANIA","TYPE":"TAP","STATUS":"IN SERVICE","LATITUDE":36.661121000000037,"LONGITUDE":-79.298868999999968,"LINES":3,"MAX_VOLT":69,"MIN_VOLT":69,"SOURCE":"IMAGERY","SOURCEDATE":1553817600000,"VAL_METHOD":"IMAGERY","VAL_DATE":1553817600000}},{"type":"Feature","geometry":{"type":"Point","coordinates":[-79.4897410000015,37.3459260000032]},"properties":{"ID":"162227","NAME":"UNKNOWN162227","CITY":"BEDFORD","STATE":"VA","COUNTY":"BEDFORD","TYPE":"SUBSTATION","STATUS":"IN SERVICE","LATITUDE":37.345926000000077,"LONGITUDE":-79.489740999999981,"LINES":1,"MAX_VOLT":138,"MIN_VOLT":138,"SOURCE":"IMAGERY","SOURCEDATE":1553817600000,"VAL_METHOD":"IMAGERY","VAL_DATE":1553817600000}},{"type":"Feature","geometry":{"type":"Point","coordinates":[-79.5224860000014,37.3357120000032]},"properties":{"ID":"162228","NAME":"TAP162228","CITY":"BEDFORD","STATE":"VA","COUNTY":"BEDFORD","TYPE":"TAP","STATUS":"IN SERVICE","LATITUDE":37.335712000000058,"LONGITUDE":-79.522485999999958,"LINES":3,"MAX_VOLT":138,"MIN_VOLT":138,"SOURCE":"IMAGERY","SOURCEDATE":1553817600000,"VAL_METHOD":"IMAGERY","VAL_DATE":1553817600000}},{"type":"Feature","geometry":{"type":"Point","coordinates":[-79.8531330000015,36.6810680000031]},"properties":{"ID":"162229","NAME":"UNKNOWN162229","CITY":"MARTINSVILLE","STATE":"VA","COUNTY":"MARTINSVILLE","TYPE":"SUBSTATION","STATUS":"IN SERVICE","LATITUDE":36.681068000000039,"LONGITUDE":-79.853132999999957,"LINES":-999999,"MAX_VOLT":-999999,"MIN_VOLT":-999999,"SOURCE":"IMAGERY","SOURCEDATE":1553817600000,"VAL_METHOD":"IMAGERY","VAL_DATE":1553817600000}},{"type":"Feature","geometry":{"type":"Point","coordinates":[-79.9990720000015,37.2735630000031]},"properties":{"ID":"162230","NAME":"UNKNOWN162230","CITY":"ROANOKE","STATE":"VA","COUNTY":"ROANOKE","TYPE":"SUBSTATION","STATUS":"IN SERVICE","LATITUDE":37.273563000000024,"LONGITUDE":-79.999071999999956,"LINES":1,"MAX_VOLT":-999999,"MIN_VOLT":-999999,"SOURCE":"IMAGERY","SOURCEDATE":1553817600000,"VAL_METHOD":"IMAGERY","VAL_DATE":1553817600000}},{"type":"Feature","geometry":{"type":"Point","coordinates":[-77.4383850000013,38.9959710000032]},"properties":{"ID":"162231","NAME":"UNKNOWN162231","CITY":"STERLING","STATE":"VA","COUNTY":"LOUDOUN","TYPE":"SUBSTATION","STATUS":"IN SERVICE","LATITUDE":38.995971000000054,"LONGITUDE":-77.438384999999982,"LINES":2,"MAX_VOLT":230,"MIN_VOLT":-999999,"SOURCE":"IMAGERY","SOURCEDATE":1553817600000,"VAL_METHOD":"IMAGERY","VAL_DATE":1553817600000}},{"type":"Feature","geometry":{"type":"Point","coordinates":[-77.4632900000013,37.5643780000032]},"properties":{"ID":"162232","NAME":"UNKNOWN162232","CITY":"RICHMOND","STATE":"VA","COUNTY":"RICHMOND","TYPE":"SUBSTATION","STATUS":"IN SERVICE","LATITUDE":37.564378000000033,"LONGITUDE":-77.463289999999972,"LINES":-999999,"MAX_VOLT":-999999,"MIN_VOLT":-999999,"SOURCE":"IMAGERY","SOURCEDATE":1553817600000,"VAL_METHOD":"IMAGERY","VAL_DATE":1553817600000}},{"type":"Feature","geometry":{"type":"Point","coordinates":[-81.8079958190016,37.1031118860031]},"properties":{"ID":"167384","NAME":"DEADEND167384","CITY":"RICHLANDS","STATE":"VA","COUNTY":"TAZEWELL","TYPE":"DEAD END","STATUS":"IN SERVICE","LATITUDE":37.103111886000079,"LONGITUDE":-81.807995818999984,"LINES":1,"MAX_VOLT":69,"MIN_VOLT":69,"SOURCE":"IMAGERY","SOURCEDATE":1567036800000,"VAL_METHOD":"IMAGERY","VAL_DATE":1567036800000}},{"type":"Feature","geometry":{"type":"Point","coordinates":[-80.7562571180015,37.3714980760031]},"properties":{"ID":"167385","NAME":"TAP167385","CITY":"NARROWS","STATE":"VA","COUNTY":"GILES","TYPE":"TAP","STATUS":"IN SERVICE","LATITUDE":37.37149807600008,"LONGITUDE":-80.756257117999951,"LINES":3,"MAX_VOLT":138,"MIN_VOLT":138,"SOURCE":"IMAGERY","SOURCEDATE":1567036800000,"VAL_METHOD":"IMAGERY","VAL_DATE":1567036800000}},{"type":"Feature","geometry":{"type":"Point","coordinates":[-79.8881084260015,37.3713919260031]},"properties":{"ID":"167386","NAME":"DEADEND167386","CITY":"TROUTVILLE","STATE":"VA","COUNTY":"BOTETOURT","TYPE":"DEAD END","STATUS":"IN SERVICE","LATITUDE":37.371391926000058,"LONGITUDE":-79.888108425999974,"LINES":1,"MAX_VOLT":-999999,"MIN_VOLT":-999999,"SOURCE":"IMAGERY","SOURCEDATE":1567036800000,"VAL_METHOD":"IMAGERY","VAL_DATE":1567036800000}},{"type":"Feature","geometry":{"type":"Point","coordinates":[-79.4393840920014,36.5651065820032]},"properties":{"ID":"167387","NAME":"UNKNOWN167387","CITY":"DANVILLE","STATE":"VA","COUNTY":"DANVILLE","TYPE":"SUBSTATION","STATUS":"IN SERVICE","LATITUDE":36.565106582000055,"LONGITUDE":-79.439384091999955,"LINES":2,"MAX_VOLT":69,"MIN_VOLT":-999999,"SOURCE":"IMAGERY","SOURCEDATE":1567036800000,"VAL_METHOD":"IMAGERY","VAL_DATE":1567036800000}},{"type":"Feature","geometry":{"type":"Point","coordinates":[-79.4126805910014,36.5687364500032]},"properties":{"ID":"167388","NAME":"UNKNOWN167388","CITY":"DANVILLE","STATE":"VA","COUNTY":"DANVILLE","TYPE":"SUBSTATION","STATUS":"IN SERVICE","LATITUDE":36.568736450000074,"LONGITUDE":-79.412680590999969,"LINES":2,"MAX_VOLT":-999999,"MIN_VOLT":-999999,"SOURCE":"IMAGERY","SOURCEDATE":1567036800000,"VAL_METHOD":"IMAGERY","VAL_DATE":1567036800000}},{"type":"Feature","geometry":{"type":"Point","coordinates":[-79.3283266360015,36.5906633810032]},"properties":{"ID":"167389","NAME":"UNKNOWN167389","CITY":"RINGGOLD","STATE":"VA","COUNTY":"PITTSYLVANIA","TYPE":"SUBSTATION","STATUS":"IN SERVICE","LATITUDE":36.59066338100007,"LONGITUDE":-79.328326635999986,"LINES":1,"MAX_VOLT":-999999,"MIN_VOLT":-999999,"SOURCE":"IMAGERY","SOURCEDATE":1567036800000,"VAL_METHOD":"IMAGERY","VAL_DATE":1567036800000}},{"type":"Feature","geometry":{"type":"Point","coordinates":[-79.3280390000015,36.5873870000032]},"properties":{"ID":"167390","NAME":"TAP167390","CITY":"RINGGOLD","STATE":"VA","COUNTY":"PITTSYLVANIA","TYPE":"TAP","STATUS":"IN SERVICE","LATITUDE":36.587387000000035,"LONGITUDE":-79.32803899999999,"LINES":3,"MAX_VOLT":-999999,"MIN_VOLT":-999999,"SOURCE":"IMAGERY","SOURCEDATE":1567036800000,"VAL_METHOD":"IMAGERY","VAL_DATE":1567036800000}},{"type":"Feature","geometry":{"type":"Point","coordinates":[-79.3119726010015,36.5791991380032]},"properties":{"ID":"167391","NAME":"UNKNOWN167391","CITY":"DANVILLE","STATE":"VA","COUNTY":"DANVILLE","TYPE":"SUBSTATION","STATUS":"IN SERVICE","LATITUDE":36.579199138000035,"LONGITUDE":-79.311972600999979,"LINES":2,"MAX_VOLT":-999999,"MIN_VOLT":-999999,"SOURCE":"IMAGERY","SOURCEDATE":1567036800000,"VAL_METHOD":"IMAGERY","VAL_DATE":1567036800000}},{"type":"Feature","geometry":{"type":"Point","coordinates":[-79.3937900000014,36.5941490000032]},"properties":{"ID":"167392","NAME":"DEADEND167392","CITY":"DANVILLE","STATE":"VA","COUNTY":"DANVILLE","TYPE":"DEAD END","STATUS":"IN SERVICE","LATITUDE":36.594149000000073,"LONGITUDE":-79.393789999999967,"LINES":1,"MAX_VOLT":-999999,"MIN_VOLT":-999999,"SOURCE":"IMAGERY","SOURCEDATE":1567036800000,"VAL_METHOD":"IMAGERY","VAL_DATE":1567036800000}},{"type":"Feature","geometry":{"type":"Point","coordinates":[-79.3937776450014,36.5941741550032]},"properties":{"ID":"167393","NAME":"DEADEND167393","CITY":"DANVILLE","STATE":"VA","COUNTY":"DANVILLE","TYPE":"DEAD END","STATUS":"IN SERVICE","LATITUDE":36.594174155000076,"LONGITUDE":-79.393777644999943,"LINES":1,"MAX_VOLT":-999999,"MIN_VOLT":-999999,"SOURCE":"IMAGERY","SOURCEDATE":1567036800000,"VAL_METHOD":"IMAGERY","VAL_DATE":1567036800000}},{"type":"Feature","geometry":{"type":"Point","coordinates":[-79.3739026180015,36.5663177950032]},"properties":{"ID":"167394","NAME":"DEADEND167394","CITY":"DANVILLE","STATE":"VA","COUNTY":"DANVILLE","TYPE":"DEAD END","STATUS":"IN SERVICE","LATITUDE":36.566317795000032,"LONGITUDE":-79.373902617999988,"LINES":1,"MAX_VOLT":138,"MIN_VOLT":138,"SOURCE":"IMAGERY","SOURCEDATE":1567036800000,"VAL_METHOD":"IMAGERY","VAL_DATE":1567036800000}},{"type":"Feature","geometry":{"type":"Point","coordinates":[-79.3646974750014,36.5504246210032]},"properties":{"ID":"167395","NAME":"UNKNOWN167395","CITY":"DANVILLE","STATE":"VA","COUNTY":"DANVILLE","TYPE":"SUBSTATION","STATUS":"IN SERVICE","LATITUDE":36.550424621000047,"LONGITUDE":-79.364697474999957,"LINES":2,"MAX_VOLT":138,"MIN_VOLT":-999999,"SOURCE":"IMAGERY","SOURCEDATE":1567036800000,"VAL_METHOD":"IMAGERY","VAL_DATE":1567036800000}},{"type":"Feature","geometry":{"type":"Point","coordinates":[-79.3746172820015,36.5456496400032]},"properties":{"ID":"167396","NAME":"UNKNOWN167396","CITY":"DANVILLE","STATE":"VA","COUNTY":"DANVILLE","TYPE":"SUBSTATION","STATUS":"IN SERVICE","LATITUDE":36.545649640000079,"LONGITUDE":-79.374617281999974,"LINES":3,"MAX_VOLT":-999999,"MIN_VOLT":-999999,"SOURCE":"IMAGERY","SOURCEDATE":1567036800000,"VAL_METHOD":"IMAGERY","VAL_DATE":1567036800000}},{"type":"Feature","geometry":{"type":"Point","coordinates":[-79.3936040000015,36.5472250000031]},"properties":{"ID":"167397","NAME":"TAP167397","CITY":"DANVILLE","STATE":"VA","COUNTY":"DANVILLE","TYPE":"TAP","STATUS":"IN SERVICE","LATITUDE":36.547225000000026,"LONGITUDE":-79.393603999999982,"LINES":3,"MAX_VOLT":-999999,"MIN_VOLT":-999999,"SOURCE":"IMAGERY","SOURCEDATE":1567036800000,"VAL_METHOD":"IMAGERY","VAL_DATE":1567036800000}},{"type":"Feature","geometry":{"type":"Point","coordinates":[-79.3093749390014,38.0934007600032]},"properties":{"ID":"167398","NAME":"DEADEND167398","CITY":"CRAIGSVILLE","STATE":"VA","COUNTY":"AUGUSTA","TYPE":"DEAD END","STATUS":"IN SERVICE","LATITUDE":38.093400760000065,"LONGITUDE":-79.309374938999952,"LINES":1,"MAX_VOLT":-999999,"MIN_VOLT":-999999,"SOURCE":"IMAGERY","SOURCEDATE":1567036800000,"VAL_METHOD":"IMAGERY","VAL_DATE":1567036800000}},{"type":"Feature","geometry":{"type":"Point","coordinates":[-79.2844657440015,37.0925797120031]},"properties":{"ID":"167399","NAME":"DEADEND167399","CITY":"HURT","STATE":"VA","COUNTY":"PITTSYLVANIA","TYPE":"DEAD END","STATUS":"IN SERVICE","LATITUDE":37.092579712000031,"LONGITUDE":-79.284465743999988,"LINES":1,"MAX_VOLT":115,"MIN_VOLT":115,"SOURCE":"IMAGERY","SOURCEDATE":1567036800000,"VAL_METHOD":"IMAGERY","VAL_DATE":1567036800000}},{"type":"Feature","geometry":{"type":"Point","coordinates":[-78.1273799410013,37.6565073420032]},"properties":{"ID":"167400","NAME":"DEADEND167400","CITY":"CARTERSVILLE","STATE":"VA","COUNTY":"CUMBERLAND","TYPE":"DEAD END","STATUS":"IN SERVICE","LATITUDE":37.656507342000054,"LONGITUDE":-78.127379940999958,"LINES":1,"MAX_VOLT":115,"MIN_VOLT":115,"SOURCE":"IMAGERY","SOURCEDATE":1567036800000,"VAL_METHOD":"IMAGERY","VAL_DATE":1567036800000}},{"type":"Feature","geometry":{"type":"Point","coordinates":[-77.4312107540013,37.5248169100032]},"properties":{"ID":"167401","NAME":"DEADEND167401","CITY":"RICHMOND","STATE":"VA","COUNTY":"RICHMOND","TYPE":"DEAD END","STATUS":"IN SERVICE","LATITUDE":37.524816910000027,"LONGITUDE":-77.431210753999949,"LINES":1,"MAX_VOLT":-999999,"MIN_VOLT":-999999,"SOURCE":"IMAGERY","SOURCEDATE":1567036800000,"VAL_METHOD":"IMAGERY","VAL_DATE":1567036800000}},{"type":"Feature","geometry":{"type":"Point","coordinates":[-77.2706184950013,38.7142794250031]},"properties":{"ID":"167402","NAME":"DEADEND167402","CITY":"LORTON","STATE":"VA","COUNTY":"FAIRFAX","TYPE":"DEAD END","STATUS":"IN SERVICE","LATITUDE":38.714279425000029,"LONGITUDE":-77.270618494999951,"LINES":1,"MAX_VOLT":115,"MIN_VOLT":115,"SOURCE":"IMAGERY","SOURCEDATE":1567036800000,"VAL_METHOD":"IMAGERY","VAL_DATE":1567036800000}},{"type":"Feature","geometry":{"type":"Point","coordinates":[-77.0824610040013,38.7976008580032]},"properties":{"ID":"167403","NAME":"DEADEND167403","CITY":"ALEXANDRIA","STATE":"VA","COUNTY":"FAIRFAX","TYPE":"DEAD END","STATUS":"IN SERVICE","LATITUDE":38.797600858000067,"LONGITUDE":-77.082461003999981,"LINES":1,"MAX_VOLT":-999999,"MIN_VOLT":-999999,"SOURCE":"IMAGERY","SOURCEDATE":1567036800000,"VAL_METHOD":"IMAGERY","VAL_DATE":1567036800000}},{"type":"Feature","geometry":{"type":"Point","coordinates":[-77.0550735760013,38.7960541990032]},"properties":{"ID":"167404","NAME":"DEADEND167404","CITY":"ALEXANDRIA","STATE":"VA","COUNTY":"ALEXANDRIA","TYPE":"DEAD END","STATUS":"IN SERVICE","LATITUDE":38.796054199000025,"LONGITUDE":-77.055073575999984,"LINES":1,"MAX_VOLT":-999999,"MIN_VOLT":-999999,"SOURCE":"IMAGERY","SOURCEDATE":1567036800000,"VAL_METHOD":"IMAGERY","VAL_DATE":1567036800000}},{"type":"Feature","geometry":{"type":"Point","coordinates":[-76.6079561940012,37.2161462600033]},"properties":{"ID":"167405","NAME":"SKIFFES CREEK SWITCHING STATION","CITY":"WILLIAMSBURG","STATE":"VA","COUNTY":"JAMES CITY","TYPE":"SUBSTATION","STATUS":"IN SERVICE","LATITUDE":37.216146260000073,"LONGITUDE":-76.607956193999939,"LINES":11,"MAX_VOLT":500,"MIN_VOLT":115,"SOURCE":"IMAGERY, https://www.scc.virginia.gov/pur/maps/dvp_120029_overview.pdf","SOURCEDATE":1567468800000,"VAL_METHOD":"IMAGERY","VAL_DATE":1567468800000}},{"type":"Feature","geometry":{"type":"Point","coordinates":[-76.4644287960012,37.0933853410032]},"properties":{"ID":"167406","NAME":"UNKNOWN167406","CITY":"NEWPORT NEWS","STATE":"VA","COUNTY":"NEWPORT NEWS","TYPE":"SUBSTATION","STATUS":"IN SERVICE","LATITUDE":37.093385341000044,"LONGITUDE":-76.464428795999936,"LINES":3,"MAX_VOLT":230,"MIN_VOLT":230,"SOURCE":"IMAGERY","SOURCEDATE":1567468800000,"VAL_METHOD":"IMAGERY","VAL_DATE":1567468800000}},{"type":"Feature","geometry":{"type":"Point","coordinates":[-79.7702762600015,36.9958714650031]},"properties":{"ID":"171558","NAME":"UNKNOWN171558","CITY":"GLADE HILL","STATE":"VA","COUNTY":"FRANKLIN","TYPE":"SUBSTATION","STATUS":"IN SERVICE","LATITUDE":36.99587146500005,"LONGITUDE":-79.770276259999946,"LINES":1,"MAX_VOLT":-999999,"MIN_VOLT":-999999,"SOURCE":"IMAGERY","SOURCEDATE":1585699200000,"VAL_METHOD":"IMAGERY","VAL_DATE":1585699200000}},{"type":"Feature","geometry":{"type":"Point","coordinates":[-80.6173610000015,37.1333600000031]},"properties":{"ID":"171559","NAME":"TAP171559","CITY":"RADFORD","STATE":"VA","COUNTY":"PULASKI","TYPE":"TAP","STATUS":"IN SERVICE","LATITUDE":37.133360000000039,"LONGITUDE":-80.61736099999996,"LINES":3,"MAX_VOLT":-999999,"MIN_VOLT":-999999,"SOURCE":"IMAGERY","SOURCEDATE":1585699200000,"VAL_METHOD":"IMAGERY","VAL_DATE":1585699200000}},{"type":"Feature","geometry":{"type":"Point","coordinates":[-80.6052410000015,37.1494090000031]},"properties":{"ID":"171560","NAME":"DEADEND171560","CITY":"RADFORD","STATE":"VA","COUNTY":"PULASKI","TYPE":"DEAD END","STATUS":"IN SERVICE","LATITUDE":37.149409000000048,"LONGITUDE":-80.605240999999978,"LINES":1,"MAX_VOLT":-999999,"MIN_VOLT":-999999,"SOURCE":"IMAGERY","SOURCEDATE":1585699200000,"VAL_METHOD":"IMAGERY","VAL_DATE":1585699200000}},{"type":"Feature","geometry":{"type":"Point","coordinates":[-80.6135290000015,37.1292760000031]},"properties":{"ID":"171561","NAME":"TAP171561","CITY":"RADFORD","STATE":"VA","COUNTY":"PULASKI","TYPE":"TAP","STATUS":"IN SERVICE","LATITUDE":37.129276000000061,"LONGITUDE":-80.613528999999971,"LINES":3,"MAX_VOLT":-999999,"MIN_VOLT":-999999,"SOURCE":"IMAGERY","SOURCEDATE":1585699200000,"VAL_METHOD":"IMAGERY","VAL_DATE":1585699200000}},{"type":"Feature","geometry":{"type":"Point","coordinates":[-80.5809620000015,37.1181610000031]},"properties":{"ID":"171562","NAME":"TAP171562","CITY":"RADFORD","STATE":"VA","COUNTY":"RADFORD","TYPE":"TAP","STATUS":"IN SERVICE","LATITUDE":37.118161000000043,"LONGITUDE":-80.580961999999943,"LINES":1,"MAX_VOLT":-999999,"MIN_VOLT":-999999,"SOURCE":"IMAGERY","SOURCEDATE":1585699200000,"VAL_METHOD":"IMAGERY","VAL_DATE":1585699200000}},{"type":"Feature","geometry":{"type":"Point","coordinates":[-80.6044561990015,37.1610084760031]},"properties":{"ID":"171563","NAME":"UNKNOWN171563","CITY":"RADFORD","STATE":"VA","COUNTY":"PULASKI","TYPE":"SUBSTATION","STATUS":"IN SERVICE","LATITUDE":37.161008476000063,"LONGITUDE":-80.604456198999969,"LINES":2,"MAX_VOLT":-999999,"MIN_VOLT":-999999,"SOURCE":"IMAGERY","SOURCEDATE":1585699200000,"VAL_METHOD":"IMAGERY","VAL_DATE":1585699200000}},{"type":"Feature","geometry":{"type":"Point","coordinates":[-81.8745740000016,36.7674410000031]},"properties":{"ID":"171564","NAME":"TAP171564","CITY":"MEADOWVIEW","STATE":"VA","COUNTY":"WASHINGTON","TYPE":"TAP","STATUS":"IN SERVICE","LATITUDE":36.767441000000076,"LONGITUDE":-81.874573999999939,"LINES":3,"MAX_VOLT":-999999,"MIN_VOLT":-999999,"SOURCE":"IMAGERY","SOURCEDATE":1585699200000,"VAL_METHOD":"IMAGERY","VAL_DATE":1585699200000}},{"type":"Feature","geometry":{"type":"Point","coordinates":[-82.8708811080017,36.693350148003]},"properties":{"ID":"171565","NAME":"UNKNOWN171565","CITY":"BLACKWATER","STATE":"VA","COUNTY":"SCOTT","TYPE":"SUBSTATION","STATUS":"IN SERVICE","LATITUDE":36.693350148000036,"LONGITUDE":-82.870881107999935,"LINES":1,"MAX_VOLT":69,"MIN_VOLT":69,"SOURCE":"IMAGERY","SOURCEDATE":1585699200000,"VAL_METHOD":"IMAGERY","VAL_DATE":1585699200000}},{"type":"Feature","geometry":{"type":"Point","coordinates":[-82.3105503290016,37.044094199003]},"properties":{"ID":"171566","NAME":"TAP171566","CITY":"DANTE","STATE":"VA","COUNTY":"DICKENSON","TYPE":"TAP","STATUS":"IN SERVICE","LATITUDE":37.044094199000028,"LONGITUDE":-82.310550328999966,"LINES":3,"MAX_VOLT":-999999,"MIN_VOLT":-999999,"SOURCE":"IMAGERY","SOURCEDATE":1585699200000,"VAL_METHOD":"IMAGERY","VAL_DATE":1585699200000}},{"type":"Feature","geometry":{"type":"Point","coordinates":[-82.3419822170016,37.0241114910031]},"properties":{"ID":"171567","NAME":"UNKNOWN171567","CITY":"NORA","STATE":"VA","COUNTY":"DICKENSON","TYPE":"SUBSTATION","STATUS":"IN SERVICE","LATITUDE":37.024111491000042,"LONGITUDE":-82.341982216999952,"LINES":1,"MAX_VOLT":-999999,"MIN_VOLT":-999999,"SOURCE":"IMAGERY","SOURCEDATE":1585699200000,"VAL_METHOD":"IMAGERY","VAL_DATE":1585699200000}},{"type":"Feature","geometry":{"type":"Point","coordinates":[-82.7503577970016,36.997092563003]},"properties":{"ID":"171568","NAME":"UNKNOWN171568","CITY":"APPALACHIA","STATE":"VA","COUNTY":"WISE","TYPE":"SUBSTATION","STATUS":"IN SERVICE","LATITUDE":36.997092563000024,"LONGITUDE":-82.750357796999936,"LINES":1,"MAX_VOLT":-999999,"MIN_VOLT":-999999,"SOURCE":"IMAGERY","SOURCEDATE":1585699200000,"VAL_METHOD":"IMAGERY","VAL_DATE":1585699200000}},{"type":"Feature","geometry":{"type":"Point","coordinates":[-82.7316195420017,36.9683570020031]},"properties":{"ID":"171569","NAME":"UNKNOWN171569","CITY":"APPALACHIA","STATE":"VA","COUNTY":"WISE","TYPE":"SUBSTATION","STATUS":"IN SERVICE","LATITUDE":36.968357002000062,"LONGITUDE":-82.731619541999976,"LINES":2,"MAX_VOLT":69,"MIN_VOLT":-999999,"SOURCE":"IMAGERY","SOURCEDATE":1585699200000,"VAL_METHOD":"IMAGERY","VAL_DATE":1585699200000}},{"type":"Feature","geometry":{"type":"Point","coordinates":[-82.7308348220017,36.968371296003]},"properties":{"ID":"171570","NAME":"TAP171570","CITY":"APPALACHIA","STATE":"VA","COUNTY":"WISE","TYPE":"TAP","STATUS":"IN SERVICE","LATITUDE":36.968371296000043,"LONGITUDE":-82.730834821999963,"LINES":3,"MAX_VOLT":69,"MIN_VOLT":69,"SOURCE":"IMAGERY","SOURCEDATE":1585699200000,"VAL_METHOD":"IMAGERY","VAL_DATE":1585699200000}},{"type":"Feature","geometry":{"type":"Point","coordinates":[-79.6270200000014,38.0127150000031]},"properties":{"ID":"171571","NAME":"TAP171571","CITY":"MILLBORO","STATE":"VA","COUNTY":"BATH","TYPE":"TAP","STATUS":"IN SERVICE","LATITUDE":38.012715000000071,"LONGITUDE":-79.627019999999959,"LINES":3,"MAX_VOLT":-999999,"MIN_VOLT":-999999,"SOURCE":"IMAGERY","SOURCEDATE":1585699200000,"VAL_METHOD":"IMAGERY","VAL_DATE":1585699200000}},{"type":"Feature","geometry":{"type":"Point","coordinates":[-79.7841828640014,38.0494205950032]},"properties":{"ID":"171572","NAME":"UNKNOWN171572","CITY":"WARM SPRINGS","STATE":"VA","COUNTY":"BATH","TYPE":"SUBSTATION","STATUS":"IN SERVICE","LATITUDE":38.049420595000072,"LONGITUDE":-79.784182863999945,"LINES":2,"MAX_VOLT":-999999,"MIN_VOLT":-999999,"SOURCE":"IMAGERY","SOURCEDATE":1585699200000,"VAL_METHOD":"IMAGERY","VAL_DATE":1585699200000}},{"type":"Feature","geometry":{"type":"Point","coordinates":[-78.1325520000013,39.2239630000031]},"properties":{"ID":"171682","NAME":"RISER171682","CITY":"WINCHESTER","STATE":"VA","COUNTY":"FREDERICK","TYPE":"RISER","STATUS":"IN SERVICE","LATITUDE":39.223963000000026,"LONGITUDE":-78.132551999999976,"LINES":1,"MAX_VOLT":-999999,"MIN_VOLT":-999999,"SOURCE":"IMAGERY","SOURCEDATE":1585612800000,"VAL_METHOD":"IMAGERY","VAL_DATE":1585612800000}},{"type":"Feature","geometry":{"type":"Point","coordinates":[-78.1111860000013,39.2594950000032]},"properties":{"ID":"171683","NAME":"TAP171683","CITY":"CLEAR BROOK","STATE":"VA","COUNTY":"FREDERICK","TYPE":"TAP","STATUS":"IN SERVICE","LATITUDE":39.259495000000072,"LONGITUDE":-78.111185999999975,"LINES":2,"MAX_VOLT":-999999,"MIN_VOLT":-999999,"SOURCE":"IMAGERY","SOURCEDATE":1585612800000,"VAL_METHOD":"IMAGERY","VAL_DATE":1585612800000}},{"type":"Feature","geometry":{"type":"Point","coordinates":[-78.0973341590013,39.2564081040031]},"properties":{"ID":"171684","NAME":"UNKNOWN171684","CITY":"CLEAR BROOK","STATE":"VA","COUNTY":"FREDERICK","TYPE":"SUBSTATION","STATUS":"IN SERVICE","LATITUDE":39.256408104000059,"LONGITUDE":-78.097334158999956,"LINES":1,"MAX_VOLT":-999999,"MIN_VOLT":-999999,"SOURCE":"IMAGERY","SOURCEDATE":1585612800000,"VAL_METHOD":"IMAGERY","VAL_DATE":1585612800000}},{"type":"Feature","geometry":{"type":"Point","coordinates":[-77.8421345100013,38.7123523530032]},"properties":{"ID":"171685","NAME":"UNKNOWN171685","CITY":"WARRENTON","STATE":"VA","COUNTY":"FAUQUIER","TYPE":"SUBSTATION","STATUS":"IN SERVICE","LATITUDE":38.712352353000028,"LONGITUDE":-77.842134509999937,"LINES":1,"MAX_VOLT":-999999,"MIN_VOLT":-999999,"SOURCE":"IMAGERY","SOURCEDATE":1585612800000,"VAL_METHOD":"IMAGERY","VAL_DATE":1585612800000}},{"type":"Feature","geometry":{"type":"Point","coordinates":[-78.1804820000013,38.9057430000031]},"properties":{"ID":"171686","NAME":"TAP171686","CITY":"FRONT ROYAL","STATE":"VA","COUNTY":"WARREN","TYPE":"TAP","STATUS":"IN SERVICE","LATITUDE":38.905743000000029,"LONGITUDE":-78.180481999999984,"LINES":3,"MAX_VOLT":-999999,"MIN_VOLT":-999999,"SOURCE":"IMAGERY","SOURCEDATE":1585612800000,"VAL_METHOD":"IMAGERY","VAL_DATE":1585612800000}},{"type":"Feature","geometry":{"type":"Point","coordinates":[-78.5057518470013,37.7164692020032]},"properties":{"ID":"171687","NAME":"UNKNOWN171687","CITY":"SCOTTSVILLE","STATE":"VA","COUNTY":"BUCKINGHAM","TYPE":"SUBSTATION","STATUS":"IN SERVICE","LATITUDE":37.716469202000042,"LONGITUDE":-78.505751846999942,"LINES":2,"MAX_VOLT":138,"MIN_VOLT":-999999,"SOURCE":"IMAGERY","SOURCEDATE":1585612800000,"VAL_METHOD":"IMAGERY","VAL_DATE":1585612800000}},{"type":"Feature","geometry":{"type":"Point","coordinates":[-79.0001497870014,37.3415464340032]},"properties":{"ID":"171688","NAME":"TAP171688","CITY":"CONCORD","STATE":"VA","COUNTY":"CAMPBELL","TYPE":"TAP","STATUS":"IN SERVICE","LATITUDE":37.341546434000065,"LONGITUDE":-79.000149786999941,"LINES":3,"MAX_VOLT":-999999,"MIN_VOLT":-999999,"SOURCE":"IMAGERY","SOURCEDATE":1585612800000,"VAL_METHOD":"IMAGERY","VAL_DATE":1585612800000}},{"type":"Feature","geometry":{"type":"Point","coordinates":[-78.9262397320014,37.4302686080032]},"properties":{"ID":"171689","NAME":"UNKNOWN171689","CITY":"APPOMATTOX","STATE":"VA","COUNTY":"APPOMATTOX","TYPE":"SUBSTATION","STATUS":"IN SERVICE","LATITUDE":37.430268608000063,"LONGITUDE":-78.926239731999942,"LINES":1,"MAX_VOLT":-999999,"MIN_VOLT":-999999,"SOURCE":"IMAGERY","SOURCEDATE":1585612800000,"VAL_METHOD":"IMAGERY","VAL_DATE":1585612800000}},{"type":"Feature","geometry":{"type":"Point","coordinates":[-79.1257080000014,37.3857830000032]},"properties":{"ID":"171690","NAME":"TAP171690","CITY":"LYNCHBURG","STATE":"VA","COUNTY":"LYNCHBURG","TYPE":"TAP","STATUS":"IN SERVICE","LATITUDE":37.38578300000006,"LONGITUDE":-79.125707999999975,"LINES":3,"MAX_VOLT":-999999,"MIN_VOLT":-999999,"SOURCE":"IMAGERY","SOURCEDATE":1585612800000,"VAL_METHOD":"IMAGERY","VAL_DATE":1585612800000}},{"type":"Feature","geometry":{"type":"Point","coordinates":[-79.1492400000014,37.3936680000032]},"properties":{"ID":"171691","NAME":"TAP171691","CITY":"LYNCHBURG","STATE":"VA","COUNTY":"LYNCHBURG","TYPE":"TAP","STATUS":"IN SERVICE","LATITUDE":37.393668000000048,"LONGITUDE":-79.149239999999963,"LINES":3,"MAX_VOLT":-999999,"MIN_VOLT":-999999,"SOURCE":"IMAGERY","SOURCEDATE":1585612800000,"VAL_METHOD":"IMAGERY","VAL_DATE":1585612800000}},{"type":"Feature","geometry":{"type":"Point","coordinates":[-79.1554734360014,37.3873312340032]},"properties":{"ID":"171692","NAME":"UNKNOWN171692","CITY":"LYNCHBURG","STATE":"VA","COUNTY":"LYNCHBURG","TYPE":"SUBSTATION","STATUS":"IN SERVICE","LATITUDE":37.387331234000044,"LONGITUDE":-79.155473435999966,"LINES":2,"MAX_VOLT":-999999,"MIN_VOLT":-999999,"SOURCE":"IMAGERY","SOURCEDATE":1585612800000,"VAL_METHOD":"IMAGERY","VAL_DATE":1585612800000}},{"type":"Feature","geometry":{"type":"Point","coordinates":[-79.1492414220014,37.3802481740031]},"properties":{"ID":"171693","NAME":"TAP171693","CITY":"LYNCHBURG","STATE":"VA","COUNTY":"LYNCHBURG","TYPE":"TAP","STATUS":"IN SERVICE","LATITUDE":37.38024817400003,"LONGITUDE":-79.149241421999989,"LINES":3,"MAX_VOLT":-999999,"MIN_VOLT":-999999,"SOURCE":"IMAGERY","SOURCEDATE":1585612800000,"VAL_METHOD":"IMAGERY","VAL_DATE":1585612800000}},{"type":"Feature","geometry":{"type":"Point","coordinates":[-79.1644203010014,37.4092664940032]},"properties":{"ID":"171694","NAME":"DEARINGTON","CITY":"LYNCHBURG","STATE":"VA","COUNTY":"LYNCHBURG","TYPE":"SUBSTATION","STATUS":"IN SERVICE","LATITUDE":37.409266494000065,"LONGITUDE":-79.16442030099995,"LINES":1,"MAX_VOLT":-999999,"MIN_VOLT":-999999,"SOURCE":"IMAGERY","SOURCEDATE":1585612800000,"VAL_METHOD":"IMAGERY","VAL_DATE":1585612800000}},{"type":"Feature","geometry":{"type":"Point","coordinates":[-79.2162473420014,37.3073232460032]},"properties":{"ID":"171695","NAME":"UNKNOWN171695","CITY":"LYNCHBURG","STATE":"VA","COUNTY":"CAMPBELL","TYPE":"SUBSTATION","STATUS":"IN SERVICE","LATITUDE":37.307323246000067,"LONGITUDE":-79.216247341999974,"LINES":1,"MAX_VOLT":-999999,"MIN_VOLT":-999999,"SOURCE":"IMAGERY","SOURCEDATE":1585612800000,"VAL_METHOD":"IMAGERY","VAL_DATE":1585612800000}},{"type":"Feature","geometry":{"type":"Point","coordinates":[-76.3677099480012,36.8076340550033]},"properties":{"ID":"171696","NAME":"UNKNOWN171696","CITY":"PORTSMOUTH","STATE":"VA","COUNTY":"PORTSMOUTH","TYPE":"SUBSTATION","STATUS":"IN SERVICE","LATITUDE":36.807634055000051,"LONGITUDE":-76.36770994799997,"LINES":1,"MAX_VOLT":-999999,"MIN_VOLT":-999999,"SOURCE":"IMAGERY","SOURCEDATE":1585612800000,"VAL_METHOD":"IMAGERY","VAL_DATE":1585612800000}},{"type":"Feature","geometry":{"type":"Point","coordinates":[-77.5053417560013,36.7371684530032]},"properties":{"ID":"171697","NAME":"UNKNOWN171697","CITY":"EMPORIA","STATE":"VA","COUNTY":"GREENSVILLE","TYPE":"SUBSTATION","STATUS":"IN SERVICE","LATITUDE":36.737168453000038,"LONGITUDE":-77.50534175599995,"LINES":1,"MAX_VOLT":-999999,"MIN_VOLT":-999999,"SOURCE":"IMAGERY","SOURCEDATE":1585612800000,"VAL_METHOD":"IMAGERY","VAL_DATE":1585612800000}},{"type":"Feature","geometry":{"type":"Point","coordinates":[-78.7352051020014,36.7381686960032]},"properties":{"ID":"171698","NAME":"UNKNOWN171698","CITY":"SCOTTSBURG","STATE":"VA","COUNTY":"HALIFAX","TYPE":"SUBSTATION","STATUS":"IN SERVICE","LATITUDE":36.738168696000059,"LONGITUDE":-78.735205101999952,"LINES":1,"MAX_VOLT":-999999,"MIN_VOLT":-999999,"SOURCE":"IMAGERY","SOURCEDATE":1585612800000,"VAL_METHOD":"IMAGERY","VAL_DATE":1585612800000}},{"type":"Feature","geometry":{"type":"Point","coordinates":[-78.7339640000014,36.8191060000032]},"properties":{"ID":"171699","NAME":"RISER171699","CITY":"CLOVER","STATE":"VA","COUNTY":"HALIFAX","TYPE":"RISER","STATUS":"IN SERVICE","LATITUDE":36.819106000000033,"LONGITUDE":-78.733963999999958,"LINES":1,"MAX_VOLT":-999999,"MIN_VOLT":-999999,"SOURCE":"IMAGERY","SOURCEDATE":1585612800000,"VAL_METHOD":"IMAGERY","VAL_DATE":1585612800000}},{"type":"Feature","geometry":{"type":"Point","coordinates":[-79.1016390160014,36.9286373200032]},"properties":{"ID":"171700","NAME":"UNKNOWN171700","CITY":"NATHALIE","STATE":"VA","COUNTY":"HALIFAX","TYPE":"SUBSTATION","STATUS":"IN SERVICE","LATITUDE":36.928637320000064,"LONGITUDE":-79.101639015999979,"LINES":1,"MAX_VOLT":115,"MIN_VOLT":115,"SOURCE":"IMAGERY","SOURCEDATE":1585612800000,"VAL_METHOD":"IMAGERY","VAL_DATE":1585612800000}},{"type":"Feature","geometry":{"type":"Point","coordinates":[-79.0071843950014,37.0167032080031]},"properties":{"ID":"171701","NAME":"TAP171701","CITY":"NATHALIE","STATE":"VA","COUNTY":"HALIFAX","TYPE":"TAP","STATUS":"IN SERVICE","LATITUDE":37.016703208000024,"LONGITUDE":-79.007184394999967,"LINES":3,"MAX_VOLT":115,"MIN_VOLT":115,"SOURCE":"IMAGERY","SOURCEDATE":1585612800000,"VAL_METHOD":"IMAGERY","VAL_DATE":1585612800000}},{"type":"Feature","geometry":{"type":"Point","coordinates":[-80.0474144170015,37.3014439480031]},"properties":{"ID":"171702","NAME":"UNKNOWN171702","CITY":"SALEM","STATE":"VA","COUNTY":"SALEM","TYPE":"SUBSTATION","STATUS":"IN SERVICE","LATITUDE":37.301443948000042,"LONGITUDE":-80.04741441699997,"LINES":2,"MAX_VOLT":-999999,"MIN_VOLT":-999999,"SOURCE":"IMAGERY","SOURCEDATE":1585612800000,"VAL_METHOD":"IMAGERY","VAL_DATE":1585612800000}},{"type":"Feature","geometry":{"type":"Point","coordinates":[-80.0433201580015,37.2940438250031]},"properties":{"ID":"171703","NAME":"UNKNOWN171703","CITY":"SALEM","STATE":"VA","COUNTY":"SALEM","TYPE":"SUBSTATION","STATUS":"IN SERVICE","LATITUDE":37.294043825000074,"LONGITUDE":-80.043320157999972,"LINES":4,"MAX_VOLT":-999999,"MIN_VOLT":-999999,"SOURCE":"IMAGERY","SOURCEDATE":1585612800000,"VAL_METHOD":"IMAGERY","VAL_DATE":1585612800000}},{"type":"Feature","geometry":{"type":"Point","coordinates":[-79.9292207930015,37.2731954450032]},"properties":{"ID":"171704","NAME":"UNKNOWN171704","CITY":"ROANOKE","STATE":"VA","COUNTY":"ROANOKE","TYPE":"SUBSTATION","STATUS":"IN SERVICE","LATITUDE":37.273195445000056,"LONGITUDE":-79.929220792999956,"LINES":2,"MAX_VOLT":138,"MIN_VOLT":138,"SOURCE":"IMAGERY","SOURCEDATE":1585612800000,"VAL_METHOD":"IMAGERY","VAL_DATE":1585612800000}},{"type":"Feature","geometry":{"type":"Point","coordinates":[-79.5581403260014,36.6671668230032]},"properties":{"ID":"171705","NAME":"UNKNOWN171705","CITY":"DANVILLE","STATE":"VA","COUNTY":"PITTSYLVANIA","TYPE":"SUBSTATION","STATUS":"IN SERVICE","LATITUDE":36.667166823000059,"LONGITUDE":-79.558140325999943,"LINES":2,"MAX_VOLT":-999999,"MIN_VOLT":-999999,"SOURCE":"IMAGERY","SOURCEDATE":1585612800000,"VAL_METHOD":"IMAGERY","VAL_DATE":1585612800000}},{"type":"Feature","geometry":{"type":"Point","coordinates":[-79.5148006250015,36.7217956780031]},"properties":{"ID":"171706","NAME":"UNKNOWN171706","CITY":"DRY FORK","STATE":"VA","COUNTY":"PITTSYLVANIA","TYPE":"SUBSTATION","STATUS":"IN SERVICE","LATITUDE":36.721795678000035,"LONGITUDE":-79.514800624999964,"LINES":2,"MAX_VOLT":-999999,"MIN_VOLT":-999999,"SOURCE":"IMAGERY","SOURCEDATE":1585612800000,"VAL_METHOD":"IMAGERY","VAL_DATE":1585612800000}},{"type":"Feature","geometry":{"type":"Point","coordinates":[-79.4134192730015,36.6025931930032]},"properties":{"ID":"171707","NAME":"DEADEND171707","CITY":"DANVILLE","STATE":"VA","COUNTY":"DANVILLE","TYPE":"DEAD END","STATUS":"IN SERVICE","LATITUDE":36.602593193000075,"LONGITUDE":-79.413419272999988,"LINES":1,"MAX_VOLT":69,"MIN_VOLT":69,"SOURCE":"IMAGERY","SOURCEDATE":1585612800000,"VAL_METHOD":"IMAGERY","VAL_DATE":1585612800000}},{"type":"Feature","geometry":{"type":"Point","coordinates":[-79.4060510000014,36.6186460000032]},"properties":{"ID":"171708","NAME":"TAP171708","CITY":"DANVILLE","STATE":"VA","COUNTY":"DANVILLE","TYPE":"TAP","STATUS":"IN SERVICE","LATITUDE":36.618646000000069,"LONGITUDE":-79.406050999999934,"LINES":3,"MAX_VOLT":69,"MIN_VOLT":69,"SOURCE":"IMAGERY","SOURCEDATE":1585612800000,"VAL_METHOD":"IMAGERY","VAL_DATE":1585612800000}},{"type":"Feature","geometry":{"type":"Point","coordinates":[-79.3980904750014,36.6119375470032]},"properties":{"ID":"171709","NAME":"TAP171709","CITY":"DANVILLE","STATE":"VA","COUNTY":"DANVILLE","TYPE":"TAP","STATUS":"IN SERVICE","LATITUDE":36.611937547000025,"LONGITUDE":-79.398090474999947,"LINES":3,"MAX_VOLT":69,"MIN_VOLT":69,"SOURCE":"IMAGERY","SOURCEDATE":1585612800000,"VAL_METHOD":"IMAGERY","VAL_DATE":1585612800000}},{"type":"Feature","geometry":{"type":"Point","coordinates":[-79.3528343290014,36.5443849490032]},"properties":{"ID":"171710","NAME":"UNKNOWN171710","CITY":"DANVILLE","STATE":"VA","COUNTY":"DANVILLE","TYPE":"SUBSTATION","STATUS":"IN SERVICE","LATITUDE":36.544384949000062,"LONGITUDE":-79.352834328999961,"LINES":2,"MAX_VOLT":-999999,"MIN_VOLT":-999999,"SOURCE":"IMAGERY","SOURCEDATE":1585612800000,"VAL_METHOD":"IMAGERY","VAL_DATE":1585612800000}},{"type":"Feature","geometry":{"type":"Point","coordinates":[-79.3732534240015,36.5681808390032]},"properties":{"ID":"171711","NAME":"TAP171711","CITY":"DANVILLE","STATE":"VA","COUNTY":"DANVILLE","TYPE":"TAP","STATUS":"IN SERVICE","LATITUDE":36.568180839000036,"LONGITUDE":-79.373253423999984,"LINES":3,"MAX_VOLT":-999999,"MIN_VOLT":-999999,"SOURCE":"IMAGERY","SOURCEDATE":1585612800000,"VAL_METHOD":"IMAGERY","VAL_DATE":1585612800000}},{"type":"Feature","geometry":{"type":"Point","coordinates":[-76.3941600000012,37.6671900000033]},"properties":{"ID":"172505","NAME":"UNKNOWN172505","CITY":"WHITE STONE","STATE":"VA","COUNTY":"LANCASTER","TYPE":"SUBSTATION","STATUS":"NOT AVAILABLE","LATITUDE":37.667190000000062,"LONGITUDE":-76.394159999999943,"LINES":2,"MAX_VOLT":115,"MIN_VOLT":115,"SOURCE":"IMAGERY","SOURCEDATE":1586736000000,"VAL_METHOD":"IMAGERY","VAL_DATE":1586736000000}},{"type":"Feature","geometry":{"type":"Point","coordinates":[-78.1854720000013,38.9272180000032]},"properties":{"ID":"172506","NAME":"UNKNOWN172506","CITY":"FRONT ROYAL","STATE":"VA","COUNTY":"WARREN","TYPE":"SUBSTATION","STATUS":"NOT AVAILABLE","LATITUDE":38.927218000000039,"LONGITUDE":-78.185471999999947,"LINES":1,"MAX_VOLT":-999999,"MIN_VOLT":-999999,"SOURCE":"IMAGERY","SOURCEDATE":1586736000000,"VAL_METHOD":"IMAGERY","VAL_DATE":1586736000000}},{"type":"Feature","geometry":{"type":"Point","coordinates":[-78.1854720000013,38.9268850000031]},"properties":{"ID":"172507","NAME":"UNKNOWN172507","CITY":"FRONT ROYAL","STATE":"VA","COUNTY":"WARREN","TYPE":"SUBSTATION","STATUS":"NOT AVAILABLE","LATITUDE":38.926885000000027,"LONGITUDE":-78.185471999999947,"LINES":3,"MAX_VOLT":-999999,"MIN_VOLT":-999999,"SOURCE":"IMAGERY","SOURCEDATE":1586736000000,"VAL_METHOD":"IMAGERY","VAL_DATE":1586736000000}},{"type":"Feature","geometry":{"type":"Point","coordinates":[-78.4911080000013,38.0583860000031]},"properties":{"ID":"172570","NAME":"UNKNOWN172570","CITY":"CHARLOTTESVILLE","STATE":"VA","COUNTY":"CHARLOTTESVILLE","TYPE":"SUBSTATION","STATUS":"NOT AVAILABLE","LATITUDE":38.058386000000041,"LONGITUDE":-78.49110799999994,"LINES":2,"MAX_VOLT":230,"MIN_VOLT":230,"SOURCE":"IMAGERY","SOURCEDATE":1586736000000,"VAL_METHOD":"IMAGERY","VAL_DATE":1586736000000}},{"type":"Feature","geometry":{"type":"Point","coordinates":[-77.5302100000013,36.6947380000032]},"properties":{"ID":"172571","NAME":"UNKNOWN172571","CITY":"EMPORIA","STATE":"VA","COUNTY":"EMPORIA","TYPE":"SUBSTATION","STATUS":"NOT AVAILABLE","LATITUDE":36.694738000000029,"LONGITUDE":-77.530209999999954,"LINES":1,"MAX_VOLT":115,"MIN_VOLT":115,"SOURCE":"IMAGERY","SOURCEDATE":1586736000000,"VAL_METHOD":"IMAGERY","VAL_DATE":1586736000000}},{"type":"Feature","geometry":{"type":"Point","coordinates":[-77.5302627270013,36.6951987690033]},"properties":{"ID":"172572","NAME":"TAP172572","CITY":"EMPORIA","STATE":"VA","COUNTY":"EMPORIA","TYPE":"TAP","STATUS":"NOT AVAILABLE","LATITUDE":36.695198769000058,"LONGITUDE":-77.530262726999979,"LINES":3,"MAX_VOLT":115,"MIN_VOLT":115,"SOURCE":"IMAGERY","SOURCEDATE":1586736000000,"VAL_METHOD":"IMAGERY","VAL_DATE":1586736000000}},{"type":"Feature","geometry":{"type":"Point","coordinates":[-75.9160070000012,37.3657160000033]},"properties":{"ID":"172573","NAME":"CHERRYDALE SOLAR POWER FACILITY","CITY":"CAPE CHARLES","STATE":"VA","COUNTY":"NORTHAMPTON","TYPE":"SUBSTATION","STATUS":"NOT AVAILABLE","LATITUDE":37.365716000000077,"LONGITUDE":-75.916006999999979,"LINES":2,"MAX_VOLT":69,"MIN_VOLT":69,"SOURCE":"IMAGERY, EIA 860","SOURCEDATE":1586736000000,"VAL_METHOD":"IMAGERY","VAL_DATE":1622505600000}},{"type":"Feature","geometry":{"type":"Point","coordinates":[-76.3054411350012,36.7665336950033]},"properties":{"ID":"172590","NAME":"DEADEND172590","CITY":"CHESAPEAKE","STATE":"VA","COUNTY":"CHESAPEAKE","TYPE":"DEAD END","STATUS":"NOT AVAILABLE","LATITUDE":36.766533695000078,"LONGITUDE":-76.305441134999967,"LINES":1,"MAX_VOLT":115,"MIN_VOLT":115,"SOURCE":"IMAGERY","SOURCEDATE":1586736000000,"VAL_METHOD":"IMAGERY","VAL_DATE":1586736000000}},{"type":"Feature","geometry":{"type":"Point","coordinates":[-76.4222670060012,37.1120780940032]},"properties":{"ID":"172591","NAME":"DEADEND172591","CITY":"YORKTOWN","STATE":"VA","COUNTY":"YORK","TYPE":"DEAD END","STATUS":"NOT AVAILABLE","LATITUDE":37.112078094000026,"LONGITUDE":-76.42226700599997,"LINES":1,"MAX_VOLT":-999999,"MIN_VOLT":-999999,"SOURCE":"IMAGERY","SOURCEDATE":1586736000000,"VAL_METHOD":"IMAGERY","VAL_DATE":1586736000000}},{"type":"Feature","geometry":{"type":"Point","coordinates":[-77.2827845950013,37.2871636650032]},"properties":{"ID":"172592","NAME":"DEADEND172592","CITY":"HOPEWELL","STATE":"VA","COUNTY":"HOPEWELL","TYPE":"DEAD END","STATUS":"NOT AVAILABLE","LATITUDE":37.287163665000037,"LONGITUDE":-77.282784594999953,"LINES":1,"MAX_VOLT":115,"MIN_VOLT":115,"SOURCE":"IMAGERY","SOURCEDATE":1586736000000,"VAL_METHOD":"IMAGERY","VAL_DATE":1586736000000}},{"type":"Feature","geometry":{"type":"Point","coordinates":[-80.7854750150016,37.2935032310031]},"properties":{"ID":"172593","NAME":"DEADEND172593","CITY":"PEARISBURG","STATE":"VA","COUNTY":"GILES","TYPE":"DEAD END","STATUS":"NOT AVAILABLE","LATITUDE":37.293503231000045,"LONGITUDE":-80.785475014999975,"LINES":1,"MAX_VOLT":138,"MIN_VOLT":138,"SOURCE":"IMAGERY","SOURCEDATE":1586736000000,"VAL_METHOD":"IMAGERY","VAL_DATE":1586736000000}},{"type":"Feature","geometry":{"type":"Point","coordinates":[-77.3771432680012,37.3891618680032]},"properties":{"ID":"172594","NAME":"DEADEND172594","CITY":"HENRICO","STATE":"VA","COUNTY":"HENRICO","TYPE":"DEAD END","STATUS":"NOT AVAILABLE","LATITUDE":37.389161868000031,"LONGITUDE":-77.377143267999941,"LINES":1,"MAX_VOLT":115,"MIN_VOLT":115,"SOURCE":"IMAGERY","SOURCEDATE":1586736000000,"VAL_METHOD":"IMAGERY","VAL_DATE":1586736000000}},{"type":"Feature","geometry":{"type":"Point","coordinates":[-77.0453810000012,38.8481600000032]},"properties":{"ID":"172762","NAME":"UNKNOWN172762","CITY":"ARLINGTON","STATE":"VA","COUNTY":"ARLINGTON","TYPE":"SUBSTATION","STATUS":"IN SERVICE","LATITUDE":38.848160000000064,"LONGITUDE":-77.045380999999963,"LINES":-999999,"MAX_VOLT":-999999,"MIN_VOLT":-999999,"SOURCE":"IMAGERY","SOURCEDATE":1586736000000,"VAL_METHOD":"IMAGERY","VAL_DATE":1586736000000}},{"type":"Feature","geometry":{"type":"Point","coordinates":[-77.7929220000013,38.7054340000031]},"properties":{"ID":"172763","NAME":"UNKNOWN172763","CITY":"WARRENTON","STATE":"VA","COUNTY":"FAUQUIER","TYPE":"SUBSTATION","STATUS":"IN SERVICE","LATITUDE":38.705434000000025,"LONGITUDE":-77.792921999999976,"LINES":-999999,"MAX_VOLT":-999999,"MIN_VOLT":-999999,"SOURCE":"IMAGERY","SOURCEDATE":1586736000000,"VAL_METHOD":"IMAGERY","VAL_DATE":1586736000000}},{"type":"Feature","geometry":{"type":"Point","coordinates":[-77.8369780000013,38.7392010000031]},"properties":{"ID":"172764","NAME":"UNKNOWN172764","CITY":"WARRENTON","STATE":"VA","COUNTY":"FAUQUIER","TYPE":"SUBSTATION","STATUS":"IN SERVICE","LATITUDE":38.739201000000037,"LONGITUDE":-77.836977999999988,"LINES":-999999,"MAX_VOLT":-999999,"MIN_VOLT":-999999,"SOURCE":"IMAGERY","SOURCEDATE":1586736000000,"VAL_METHOD":"IMAGERY","VAL_DATE":1586736000000}},{"type":"Feature","geometry":{"type":"Point","coordinates":[-78.1554400000013,39.1979000000031]},"properties":{"ID":"172765","NAME":"UNKNOWN172765","CITY":"WINCHESTER","STATE":"VA","COUNTY":"FREDERICK","TYPE":"SUBSTATION","STATUS":"IN SERVICE","LATITUDE":39.197900000000061,"LONGITUDE":-78.155439999999942,"LINES":-999999,"MAX_VOLT":-999999,"MIN_VOLT":-999999,"SOURCE":"IMAGERY","SOURCEDATE":1586736000000,"VAL_METHOD":"IMAGERY","VAL_DATE":1586736000000}},{"type":"Feature","geometry":{"type":"Point","coordinates":[-76.6564190000012,37.2378110000032]},"properties":{"ID":"172766","NAME":"UNKNOWN172766","CITY":"WILLIAMSBURG","STATE":"VA","COUNTY":"JAMES CITY","TYPE":"SUBSTATION","STATUS":"IN SERVICE","LATITUDE":37.237811000000079,"LONGITUDE":-76.656418999999971,"LINES":-999999,"MAX_VOLT":-999999,"MIN_VOLT":-999999,"SOURCE":"IMAGERY","SOURCEDATE":1586736000000,"VAL_METHOD":"IMAGERY","VAL_DATE":1586736000000}},{"type":"Feature","geometry":{"type":"Point","coordinates":[-77.0493120000013,38.3438260000032]},"properties":{"ID":"172767","NAME":"UNKNOWN172767","CITY":"KING GEORGE","STATE":"VA","COUNTY":"KING GEORGE","TYPE":"SUBSTATION","STATUS":"IN SERVICE","LATITUDE":38.343826000000035,"LONGITUDE":-77.049311999999986,"LINES":-999999,"MAX_VOLT":-999999,"MIN_VOLT":-999999,"SOURCE":"IMAGERY","SOURCEDATE":1586736000000,"VAL_METHOD":"IMAGERY","VAL_DATE":1586736000000}},{"type":"Feature","geometry":{"type":"Point","coordinates":[-76.4808310000012,37.0944320000032]},"properties":{"ID":"172768","NAME":"UNKNOWN172768","CITY":"NEWPORT NEWS","STATE":"VA","COUNTY":"NEWPORT NEWS","TYPE":"SUBSTATION","STATUS":"IN SERVICE","LATITUDE":37.09443200000004,"LONGITUDE":-76.480830999999966,"LINES":-999999,"MAX_VOLT":-999999,"MIN_VOLT":-999999,"SOURCE":"IMAGERY","SOURCEDATE":1586736000000,"VAL_METHOD":"IMAGERY","VAL_DATE":1586736000000}},{"type":"Feature","geometry":{"type":"Point","coordinates":[-78.5282040000014,38.5814080000032]},"properties":{"ID":"172769","NAME":"UNKNOWN172769","CITY":"STANLEY","STATE":"VA","COUNTY":"PAGE","TYPE":"SUBSTATION","STATUS":"IN SERVICE","LATITUDE":38.581408000000067,"LONGITUDE":-78.52820399999996,"LINES":2,"MAX_VOLT":-999999,"MIN_VOLT":-999999,"SOURCE":"IMAGERY","SOURCEDATE":1586736000000,"VAL_METHOD":"IMAGERY","VAL_DATE":1586736000000}},{"type":"Feature","geometry":{"type":"Point","coordinates":[-78.6183910000014,38.7705760000032]},"properties":{"ID":"172770","NAME":"UNKNOWN172770","CITY":"MOUNT JACKSON","STATE":"VA","COUNTY":"SHENANDOAH","TYPE":"SUBSTATION","STATUS":"IN SERVICE","LATITUDE":38.770576000000062,"LONGITUDE":-78.618390999999974,"LINES":-999999,"MAX_VOLT":-999999,"MIN_VOLT":-999999,"SOURCE":"IMAGERY","SOURCEDATE":1586736000000,"VAL_METHOD":"IMAGERY","VAL_DATE":1586736000000}},{"type":"Feature","geometry":{"type":"Point","coordinates":[-78.1513650000013,38.9389620000032]},"properties":{"ID":"172771","NAME":"UNKNOWN172771","CITY":"FRONT ROYAL","STATE":"VA","COUNTY":"WARREN","TYPE":"SUBSTATION","STATUS":"IN SERVICE","LATITUDE":38.93896200000006,"LONGITUDE":-78.151364999999942,"LINES":-999999,"MAX_VOLT":-999999,"MIN_VOLT":-999999,"SOURCE":"IMAGERY","SOURCEDATE":1586736000000,"VAL_METHOD":"IMAGERY","VAL_DATE":1586736000000}},{"type":"Feature","geometry":{"type":"Point","coordinates":[-78.1735800000013,38.9820250000032]},"properties":{"ID":"172772","NAME":"UNKNOWN172772","CITY":"FRONT ROYAL","STATE":"VA","COUNTY":"WARREN","TYPE":"SUBSTATION","STATUS":"IN SERVICE","LATITUDE":38.982025000000078,"LONGITUDE":-78.173579999999959,"LINES":-999999,"MAX_VOLT":-999999,"MIN_VOLT":-999999,"SOURCE":"IMAGERY","SOURCEDATE":1586736000000,"VAL_METHOD":"IMAGERY","VAL_DATE":1586736000000}},{"type":"Feature","geometry":{"type":"Point","coordinates":[-78.1665260000013,38.9875260000032]},"properties":{"ID":"172773","NAME":"UNKNOWN172773","CITY":"FRONT ROYAL","STATE":"VA","COUNTY":"WARREN","TYPE":"SUBSTATION","STATUS":"IN SERVICE","LATITUDE":38.987526000000059,"LONGITUDE":-78.166525999999976,"LINES":-999999,"MAX_VOLT":-999999,"MIN_VOLT":-999999,"SOURCE":"IMAGERY","SOURCEDATE":1586736000000,"VAL_METHOD":"IMAGERY","VAL_DATE":1586736000000}},{"type":"Feature","geometry":{"type":"Point","coordinates":[-78.1724180000013,38.9986770000031]},"properties":{"ID":"172774","NAME":"UNKNOWN172774","CITY":"FRONT ROYAL","STATE":"VA","COUNTY":"WARREN","TYPE":"SUBSTATION","STATUS":"IN SERVICE","LATITUDE":38.998677000000043,"LONGITUDE":-78.172417999999936,"LINES":-999999,"MAX_VOLT":-999999,"MIN_VOLT":-999999,"SOURCE":"IMAGERY","SOURCEDATE":1586736000000,"VAL_METHOD":"IMAGERY","VAL_DATE":1586736000000}},{"type":"Feature","geometry":{"type":"Point","coordinates":[-78.1755080000013,39.1628570000031]},"properties":{"ID":"172775","NAME":"UNKNOWN172775","CITY":"WINCHESTER","STATE":"VA","COUNTY":"WINCHESTER","TYPE":"SUBSTATION","STATUS":"IN SERVICE","LATITUDE":39.162857000000031,"LONGITUDE":-78.175507999999979,"LINES":-999999,"MAX_VOLT":-999999,"MIN_VOLT":-999999,"SOURCE":"IMAGERY","SOURCEDATE":1586736000000,"VAL_METHOD":"IMAGERY","VAL_DATE":1586736000000}},{"type":"Feature","geometry":{"type":"Point","coordinates":[-77.9047400000013,39.0666620000032]},"properties":{"ID":"173132","NAME":"UNKNOWN173132","CITY":"BLUEMONT","STATE":"VA","COUNTY":"CLARKE","TYPE":"SUBSTATION","STATUS":"IN SERVICE","LATITUDE":39.066662000000065,"LONGITUDE":-77.904739999999947,"LINES":-999999,"MAX_VOLT":-999999,"MIN_VOLT":-999999,"SOURCE":"IMAGERY","SOURCEDATE":1586736000000,"VAL_METHOD":"IMAGERY","VAL_DATE":1586736000000}},{"type":"Feature","geometry":{"type":"Point","coordinates":[-80.7635520000015,37.3466170000031]},"properties":{"ID":"173133","NAME":"CELANESE ACETATE LLC","CITY":"NARROWS","STATE":"VA","COUNTY":"GILES","TYPE":"SUBSTATION","STATUS":"IN SERVICE","LATITUDE":37.346617000000037,"LONGITUDE":-80.763551999999947,"LINES":-999999,"MAX_VOLT":-999999,"MIN_VOLT":-999999,"SOURCE":"IMAGERY, EIA 860","SOURCEDATE":1586736000000,"VAL_METHOD":"IMAGERY","VAL_DATE":1622505600000}},{"type":"Feature","geometry":{"type":"Point","coordinates":[-77.2722160000013,37.3034220000033]},"properties":{"ID":"173134","NAME":"UNKNOWN173134","CITY":"HOPEWELL","STATE":"VA","COUNTY":"HOPEWELL","TYPE":"SUBSTATION","STATUS":"IN SERVICE","LATITUDE":37.303422000000069,"LONGITUDE":-77.272215999999958,"LINES":-999999,"MAX_VOLT":-999999,"MIN_VOLT":-999999,"SOURCE":"IMAGERY","SOURCEDATE":1586736000000,"VAL_METHOD":"IMAGERY","VAL_DATE":1586736000000}},{"type":"Feature","geometry":{"type":"Point","coordinates":[-77.8847300000013,39.0600030000032]},"properties":{"ID":"173135","NAME":"UNKNOWN173135","CITY":"BLUEMONT","STATE":"VA","COUNTY":"LOUDOUN","TYPE":"SUBSTATION","STATUS":"IN SERVICE","LATITUDE":39.060003000000052,"LONGITUDE":-77.884729999999934,"LINES":-999999,"MAX_VOLT":-999999,"MIN_VOLT":-999999,"SOURCE":"IMAGERY","SOURCEDATE":1586736000000,"VAL_METHOD":"IMAGERY","VAL_DATE":1586736000000}},{"type":"Feature","geometry":{"type":"Point","coordinates":[-77.4490410000013,38.9735900000032]},"properties":{"ID":"173136","NAME":"UNKNOWN173136","CITY":"STERLING","STATE":"VA","COUNTY":"LOUDOUN","TYPE":"SUBSTATION","STATUS":"IN SERVICE","LATITUDE":38.973590000000058,"LONGITUDE":-77.449040999999966,"LINES":-999999,"MAX_VOLT":-999999,"MIN_VOLT":-999999,"SOURCE":"IMAGERY","SOURCEDATE":1586736000000,"VAL_METHOD":"IMAGERY","VAL_DATE":1586736000000}},{"type":"Feature","geometry":{"type":"Point","coordinates":[-80.5251880000015,37.1858110000031]},"properties":{"ID":"173137","NAME":"UNKNOWN173137","CITY":"CHRISTIANSBURG","STATE":"VA","COUNTY":"MONTGOMERY","TYPE":"SUBSTATION","STATUS":"IN SERVICE","LATITUDE":37.185811000000058,"LONGITUDE":-80.525187999999957,"LINES":-999999,"MAX_VOLT":-999999,"MIN_VOLT":-999999,"SOURCE":"IMAGERY","SOURCEDATE":1586736000000,"VAL_METHOD":"IMAGERY","VAL_DATE":1586736000000}},{"type":"Feature","geometry":{"type":"Point","coordinates":[-80.5427020000015,37.1801210000031]},"properties":{"ID":"173138","NAME":"RADFORD ARMY AMMUNITION PLANT","CITY":"RADFORD","STATE":"VA","COUNTY":"MONTGOMERY","TYPE":"SUBSTATION","STATUS":"IN SERVICE","LATITUDE":37.180121000000042,"LONGITUDE":-80.542701999999963,"LINES":-999999,"MAX_VOLT":-999999,"MIN_VOLT":-999999,"SOURCE":"IMAGERY, EIA 860","SOURCEDATE":1586736000000,"VAL_METHOD":"IMAGERY","VAL_DATE":1622505600000}},{"type":"Feature","geometry":{"type":"Point","coordinates":[-75.9162330000012,37.3663080000033]},"properties":{"ID":"173139","NAME":"UNKNOWN173139","CITY":"CAPE CHARLES","STATE":"VA","COUNTY":"NORTHAMPTON","TYPE":"SUBSTATION","STATUS":"IN SERVICE","LATITUDE":37.36630800000006,"LONGITUDE":-75.916232999999977,"LINES":-999999,"MAX_VOLT":-999999,"MIN_VOLT":-999999,"SOURCE":"IMAGERY","SOURCEDATE":1586736000000,"VAL_METHOD":"IMAGERY","VAL_DATE":1586736000000}},{"type":"Feature","geometry":{"type":"Point","coordinates":[-80.5638330000015,37.1886220000032]},"properties":{"ID":"173140","NAME":"UNKNOWN173140","CITY":"BLACKSBURG","STATE":"VA","COUNTY":"PULASKI","TYPE":"SUBSTATION","STATUS":"IN SERVICE","LATITUDE":37.188622000000066,"LONGITUDE":-80.563832999999988,"LINES":-999999,"MAX_VOLT":-999999,"MIN_VOLT":-999999,"SOURCE":"IMAGERY","SOURCEDATE":1586736000000,"VAL_METHOD":"IMAGERY","VAL_DATE":1586736000000}},{"type":"Feature","geometry":{"type":"Point","coordinates":[-79.9348340000015,37.2727650000032]},"properties":{"ID":"173141","NAME":"UNKNOWN173141","CITY":"ROANOKE","STATE":"VA","COUNTY":"ROANOKE","TYPE":"SUBSTATION","STATUS":"IN SERVICE","LATITUDE":37.272765000000049,"LONGITUDE":-79.934833999999967,"LINES":-999999,"MAX_VOLT":-999999,"MIN_VOLT":-999999,"SOURCE":"IMAGERY","SOURCEDATE":1586736000000,"VAL_METHOD":"IMAGERY","VAL_DATE":1586736000000}},{"type":"Feature","geometry":{"type":"Point","coordinates":[-78.8798110000014,38.0622270000032]},"properties":{"ID":"173142","NAME":"UNKNOWN173142","CITY":"WAYNESBORO","STATE":"VA","COUNTY":"WAYNESBORO","TYPE":"SUBSTATION","STATUS":"IN SERVICE","LATITUDE":38.062227000000064,"LONGITUDE":-78.879810999999961,"LINES":-999999,"MAX_VOLT":-999999,"MIN_VOLT":-999999,"SOURCE":"IMAGERY","SOURCEDATE":1586736000000,"VAL_METHOD":"IMAGERY","VAL_DATE":1586736000000}},{"type":"Feature","geometry":{"type":"Point","coordinates":[-82.7752950000017,36.871765000003]},"properties":{"ID":"173143","NAME":"UNKNOWN173143","CITY":"BIG STONE GAP","STATE":"VA","COUNTY":"WISE","TYPE":"SUBSTATION","STATUS":"IN SERVICE","LATITUDE":36.871765000000039,"LONGITUDE":-82.775294999999971,"LINES":-999999,"MAX_VOLT":-999999,"MIN_VOLT":-999999,"SOURCE":"IMAGERY","SOURCEDATE":1586736000000,"VAL_METHOD":"IMAGERY","VAL_DATE":1586736000000}},{"type":"Feature","geometry":{"type":"Point","coordinates":[-77.0751830360012,38.7813570870032]},"properties":{"ID":"173487","NAME":"BELLE HAVEN","CITY":"ALEXANDRIA","STATE":"VA","COUNTY":"FAIRFAX","TYPE":"SUBSTATION","STATUS":"NOT AVAILABLE","LATITUDE":38.78135708700006,"LONGITUDE":-77.075183035999942,"LINES":-999999,"MAX_VOLT":-999999,"MIN_VOLT":-999999,"SOURCE":"IMAGERY","SOURCEDATE":1588291200000,"VAL_METHOD":"IMAGERY","VAL_DATE":1588291200000}},{"type":"Feature","geometry":{"type":"Point","coordinates":[-77.1044577880012,38.8956742930032]},"properties":{"ID":"173488","NAME":"CHERRYDALE","CITY":"ARLINGTON","STATE":"VA","COUNTY":"ARLINGTON","TYPE":"SUBSTATION","STATUS":"NOT AVAILABLE","LATITUDE":38.89567429300007,"LONGITUDE":-77.104457787999934,"LINES":-999999,"MAX_VOLT":-999999,"MIN_VOLT":-999999,"SOURCE":"IMAGERY","SOURCEDATE":1588291200000,"VAL_METHOD":"IMAGERY","VAL_DATE":1588291200000}},{"type":"Feature","geometry":{"type":"Point","coordinates":[-76.4365800000012,37.0045585690033]},"properties":{"ID":"173489","NAME":"BRIARFIELD HILLS","CITY":"NEWPORT NEWS","STATE":"VA","COUNTY":"NEWPORT NEWS","TYPE":"SUBSTATION","STATUS":"NOT AVAILABLE","LATITUDE":37.004558569000039,"LONGITUDE":-76.436579999999935,"LINES":-999999,"MAX_VOLT":-999999,"MIN_VOLT":-999999,"SOURCE":"IMAGERY","SOURCEDATE":1588291200000,"VAL_METHOD":"IMAGERY","VAL_DATE":1588291200000}},{"type":"Feature","geometry":{"type":"Point","coordinates":[-76.5136120000012,37.9633660000033]},"properties":{"ID":"175441","NAME":"UNKNOWN175441","CITY":"LOTTSBURG","STATE":"VA","COUNTY":"NORTHUMBERLAND","TYPE":"SUBSTATION","STATUS":"NOT AVAILABLE","LATITUDE":37.963366000000065,"LONGITUDE":-76.513611999999966,"LINES":-999999,"MAX_VOLT":-999999,"MIN_VOLT":-999999,"SOURCE":"IMAGERY","SOURCEDATE":1605571200000,"VAL_METHOD":"IMAGERY","VAL_DATE":1605571200000}},{"type":"Feature","geometry":{"type":"Point","coordinates":[-76.7337140000012,38.0096980000033]},"properties":{"ID":"175442","NAME":"UNKNOWN175442","CITY":"WARSAW","STATE":"VA","COUNTY":"WESTMORELAND","TYPE":"SUBSTATION","STATUS":"NOT AVAILABLE","LATITUDE":38.009698000000071,"LONGITUDE":-76.733713999999964,"LINES":-999999,"MAX_VOLT":-999999,"MIN_VOLT":-999999,"SOURCE":"IMAGERY","SOURCEDATE":1605571200000,"VAL_METHOD":"IMAGERY","VAL_DATE":1605571200000}},{"type":"Feature","geometry":{"type":"Point","coordinates":[-76.7442430000012,37.9731740000032]},"properties":{"ID":"175443","NAME":"UNKNOWN175443","CITY":"WARSAW","STATE":"VA","COUNTY":"RICHMOND","TYPE":"SUBSTATION","STATUS":"NOT AVAILABLE","LATITUDE":37.973174000000029,"LONGITUDE":-76.744242999999983,"LINES":-999999,"MAX_VOLT":-999999,"MIN_VOLT":-999999,"SOURCE":"IMAGERY","SOURCEDATE":1605571200000,"VAL_METHOD":"IMAGERY","VAL_DATE":1605571200000}},{"type":"Feature","geometry":{"type":"Point","coordinates":[-76.6518310000012,37.2644580000032]},"properties":{"ID":"175444","NAME":"DEADEND175444","CITY":"WILLIAMSBURG","STATE":"VA","COUNTY":"YORK","TYPE":"DEAD END","STATUS":"NOT AVAILABLE","LATITUDE":37.264458000000047,"LONGITUDE":-76.651830999999959,"LINES":1,"MAX_VOLT":-999999,"MIN_VOLT":-999999,"SOURCE":"IMAGERY","SOURCEDATE":1605571200000,"VAL_METHOD":"IMAGERY","VAL_DATE":1605571200000}},{"type":"Feature","geometry":{"type":"Point","coordinates":[-76.6198610000012,37.2797950000032]},"properties":{"ID":"175445","NAME":"DEADEND175445","CITY":"WILLIAMSBURG","STATE":"VA","COUNTY":"YORK","TYPE":"DEAD END","STATUS":"NOT AVAILABLE","LATITUDE":37.279795000000036,"LONGITUDE":-76.619860999999958,"LINES":1,"MAX_VOLT":-999999,"MIN_VOLT":-999999,"SOURCE":"IMAGERY","SOURCEDATE":1605571200000,"VAL_METHOD":"IMAGERY","VAL_DATE":1605571200000}},{"type":"Feature","geometry":{"type":"Point","coordinates":[-76.2509740000012,36.6999510000033]},"properties":{"ID":"175446","NAME":"UNKNOWN175446","CITY":"CHESAPEAKE","STATE":"VA","COUNTY":"CHESAPEAKE","TYPE":"SUBSTATION","STATUS":"NOT AVAILABLE","LATITUDE":36.699951000000056,"LONGITUDE":-76.250973999999985,"LINES":2,"MAX_VOLT":115,"MIN_VOLT":115,"SOURCE":"IMAGERY","SOURCEDATE":1605571200000,"VAL_METHOD":"IMAGERY","VAL_DATE":1605571200000}},{"type":"Feature","geometry":{"type":"Point","coordinates":[-77.4665304930012,39.0052296070032]},"properties":{"ID":"175447","NAME":"UNKNOWN175447","CITY":"ASHBURN","STATE":"VA","COUNTY":"LOUDOUN","TYPE":"SUBSTATION","STATUS":"NOT AVAILABLE","LATITUDE":39.005229607000047,"LONGITUDE":-77.466530492999937,"LINES":4,"MAX_VOLT":-999999,"MIN_VOLT":-999999,"SOURCE":"IMAGERY","SOURCEDATE":1605571200000,"VAL_METHOD":"IMAGERY","VAL_DATE":1605571200000}},{"type":"Feature","geometry":{"type":"Point","coordinates":[-78.1742245840013,39.1621257060031]},"properties":{"ID":"175448","NAME":"UNKNOWN175448","CITY":"WINCHESTER","STATE":"VA","COUNTY":"WINCHESTER","TYPE":"SUBSTATION","STATUS":"NOT AVAILABLE","LATITUDE":39.16212570600004,"LONGITUDE":-78.174224583999944,"LINES":-999999,"MAX_VOLT":-999999,"MIN_VOLT":-999999,"SOURCE":"IMAGERY","SOURCEDATE":1605571200000,"VAL_METHOD":"IMAGERY","VAL_DATE":1605571200000}},{"type":"Feature","geometry":{"type":"Point","coordinates":[-78.2158330000013,39.1077530000032]},"properties":{"ID":"175449","NAME":"TAP175449","CITY":"WINCHESTER","STATE":"VA","COUNTY":"FREDERICK","TYPE":"TAP","STATUS":"NOT AVAILABLE","LATITUDE":39.107753000000059,"LONGITUDE":-78.215832999999975,"LINES":3,"MAX_VOLT":138,"MIN_VOLT":138,"SOURCE":"IMAGERY","SOURCEDATE":1605571200000,"VAL_METHOD":"IMAGERY","VAL_DATE":1605571200000}},{"type":"Feature","geometry":{"type":"Point","coordinates":[-78.1889630000013,39.0948860000031]},"properties":{"ID":"175450","NAME":"DEADEND175450","CITY":"STEPHENS CITY","STATE":"VA","COUNTY":"FREDERICK","TYPE":"DEAD END","STATUS":"NOT AVAILABLE","LATITUDE":39.094886000000031,"LONGITUDE":-78.188962999999944,"LINES":1,"MAX_VOLT":138,"MIN_VOLT":138,"SOURCE":"IMAGERY","SOURCEDATE":1605571200000,"VAL_METHOD":"IMAGERY","VAL_DATE":1605571200000}},{"type":"Feature","geometry":{"type":"Point","coordinates":[-78.9382056680014,38.4202509080032]},"properties":{"ID":"175451","NAME":"TAP175451","CITY":"DAYTON","STATE":"VA","COUNTY":"ROCKINGHAM","TYPE":"TAP","STATUS":"NOT AVAILABLE","LATITUDE":38.420250908000071,"LONGITUDE":-78.938205667999966,"LINES":3,"MAX_VOLT":-999999,"MIN_VOLT":-999999,"SOURCE":"IMAGERY","SOURCEDATE":1605571200000,"VAL_METHOD":"IMAGERY","VAL_DATE":1605571200000}},{"type":"Feature","geometry":{"type":"Point","coordinates":[-78.8399857620014,38.4174594820031]},"properties":{"ID":"175452","NAME":"UNKNOWN175452","CITY":"HARRISONBURG","STATE":"VA","COUNTY":"HARRISONBURG","TYPE":"SUBSTATION","STATUS":"NOT AVAILABLE","LATITUDE":38.417459482000027,"LONGITUDE":-78.839985761999969,"LINES":1,"MAX_VOLT":-999999,"MIN_VOLT":-999999,"SOURCE":"IMAGERY","SOURCEDATE":1605571200000,"VAL_METHOD":"IMAGERY","VAL_DATE":1605571200000}},{"type":"Feature","geometry":{"type":"Point","coordinates":[-78.9197260000014,38.7524270000031]},"properties":{"ID":"175453","NAME":"UNKNOWN175453","CITY":"BERGTON","STATE":"VA","COUNTY":"ROCKINGHAM","TYPE":"SUBSTATION","STATUS":"NOT AVAILABLE","LATITUDE":38.752427000000068,"LONGITUDE":-78.919725999999969,"LINES":1,"MAX_VOLT":-999999,"MIN_VOLT":-999999,"SOURCE":"IMAGERY","SOURCEDATE":1605571200000,"VAL_METHOD":"IMAGERY","VAL_DATE":1605571200000}},{"type":"Feature","geometry":{"type":"Point","coordinates":[-78.8805116170014,38.4297282130031]},"properties":{"ID":"175454","NAME":"TAP175454","CITY":"HARRISONBURG","STATE":"VA","COUNTY":"HARRISONBURG","TYPE":"TAP","STATUS":"NOT AVAILABLE","LATITUDE":38.429728213000033,"LONGITUDE":-78.880511616999968,"LINES":3,"MAX_VOLT":-999999,"MIN_VOLT":-999999,"SOURCE":"IMAGERY","SOURCEDATE":1605571200000,"VAL_METHOD":"IMAGERY","VAL_DATE":1605571200000}},{"type":"Feature","geometry":{"type":"Point","coordinates":[-78.7825970000014,37.5070120000032]},"properties":{"ID":"175455","NAME":"UNKNOWN175455","CITY":"GLADSTONE","STATE":"VA","COUNTY":"APPOMATTOX","TYPE":"SUBSTATION","STATUS":"NOT AVAILABLE","LATITUDE":37.507012000000032,"LONGITUDE":-78.782596999999953,"LINES":1,"MAX_VOLT":-999999,"MIN_VOLT":-999999,"SOURCE":"IMAGERY","SOURCEDATE":1605571200000,"VAL_METHOD":"IMAGERY","VAL_DATE":1605571200000}},{"type":"Feature","geometry":{"type":"Point","coordinates":[-79.0826900000014,37.5115840000031]},"properties":{"ID":"175456","NAME":"TAP175456","CITY":"AMHERST","STATE":"VA","COUNTY":"AMHERST","TYPE":"TAP","STATUS":"NOT AVAILABLE","LATITUDE":37.511584000000028,"LONGITUDE":-79.082689999999957,"LINES":3,"MAX_VOLT":-999999,"MIN_VOLT":-999999,"SOURCE":"IMAGERY","SOURCEDATE":1605571200000,"VAL_METHOD":"IMAGERY","VAL_DATE":1605571200000}},{"type":"Feature","geometry":{"type":"Point","coordinates":[-79.0570310000014,37.4947880000032]},"properties":{"ID":"175457","NAME":"UNKNOWN175457","CITY":"AMHERST","STATE":"VA","COUNTY":"AMHERST","TYPE":"SUBSTATION","STATUS":"NOT AVAILABLE","LATITUDE":37.494788000000028,"LONGITUDE":-79.057030999999938,"LINES":1,"MAX_VOLT":-999999,"MIN_VOLT":-999999,"SOURCE":"IMAGERY","SOURCEDATE":1605571200000,"VAL_METHOD":"IMAGERY","VAL_DATE":1605571200000}},{"type":"Feature","geometry":{"type":"Point","coordinates":[-79.6793650000015,37.5403770000031]},"properties":{"ID":"175458","NAME":"TAP175458","CITY":"BUCHANAN","STATE":"VA","COUNTY":"BOTETOURT","TYPE":"TAP","STATUS":"NOT AVAILABLE","LATITUDE":37.540377000000035,"LONGITUDE":-79.679364999999962,"LINES":3,"MAX_VOLT":-999999,"MIN_VOLT":-999999,"SOURCE":"IMAGERY","SOURCEDATE":1605657600000,"VAL_METHOD":"IMAGERY","VAL_DATE":1605657600000}},{"type":"Feature","geometry":{"type":"Point","coordinates":[-79.6786820590015,37.5351386910031]},"properties":{"ID":"175459","NAME":"UNKNOWN175459","CITY":"BUCHANAN","STATE":"VA","COUNTY":"BOTETOURT","TYPE":"SUBSTATION","STATUS":"NOT AVAILABLE","LATITUDE":37.535138691000043,"LONGITUDE":-79.678682058999982,"LINES":1,"MAX_VOLT":-999999,"MIN_VOLT":-999999,"SOURCE":"IMAGERY","SOURCEDATE":1605657600000,"VAL_METHOD":"IMAGERY","VAL_DATE":1605657600000}},{"type":"Feature","geometry":{"type":"Point","coordinates":[-79.3125180000014,37.0940620000032]},"properties":{"ID":"175460","NAME":"TAP175460","CITY":"HURT","STATE":"VA","COUNTY":"PITTSYLVANIA","TYPE":"TAP","STATUS":"NOT AVAILABLE","LATITUDE":37.094062000000065,"LONGITUDE":-79.312517999999955,"LINES":3,"MAX_VOLT":-999999,"MIN_VOLT":-999999,"SOURCE":"IMAGERY","SOURCEDATE":1605657600000,"VAL_METHOD":"IMAGERY","VAL_DATE":1605657600000}},{"type":"Feature","geometry":{"type":"Point","coordinates":[-79.3104950000014,37.0959390000031]},"properties":{"ID":"175461","NAME":"UNKNOWN175461","CITY":"HURT","STATE":"VA","COUNTY":"PITTSYLVANIA","TYPE":"SUBSTATION","STATUS":"NOT AVAILABLE","LATITUDE":37.095939000000044,"LONGITUDE":-79.310494999999946,"LINES":1,"MAX_VOLT":-999999,"MIN_VOLT":-999999,"SOURCE":"IMAGERY","SOURCEDATE":1605657600000,"VAL_METHOD":"IMAGERY","VAL_DATE":1605657600000}},{"type":"Feature","geometry":{"type":"Point","coordinates":[-79.2884997550014,37.0853362740032]},"properties":{"ID":"175462","NAME":"TAP175462","CITY":"HURT","STATE":"VA","COUNTY":"PITTSYLVANIA","TYPE":"TAP","STATUS":"NOT AVAILABLE","LATITUDE":37.085336274000042,"LONGITUDE":-79.288499754999975,"LINES":3,"MAX_VOLT":115,"MIN_VOLT":-999999,"SOURCE":"IMAGERY","SOURCEDATE":1605657600000,"VAL_METHOD":"IMAGERY","VAL_DATE":1605657600000}},{"type":"Feature","geometry":{"type":"Point","coordinates":[-77.7110540000013,36.7610090000032]},"properties":{"ID":"175463","NAME":"UNKNOWN175463","CITY":"FREEMAN","STATE":"VA","COUNTY":"BRUNSWICK","TYPE":"SUBSTATION","STATUS":"NOT AVAILABLE","LATITUDE":36.761009000000058,"LONGITUDE":-77.711053999999933,"LINES":2,"MAX_VOLT":-999999,"MIN_VOLT":-999999,"SOURCE":"IMAGERY","SOURCEDATE":1605657600000,"VAL_METHOD":"IMAGERY","VAL_DATE":1605657600000}},{"type":"Feature","geometry":{"type":"Point","coordinates":[-77.7595353800013,36.9371404980032]},"properties":{"ID":"175464","NAME":"UNKNOWN175464","CITY":"WARFIELD","STATE":"VA","COUNTY":"BRUNSWICK","TYPE":"SUBSTATION","STATUS":"NOT AVAILABLE","LATITUDE":36.937140498000076,"LONGITUDE":-77.759535379999988,"LINES":3,"MAX_VOLT":500,"MIN_VOLT":-999999,"SOURCE":"IMAGERY","SOURCEDATE":1605657600000,"VAL_METHOD":"IMAGERY","VAL_DATE":1605657600000}},{"type":"Feature","geometry":{"type":"Point","coordinates":[-78.5926820000014,37.5509880000032]},"properties":{"ID":"175465","NAME":"UNKNOWN175465","CITY":"BUCKINGHAM","STATE":"VA","COUNTY":"BUCKINGHAM","TYPE":"SUBSTATION","STATUS":"NOT AVAILABLE","LATITUDE":37.550988000000075,"LONGITUDE":-78.592681999999968,"LINES":2,"MAX_VOLT":-999999,"MIN_VOLT":-999999,"SOURCE":"IMAGERY","SOURCEDATE":1605657600000,"VAL_METHOD":"IMAGERY","VAL_DATE":1605657600000}},{"type":"Feature","geometry":{"type":"Point","coordinates":[-78.9128020000014,37.9190190000031]},"properties":{"ID":"175466","NAME":"UNKNOWN175466","CITY":"NELLYSFORD","STATE":"VA","COUNTY":"NELSON","TYPE":"SUBSTATION","STATUS":"NOT AVAILABLE","LATITUDE":37.919019000000048,"LONGITUDE":-78.912801999999942,"LINES":2,"MAX_VOLT":-999999,"MIN_VOLT":-999999,"SOURCE":"IMAGERY","SOURCEDATE":1605657600000,"VAL_METHOD":"IMAGERY","VAL_DATE":1605657600000}},{"type":"Feature","geometry":{"type":"Point","coordinates":[-78.9131990000014,37.9187370000032]},"properties":{"ID":"175467","NAME":"TAP175467","CITY":"NELLYSFORD","STATE":"VA","COUNTY":"NELSON","TYPE":"TAP","STATUS":"NOT AVAILABLE","LATITUDE":37.918737000000078,"LONGITUDE":-78.913198999999963,"LINES":3,"MAX_VOLT":-999999,"MIN_VOLT":-999999,"SOURCE":"IMAGERY","SOURCEDATE":1605657600000,"VAL_METHOD":"IMAGERY","VAL_DATE":1605657600000}},{"type":"Feature","geometry":{"type":"Point","coordinates":[-78.9283720000014,37.9340170000031]},"properties":{"ID":"175468","NAME":"UNKNOWN175468","CITY":"ROSELAND","STATE":"VA","COUNTY":"NELSON","TYPE":"SUBSTATION","STATUS":"NOT AVAILABLE","LATITUDE":37.93401700000004,"LONGITUDE":-78.928371999999968,"LINES":1,"MAX_VOLT":-999999,"MIN_VOLT":-999999,"SOURCE":"IMAGERY","SOURCEDATE":1605657600000,"VAL_METHOD":"IMAGERY","VAL_DATE":1605657600000}},{"type":"Feature","geometry":{"type":"Point","coordinates":[-79.3944790000015,37.7798470000031]},"properties":{"ID":"175469","NAME":"TAP175469","CITY":"BUENA VISTA","STATE":"VA","COUNTY":"ROCKBRIDGE","TYPE":"TAP","STATUS":"NOT AVAILABLE","LATITUDE":37.779847000000075,"LONGITUDE":-79.39447899999999,"LINES":2,"MAX_VOLT":-999999,"MIN_VOLT":-999999,"SOURCE":"IMAGERY","SOURCEDATE":1605657600000,"VAL_METHOD":"IMAGERY","VAL_DATE":1605657600000}},{"type":"Feature","geometry":{"type":"Point","coordinates":[-79.3275420000014,37.8231490000031]},"properties":{"ID":"175470","NAME":"UNKNOWN175470","CITY":"BUENA VISTA","STATE":"VA","COUNTY":"ROCKBRIDGE","TYPE":"SUBSTATION","STATUS":"NOT AVAILABLE","LATITUDE":37.823149000000058,"LONGITUDE":-79.327541999999937,"LINES":1,"MAX_VOLT":-999999,"MIN_VOLT":-999999,"SOURCE":"IMAGERY","SOURCEDATE":1605657600000,"VAL_METHOD":"IMAGERY","VAL_DATE":1605657600000}},{"type":"Feature","geometry":{"type":"Point","coordinates":[-77.9307391850013,37.5762787590032]},"properties":{"ID":"175471","NAME":"TAP175471","CITY":"POWHATAN","STATE":"VA","COUNTY":"POWHATAN","TYPE":"TAP","STATUS":"NOT AVAILABLE","LATITUDE":37.576278759000047,"LONGITUDE":-77.930739184999936,"LINES":3,"MAX_VOLT":-999999,"MIN_VOLT":-999999,"SOURCE":"IMAGERY","SOURCEDATE":1605657600000,"VAL_METHOD":"IMAGERY","VAL_DATE":1605657600000}},{"type":"Feature","geometry":{"type":"Point","coordinates":[-77.9281150000013,37.5754220000032]},"properties":{"ID":"175472","NAME":"TAP175472","CITY":"POWHATAN","STATE":"VA","COUNTY":"POWHATAN","TYPE":"TAP","STATUS":"NOT AVAILABLE","LATITUDE":37.57542200000006,"LONGITUDE":-77.928114999999934,"LINES":2,"MAX_VOLT":-999999,"MIN_VOLT":-999999,"SOURCE":"IMAGERY","SOURCEDATE":1605657600000,"VAL_METHOD":"IMAGERY","VAL_DATE":1605657600000}},{"type":"Feature","geometry":{"type":"Point","coordinates":[-77.9437254540013,37.5491927090032]},"properties":{"ID":"175473","NAME":"TAP175473","CITY":"POWHATAN","STATE":"VA","COUNTY":"POWHATAN","TYPE":"TAP","STATUS":"NOT AVAILABLE","LATITUDE":37.549192709000067,"LONGITUDE":-77.943725453999946,"LINES":3,"MAX_VOLT":-999999,"MIN_VOLT":-999999,"SOURCE":"IMAGERY","SOURCEDATE":1605657600000,"VAL_METHOD":"IMAGERY","VAL_DATE":1605657600000}},{"type":"Feature","geometry":{"type":"Point","coordinates":[-76.8397070000013,37.8116300000032]},"properties":{"ID":"175474","NAME":"UNKNOWN175474","CITY":"DUNNSVILLE","STATE":"VA","COUNTY":"ESSEX","TYPE":"SUBSTATION","STATUS":"NOT AVAILABLE","LATITUDE":37.811630000000036,"LONGITUDE":-76.839706999999976,"LINES":1,"MAX_VOLT":-999999,"MIN_VOLT":-999999,"SOURCE":"IMAGERY","SOURCEDATE":1605657600000,"VAL_METHOD":"IMAGERY","VAL_DATE":1605657600000}},{"type":"Feature","geometry":{"type":"Point","coordinates":[-77.0568020000012,38.0775840000032]},"properties":{"ID":"175475","NAME":"UNKNOWN175475","CITY":"LORETTO","STATE":"VA","COUNTY":"ESSEX","TYPE":"SUBSTATION","STATUS":"NOT AVAILABLE","LATITUDE":38.077584000000058,"LONGITUDE":-77.056801999999948,"LINES":1,"MAX_VOLT":-999999,"MIN_VOLT":-999999,"SOURCE":"IMAGERY","SOURCEDATE":1605657600000,"VAL_METHOD":"IMAGERY","VAL_DATE":1605657600000}},{"type":"Feature","geometry":{"type":"Point","coordinates":[-78.3832655380014,38.2116115160032]},"properties":{"ID":"175476","NAME":"TAP175476","CITY":"RUCKERSVILLE","STATE":"VA","COUNTY":"GREENE","TYPE":"TAP","STATUS":"NOT AVAILABLE","LATITUDE":38.211611516000062,"LONGITUDE":-78.383265537999989,"LINES":3,"MAX_VOLT":-999999,"MIN_VOLT":-999999,"SOURCE":"IMAGERY","SOURCEDATE":1605657600000,"VAL_METHOD":"IMAGERY","VAL_DATE":1605657600000}},{"type":"Feature","geometry":{"type":"Point","coordinates":[-78.2996240000013,38.3476430000032]},"properties":{"ID":"175477","NAME":"TAP175477","CITY":"MADISON","STATE":"VA","COUNTY":"MADISON","TYPE":"TAP","STATUS":"NOT AVAILABLE","LATITUDE":38.347643000000062,"LONGITUDE":-78.299623999999937,"LINES":3,"MAX_VOLT":-999999,"MIN_VOLT":-999999,"SOURCE":"IMAGERY","SOURCEDATE":1605657600000,"VAL_METHOD":"IMAGERY","VAL_DATE":1605657600000}},{"type":"Feature","geometry":{"type":"Point","coordinates":[-78.3314220000014,38.3497630000032]},"properties":{"ID":"175478","NAME":"TAP175478","CITY":"MADISON","STATE":"VA","COUNTY":"MADISON","TYPE":"TAP","STATUS":"NOT AVAILABLE","LATITUDE":38.349763000000053,"LONGITUDE":-78.331421999999975,"LINES":2,"MAX_VOLT":-999999,"MIN_VOLT":-999999,"SOURCE":"IMAGERY","SOURCEDATE":1605657600000,"VAL_METHOD":"IMAGERY","VAL_DATE":1605657600000}},{"type":"Feature","geometry":{"type":"Point","coordinates":[-78.3313650000013,38.3497630000032]},"properties":{"ID":"175479","NAME":"TAP175479","CITY":"MADISON","STATE":"VA","COUNTY":"MADISON","TYPE":"TAP","STATUS":"NOT AVAILABLE","LATITUDE":38.349763000000053,"LONGITUDE":-78.331364999999948,"LINES":3,"MAX_VOLT":-999999,"MIN_VOLT":-999999,"SOURCE":"IMAGERY","SOURCEDATE":1605657600000,"VAL_METHOD":"IMAGERY","VAL_DATE":1605657600000}},{"type":"Feature","geometry":{"type":"Point","coordinates":[-78.6145750000013,38.5279950000031]},"properties":{"ID":"175480","NAME":"TAP175480","CITY":"SHENANDOAH","STATE":"VA","COUNTY":"PAGE","TYPE":"TAP","STATUS":"NOT AVAILABLE","LATITUDE":38.527995000000033,"LONGITUDE":-78.614574999999945,"LINES":3,"MAX_VOLT":-999999,"MIN_VOLT":-999999,"SOURCE":"IMAGERY","SOURCEDATE":1605744000000,"VAL_METHOD":"IMAGERY","VAL_DATE":1605744000000}},{"type":"Feature","geometry":{"type":"Point","coordinates":[-78.5938305090014,38.5720118950032]},"properties":{"ID":"175481","NAME":"TAP175481","CITY":"SHENANDOAH","STATE":"VA","COUNTY":"PAGE","TYPE":"TAP","STATUS":"NOT AVAILABLE","LATITUDE":38.57201189500006,"LONGITUDE":-78.593830508999986,"LINES":3,"MAX_VOLT":-999999,"MIN_VOLT":-999999,"SOURCE":"IMAGERY","SOURCEDATE":1605744000000,"VAL_METHOD":"IMAGERY","VAL_DATE":1605744000000}},{"type":"Feature","geometry":{"type":"Point","coordinates":[-78.5938281300013,38.5717953640031]},"properties":{"ID":"175482","NAME":"NEWPORT HYDRO STATION","CITY":"SHENANDOAH","STATE":"VA","COUNTY":"PAGE","TYPE":"SUBSTATION","STATUS":"NOT AVAILABLE","LATITUDE":38.571795364000025,"LONGITUDE":-78.593828129999963,"LINES":2,"MAX_VOLT":-999999,"MIN_VOLT":-999999,"SOURCE":"IMAGERY","SOURCEDATE":1605744000000,"VAL_METHOD":"IMAGERY","VAL_DATE":1622505600000}},{"type":"Feature","geometry":{"type":"Point","coordinates":[-78.4742680000013,38.6697690000031]},"properties":{"ID":"175483","NAME":"TAP175483","CITY":"LURAY","STATE":"VA","COUNTY":"PAGE","TYPE":"TAP","STATUS":"NOT AVAILABLE","LATITUDE":38.669769000000031,"LONGITUDE":-78.474267999999938,"LINES":3,"MAX_VOLT":-999999,"MIN_VOLT":-999999,"SOURCE":"IMAGERY","SOURCEDATE":1605744000000,"VAL_METHOD":"IMAGERY","VAL_DATE":1605744000000}},{"type":"Feature","geometry":{"type":"Point","coordinates":[-78.4989623140014,38.6767314240031]},"properties":{"ID":"175484","NAME":"LURAY HYDRO STATION","CITY":"LURAY","STATE":"VA","COUNTY":"PAGE","TYPE":"SUBSTATION","STATUS":"NOT AVAILABLE","LATITUDE":38.676731424000025,"LONGITUDE":-78.498962313999982,"LINES":2,"MAX_VOLT":-999999,"MIN_VOLT":-999999,"SOURCE":"IMAGERY","SOURCEDATE":1605744000000,"VAL_METHOD":"IMAGERY","VAL_DATE":1622505600000}},{"type":"Feature","geometry":{"type":"Point","coordinates":[-77.4843392750013,37.2315817070032]},"properties":{"ID":"175485","NAME":"RISER175485","CITY":"PETERSBURG","STATE":"VA","COUNTY":"CHESTERFIELD","TYPE":"RISER","STATUS":"NOT AVAILABLE","LATITUDE":37.231581707000032,"LONGITUDE":-77.484339274999968,"LINES":1,"MAX_VOLT":-999999,"MIN_VOLT":-999999,"SOURCE":"IMAGERY","SOURCEDATE":1605744000000,"VAL_METHOD":"IMAGERY","VAL_DATE":1605744000000}},{"type":"Feature","geometry":{"type":"Point","coordinates":[-77.7820761940013,38.2497261300032]},"properties":{"ID":"175811","NAME":"UNKNOWN175811","CITY":"LOCUST GROVE","STATE":"VA","COUNTY":"SPOTSYLVANIA","TYPE":"SUBSTATION","STATUS":"NOT AVAILABLE","LATITUDE":38.249726130000056,"LONGITUDE":-77.782076193999956,"LINES":-999999,"MAX_VOLT":-999999,"MIN_VOLT":-999999,"SOURCE":"IMAGERY","SOURCEDATE":1609891200000,"VAL_METHOD":"IMAGERY","VAL_DATE":1609891200000}},{"type":"Feature","geometry":{"type":"Point","coordinates":[-77.5073830000013,38.7327360000032]},"properties":{"ID":"175880","NAME":"UNKNOWN175880","CITY":"PRINCE WILLIAM","STATE":"VA","COUNTY":"PRINCE WILLIAM","TYPE":"SUBSTATION","STATUS":"NOT AVAILABLE","LATITUDE":38.732736000000045,"LONGITUDE":-77.507382999999948,"LINES":2,"MAX_VOLT":230,"MIN_VOLT":230,"SOURCE":"IMAGERY","SOURCEDATE":1622505600000,"VAL_METHOD":"IMAGERY","VAL_DATE":1622505600000}},{"type":"Feature","geometry":{"type":"Point","coordinates":[-77.2586110000013,37.2943480000032]},"properties":{"ID":"175911","NAME":"UNKNOWN175911","CITY":"HOPEWELL (CITY)","STATE":"VA","COUNTY":"HOPEWELL","TYPE":"SUBSTATION","STATUS":"NOT AVAILABLE","LATITUDE":37.29434800000007,"LONGITUDE":-77.258610999999974,"LINES":-999999,"MAX_VOLT":-999999,"MIN_VOLT":-999999,"SOURCE":"IMAGERY","SOURCEDATE":1622505600000,"VAL_METHOD":"IMAGERY","VAL_DATE":1622505600000}},{"type":"Feature","geometry":{"type":"Point","coordinates":[-77.5103490000013,38.7477180000032]},"properties":{"ID":"175912","NAME":"UNKNOWN175912","CITY":"MANASSAS (CITY)","STATE":"VA","COUNTY":"MANASSAS","TYPE":"SUBSTATION","STATUS":"NOT AVAILABLE","LATITUDE":38.747718000000077,"LONGITUDE":-77.510348999999962,"LINES":4,"MAX_VOLT":115,"MIN_VOLT":115,"SOURCE":"IMAGERY","SOURCEDATE":1622505600000,"VAL_METHOD":"IMAGERY","VAL_DATE":1622505600000}},{"type":"Feature","geometry":{"type":"Point","coordinates":[-77.5128280000013,38.7546560000032]},"properties":{"ID":"175913","NAME":"UNKNOWN175913","CITY":"PRINCE WILLIAM","STATE":"VA","COUNTY":"PRINCE WILLIAM","TYPE":"SUBSTATION","STATUS":"NOT AVAILABLE","LATITUDE":38.754656000000068,"LONGITUDE":-77.512827999999956,"LINES":2,"MAX_VOLT":230,"MIN_VOLT":230,"SOURCE":"IMAGERY","SOURCEDATE":1622505600000,"VAL_METHOD":"IMAGERY","VAL_DATE":1622505600000}}]}